-- phpMyAdmin SQL Dump
-- version 5.2.1
-- https://www.phpmyadmin.net/
--
-- Host: 127.0.0.1:3306
-- Generation Time: Apr 22, 2026 at 04:54 AM
-- Server version: 9.1.0
-- PHP Version: 8.2.26

SET SQL_MODE = "NO_AUTO_VALUE_ON_ZERO";
START TRANSACTION;
SET time_zone = "+00:00";


/*!40101 SET @OLD_CHARACTER_SET_CLIENT=@@CHARACTER_SET_CLIENT */;
/*!40101 SET @OLD_CHARACTER_SET_RESULTS=@@CHARACTER_SET_RESULTS */;
/*!40101 SET @OLD_COLLATION_CONNECTION=@@COLLATION_CONNECTION */;
/*!40101 SET NAMES utf8mb4 */;

--
-- Database: `g_feast_empty`
--

-- --------------------------------------------------------

--
-- Table structure for table `form`
--

DROP TABLE IF EXISTS `form`;
CREATE TABLE IF NOT EXISTS `form` (
  `id` int UNSIGNED NOT NULL AUTO_INCREMENT,
  `title` text CHARACTER SET utf8mb3 COLLATE utf8mb3_general_ci,
  `title_hindi` varchar(255) CHARACTER SET utf8mb3 COLLATE utf8mb3_general_ci DEFAULT NULL,
  `title_odiya` varchar(255) CHARACTER SET utf8mb3 COLLATE utf8mb3_general_ci DEFAULT NULL,
  `description` text CHARACTER SET utf8mb3 COLLATE utf8mb3_general_ci,
  `type` varchar(255) CHARACTER SET utf8mb3 COLLATE utf8mb3_general_ci DEFAULT NULL,
  `pic_min` int DEFAULT NULL,
  `pic_max` int DEFAULT NULL,
  `location` tinyint(1) DEFAULT '0',
  `added_by` int UNSIGNED DEFAULT NULL,
  `datetime` datetime DEFAULT NULL,
  `ip_address` varchar(100) CHARACTER SET utf8mb3 COLLATE utf8mb3_general_ci DEFAULT NULL,
  `dormant` text CHARACTER SET utf8mb3 COLLATE utf8mb3_general_ci,
  `status` tinyint(1) DEFAULT '1',
  PRIMARY KEY (`id`)
) ENGINE=InnoDB AUTO_INCREMENT=5 DEFAULT CHARSET=latin1;

--
-- Dumping data for table `form`
--

INSERT INTO `form` (`id`, `title`, `title_hindi`, `title_odiya`, `description`, `type`, `pic_min`, `pic_max`, `location`, `added_by`, `datetime`, `ip_address`, `dormant`, `status`) VALUES
(1, 'Focus Group Discussions (FGD)', NULL, NULL, 'Focus Group Discussions (FGD)', 'Registration', NULL, NULL, 1, 1, '2024-06-20 00:00:00', '127.0.0.1', NULL, 1),
(4, 'Individual Farmer Interview (IFI)', NULL, NULL, 'Individual Farmer Interview (IFI)', 'Registration', NULL, NULL, 1, 1, '2024-06-27 00:00:00', '127.0.0.1', NULL, 1);

-- --------------------------------------------------------

--
-- Table structure for table `form_field`
--

DROP TABLE IF EXISTS `form_field`;
CREATE TABLE IF NOT EXISTS `form_field` (
  `field_id` int UNSIGNED NOT NULL AUTO_INCREMENT,
  `form_id` int UNSIGNED DEFAULT NULL,
  `fieldvalue_set` tinyint(1) DEFAULT NULL,
  `type` varchar(100) CHARACTER SET utf8mb3 COLLATE utf8mb3_general_ci DEFAULT NULL,
  `required` varchar(30) CHARACTER SET utf8mb3 COLLATE utf8mb3_general_ci DEFAULT NULL,
  `label` varchar(300) CHARACTER SET utf8mb3 COLLATE utf8mb3_general_ci DEFAULT NULL,
  `label_hindi` varchar(255) CHARACTER SET utf8mb3 COLLATE utf8mb3_general_ci DEFAULT NULL,
  `label_odiya` varchar(255) CHARACTER SET utf8mb3 COLLATE utf8mb3_general_ci DEFAULT NULL,
  `description` varchar(300) CHARACTER SET utf8mb3 COLLATE utf8mb3_general_ci DEFAULT NULL,
  `name` varchar(300) CHARACTER SET utf8mb3 COLLATE utf8mb3_general_ci DEFAULT NULL,
  `subtype` varchar(100) CHARACTER SET utf8mb3 COLLATE utf8mb3_general_ci DEFAULT NULL,
  `maxlength` int DEFAULT NULL,
  `min_val` int DEFAULT NULL COMMENT 'To check for the minimum value',
  `max_val` int DEFAULT NULL COMMENT 'To check for the maximum value',
  `className` varchar(100) CHARACTER SET utf8mb3 COLLATE utf8mb3_general_ci DEFAULT NULL,
  `inline` varchar(300) CHARACTER SET utf8mb3 COLLATE utf8mb3_general_ci DEFAULT NULL,
  `multiple` varchar(30) CHARACTER SET utf8mb3 COLLATE utf8mb3_general_ci DEFAULT NULL,
  `parent_id` varchar(100) CHARACTER SET utf8mb3 COLLATE utf8mb3_general_ci DEFAULT NULL,
  `parent_relation` varchar(255) CHARACTER SET utf8mb3 COLLATE utf8mb3_general_ci DEFAULT NULL,
  `parent_value` text CHARACTER SET utf8mb3 COLLATE utf8mb3_general_ci,
  `parent_multiple_value` varchar(255) CHARACTER SET utf8mb3 COLLATE utf8mb3_general_ci DEFAULT NULL,
  `child_id` text CHARACTER SET utf8mb3 COLLATE utf8mb3_general_ci,
  `field_count` int DEFAULT NULL,
  `slno` int DEFAULT NULL,
  `filter` tinyint(1) NOT NULL DEFAULT '0' COMMENT 'To check if field will be used as filter',
  `added_by` int UNSIGNED DEFAULT NULL,
  `added_datetime` datetime DEFAULT NULL,
  `ip_address` varchar(100) CHARACTER SET utf8mb3 COLLATE utf8mb3_general_ci DEFAULT NULL,
  `status` tinyint(1) DEFAULT '1',
  PRIMARY KEY (`field_id`),
  KEY `form_id` (`form_id`),
  KEY `form_id_2` (`form_id`),
  KEY `field_id` (`field_id`)
) ENGINE=InnoDB AUTO_INCREMENT=1491 DEFAULT CHARSET=latin1;

--
-- Dumping data for table `form_field`
--

INSERT INTO `form_field` (`field_id`, `form_id`, `fieldvalue_set`, `type`, `required`, `label`, `label_hindi`, `label_odiya`, `description`, `name`, `subtype`, `maxlength`, `min_val`, `max_val`, `className`, `inline`, `multiple`, `parent_id`, `parent_relation`, `parent_value`, `parent_multiple_value`, `child_id`, `field_count`, `slno`, `filter`, `added_by`, `added_datetime`, `ip_address`, `status`) VALUES
(501, 1, 1, 'tab', '1', 'General', 'General information', 'General information', NULL, 'text-2006202411', 'h4', NULL, NULL, NULL, 'form-control', NULL, NULL, NULL, NULL, NULL, NULL, '1191,1192,502,503,504,505,506,684,685,509,686,510,511,512,513,687', NULL, 8, 0, 1, '2024-06-20 00:00:00', '127.0.0.1', 1),
(502, 1, 1, 'text', '1', 'Venue', 'Venue', 'Venue', NULL, 'text-2006202412', 'text', 250, NULL, NULL, 'form-control', NULL, NULL, '501', NULL, NULL, NULL, NULL, NULL, 12, 0, 1, '2024-06-20 00:00:00', '127.0.0.1', 1),
(503, 1, 1, 'lkp_country', '1', 'Country', 'Country', 'Country', NULL, 'text-2006202413', NULL, NULL, NULL, NULL, 'form-control', NULL, NULL, '501', NULL, NULL, NULL, NULL, NULL, 13, 0, 1, '2024-06-20 00:00:00', '127.0.0.1', 1),
(504, 1, 1, 'lkp_major_region', NULL, 'Major region', 'Major region', 'Major region', NULL, 'text-2006202414', NULL, NULL, NULL, NULL, 'form-control', NULL, NULL, '501', NULL, NULL, NULL, NULL, NULL, 14, 0, 1, '2024-06-20 00:00:00', '127.0.0.1', 1),
(505, 1, 1, 'lkp_minor_region', NULL, 'Minor region', 'Minor region', 'Minor region', NULL, 'text-2006202415', NULL, NULL, NULL, NULL, 'form-control', NULL, NULL, '501', NULL, NULL, NULL, NULL, NULL, 15, 0, 1, '2024-06-20 00:00:00', '127.0.0.1', 1),
(506, 1, 1, 'text', NULL, 'Sub-region', 'Sub-region', 'Sub-region', NULL, 'text-2006202416', NULL, NULL, NULL, NULL, 'form-control', 'sub_region', NULL, '501', NULL, NULL, NULL, NULL, NULL, 16, 0, 1, '2024-06-20 00:00:00', '127.0.0.1', 1),
(507, 1, 1, 'select', '1', 'Number of households in the area', 'Number of households in the area', 'Number of households in the area', 'Note: To be considered a household, the dwelling must have a kitchen.', 'text-2006202426', NULL, NULL, NULL, NULL, 'form-control', NULL, NULL, '501', NULL, NULL, NULL, NULL, NULL, 26, 0, 1, '2024-06-20 00:00:00', '127.0.0.1', 0),
(508, 1, 1, 'select', '1', 'FGD type', 'FGD type', 'FGD type', NULL, 'text-2006202427', NULL, NULL, NULL, NULL, 'form-control', NULL, NULL, '501', NULL, NULL, NULL, NULL, NULL, 27, 0, 1, '2024-06-20 00:00:00', '127.0.0.1', 0),
(509, 1, 1, 'number', '1', 'Number of female participants', 'Number of female participants', 'Number of female participants', NULL, 'text-2006202428', 'number', 2, NULL, 12, 'form-control', NULL, NULL, '501', NULL, NULL, NULL, NULL, NULL, 27, 0, 1, '2024-06-20 00:00:00', '127.0.0.1', 1),
(510, 1, 1, 'date', '1', 'Meeting date', 'Meeting date', 'Meeting date', NULL, 'text-2006202429', 'h4', 15, NULL, NULL, 'form-control', NULL, NULL, '501', NULL, NULL, NULL, NULL, NULL, 30, 0, 1, '2024-06-20 00:00:00', '127.0.0.1', 1),
(511, 1, 1, 'time', '1', 'Start time', 'Start time', 'Start time', NULL, 'text-2006202430', 'h4', 15, NULL, NULL, 'form-control', NULL, NULL, '501', NULL, NULL, NULL, NULL, NULL, 31, 0, 1, '2024-06-20 00:00:00', '127.0.0.1', 1),
(512, 1, 1, 'time', '1', 'End time', 'End time', 'End time', NULL, 'text-2006202431', 'h4', 15, NULL, NULL, 'form-control', NULL, NULL, '501', NULL, NULL, NULL, NULL, NULL, 32, 0, 1, '2024-06-20 00:00:00', '127.0.0.1', 1),
(513, 1, 1, 'text', NULL, 'Other attendees', 'Other attendees', 'Other attendees', NULL, 'text-2006202432', NULL, 500, NULL, NULL, 'form-control', NULL, NULL, '501', NULL, NULL, NULL, NULL, NULL, 33, 0, 1, '2024-06-20 00:00:00', '127.0.0.1', 1),
(514, 1, 1, 'tab', '1', 'General farming system', 'General farming system', 'General farming system', NULL, 'text-2006202455', 'h4', NULL, NULL, NULL, 'form-control', NULL, NULL, NULL, NULL, NULL, NULL, NULL, NULL, 55, 0, 1, '2024-06-20 00:00:00', '127.0.0.1', 0),
(515, 1, 1, 'number', '1', 'Number of households', 'Number of households', 'Number of households', NULL, 'text-2006202456', 'number', 3, NULL, NULL, 'form-control', NULL, NULL, '514', NULL, NULL, NULL, NULL, NULL, 56, 0, 1, '2024-06-20 00:00:00', '127.0.0.1', 0),
(516, 1, 1, 'number', '1', 'What is the typical (or average) household size?', 'What is the typical (or average) household size?', 'What is the typical (or average) household size?', NULL, 'text-2006202457', 'number', 3, NULL, NULL, 'form-control', NULL, NULL, '514', NULL, NULL, NULL, NULL, NULL, 57, 0, 1, '2024-06-20 00:00:00', '127.0.0.1', 0),
(517, 1, 1, 'number', '1', 'People per household', 'People per household', 'People per household', NULL, 'text-2006202458', 'number', 3, NULL, NULL, 'form-control', NULL, NULL, '514', NULL, NULL, NULL, NULL, NULL, 58, 0, 1, '2024-06-20 00:00:00', '127.0.0.1', 0),
(518, 1, 1, 'checkbox-group', '1', 'What is the proportion (%) of household members who are migrating out of the village for one reason or the other?', 'What is the proportion (%) of household members who are migrating out of the village for one reason or the other?', 'What is the proportion (%) of household members who are migrating out of the village for one reason or the other?', NULL, 'text-2006202459', NULL, NULL, NULL, NULL, NULL, 'true', NULL, '514', NULL, NULL, NULL, NULL, NULL, 59, 0, 1, '2024-06-20 00:00:00', '127.0.0.1', 0),
(519, 1, 1, 'number', '1', 'Percetage of migraton - Women', 'Percetage of migraton - Women', 'Percetage of migraton - Women', NULL, 'text-2006202460', 'desimal', 10, NULL, NULL, 'form-control', NULL, NULL, '518', NULL, 'Women', NULL, NULL, NULL, 60, 0, 1, '2024-06-20 00:00:00', '127.0.0.1', 0),
(520, 1, 1, 'number', '1', 'Percetage of migraton - Men', 'Percetage of migraton - Men', 'Percetage of migraton - Men', NULL, 'text-2006202461', 'desimal', 10, NULL, NULL, 'form-control', NULL, NULL, '518', NULL, 'Men', NULL, NULL, NULL, 66, 0, 1, '2024-06-20 00:00:00', '127.0.0.1', 0),
(521, 1, 1, 'number', '1', 'Percetage of migraton - Youth', 'Percetage of migraton - Youth', 'Percetage of migraton - Youth', NULL, 'text-2006202462', 'desimal', 10, NULL, NULL, 'form-control', NULL, NULL, '518', NULL, 'Youth', NULL, NULL, NULL, 68, 0, 1, '2024-06-20 00:00:00', '127.0.0.1', 0),
(522, 1, 1, 'textarea', NULL, 'Reasons for migration - Women', 'Reasons for migration - Women', 'Reasons for migration - Women', NULL, 'text-210624622', NULL, 500, NULL, NULL, 'form-control', NULL, NULL, '518', NULL, 'Women', NULL, NULL, NULL, 65, 0, 1, '2024-06-21 00:00:00', '127.0.0.1', 0),
(523, 1, 1, 'textarea', NULL, 'Reasons for migration - Men', 'Reasons for migration - Men', 'Reasons for migration - Men', NULL, 'text-2106246223', NULL, 500, NULL, NULL, 'form-control', NULL, NULL, '518', NULL, 'Men', NULL, NULL, NULL, 67, 0, 1, '2024-06-21 00:00:00', '127.0.0.1', 0),
(524, 1, 1, 'textarea', NULL, 'Reasons for migration - Youth', 'Reasons for migration - Youth', 'Reasons for migration - Youth', NULL, 'text-21062462235', NULL, 500, NULL, NULL, 'form-control', NULL, NULL, '518', NULL, 'Youth', NULL, NULL, NULL, 69, 0, 1, '2024-06-21 00:00:00', '127.0.0.1', 0),
(525, 1, 1, 'number', NULL, 'What is the typical farm size per household?', 'What is the typical farm size per household?', 'What is the typical farm size per household?', NULL, 'text-23062475', 'desimal', 10, NULL, NULL, 'form-control', NULL, NULL, '514', NULL, NULL, NULL, NULL, NULL, 75, 0, 1, '2024-06-23 00:00:00', '127.0.0.1', 0),
(526, 1, 1, 'radio-group', NULL, 'Are there any additional land which is leased or shared', 'Are there any additional land which is leased or shared', 'Are there any additional land which is leased or shared', NULL, 'text-230624764', NULL, NULL, NULL, NULL, NULL, 'true', NULL, '514', NULL, NULL, NULL, NULL, NULL, 76, 0, 1, '2024-06-23 00:00:00', '127.0.0.1', 0),
(527, 1, 1, 'number', NULL, 'How much leased/shared area?', 'How much leased/shared area?', 'How much leased/shared area?', NULL, 'text-230624767', 'desimal', 10, NULL, NULL, 'form-control', NULL, NULL, '526', NULL, 'Yes', NULL, NULL, NULL, 77, 0, 1, '2024-06-23 00:00:00', '127.0.0.1', 0),
(528, 1, 1, 'checkbox-group', NULL, 'Cultivated land per household', 'Cultivated land per household', 'Cultivated land per household', NULL, 'text-230624768', NULL, NULL, NULL, NULL, NULL, 'true', NULL, '514', NULL, NULL, NULL, NULL, NULL, 78, 0, 1, '2024-06-23 00:00:00', '127.0.0.1', 0),
(529, 1, 1, 'number', NULL, 'Minimum', 'Minimum', 'Minimum', NULL, 'text-230624769', 'number', 10, NULL, NULL, 'form-control', NULL, NULL, '528', NULL, 'Minimum', NULL, NULL, NULL, 79, 0, 1, '2024-06-23 00:00:00', '127.0.0.1', 0),
(530, 1, 1, 'select', NULL, 'Select units -  Minimum', 'Select units - Minimum', 'Select units - Minimum', NULL, 'text-230624780', NULL, NULL, NULL, NULL, 'form-control', NULL, NULL, '528', NULL, 'Minimum', NULL, NULL, NULL, 80, 0, 1, '2024-06-23 00:00:00', '127.0.0.1', 0),
(531, 1, 1, 'text', NULL, 'Name of the local units', 'Name of the local units', 'Name of the local units', NULL, 'text-230624781', 'text', 250, NULL, NULL, 'form-control', NULL, NULL, '530', NULL, 'Local units', NULL, NULL, NULL, 81, 0, 1, '2024-06-23 00:00:00', '127.0.0.1', 0),
(532, 1, 1, 'number', NULL, 'Average', 'Average', 'Average', NULL, 'text-230624791', 'number', 10, NULL, NULL, 'form-control', NULL, NULL, '528', NULL, 'Average', NULL, NULL, NULL, 92, 0, 1, '2024-06-23 00:00:00', '127.0.0.1', 0),
(533, 1, 1, 'select', NULL, 'Select units -  Average', 'Select units - Average', 'Select units - Average', NULL, 'text-230624793', NULL, NULL, NULL, NULL, 'form-control', NULL, NULL, '528', NULL, 'Average', NULL, NULL, NULL, 94, 0, 1, '2024-06-23 00:00:00', '127.0.0.1', 0),
(534, 1, 1, 'text', NULL, 'Name of the local units', 'Name of the local units', 'Name of the local units', NULL, 'text-230624795', 'text', 250, NULL, NULL, 'form-control', NULL, NULL, '533', NULL, 'Local units', NULL, NULL, NULL, 95, 0, 1, '2024-06-23 00:00:00', '127.0.0.1', 0),
(535, 1, 1, 'number', NULL, 'Maximum', 'Maximum', 'Maximum', NULL, 'text-230624796', 'number', 10, NULL, NULL, 'form-control', NULL, NULL, '528', NULL, 'Maximum', NULL, NULL, NULL, 96, 0, 1, '2024-06-23 00:00:00', '127.0.0.1', 0),
(536, 1, 1, 'select', NULL, 'Select units -  Maximum', 'Select units - Maximum', 'Select units - Maximum', NULL, 'text-230624797', NULL, NULL, NULL, NULL, 'form-control', NULL, NULL, '528', NULL, 'Maximum', NULL, NULL, NULL, 97, 0, 1, '2024-06-23 00:00:00', '127.0.0.1', 0),
(537, 1, 1, 'text', NULL, 'Name of the local units', 'Name of the local units', 'Name of the local units', NULL, 'text-230624798', 'text', 250, NULL, NULL, 'form-control', NULL, NULL, '536', NULL, 'Local units', NULL, NULL, NULL, 98, 0, 1, '2024-06-23 00:00:00', '127.0.0.1', 0),
(538, 1, 1, 'text', NULL, 'Land tenure system', 'Land tenure system', 'Land tenure system', NULL, 'text-2306247101', 'text', 250, NULL, NULL, 'form-control', NULL, NULL, '514', NULL, NULL, NULL, NULL, NULL, 101, 0, 1, '2024-06-23 00:00:00', '127.0.0.1', 0),
(539, 1, 1, 'checkbox-group', NULL, 'Is the land tenure system a constraint?', 'Is the land tenure system a constraint?', 'Is the land tenure system a constraint?', NULL, 'text-2306247102', NULL, NULL, NULL, NULL, NULL, 'true', NULL, '514', NULL, NULL, NULL, NULL, NULL, 102, 0, 1, '2024-06-23 00:00:00', '127.0.0.1', 0),
(540, 1, 1, 'textarea', NULL, 'Reasons to the constraint', 'Reasons to the constraint', 'Reasons to the constraint', NULL, 'text-2306247102', NULL, 1000, NULL, NULL, 'form-control', NULL, NULL, '514', NULL, NULL, NULL, NULL, NULL, 103, 0, 1, '2024-06-23 00:00:00', '127.0.0.1', 0),
(541, 1, 1, 'tab', NULL, 'Distribution of land/wealth', 'Distribution of land/wealth', 'Distribution of land/wealth', NULL, 'text-2306247121', 'h4', NULL, NULL, NULL, 'form-control', NULL, NULL, NULL, NULL, NULL, NULL, NULL, NULL, 121, 0, 1, '2024-06-23 00:00:00', '127.0.0.1', 0),
(542, 1, 1, 'checkbox-group', NULL, 'Distribution of land/wealth', 'Distribution of land/wealth', 'Distribution of land/wealth', NULL, 'text-2306247122', NULL, NULL, NULL, NULL, 'form-control', 'true', NULL, '541', NULL, NULL, NULL, NULL, NULL, 122, 0, 1, '2024-06-23 00:00:00', '127.0.0.1', 0),
(543, 1, 1, 'checkbox-group', NULL, 'How much land would be considered', 'How much land would be considered', 'How much land would be considered', NULL, 'text-2306247123', NULL, NULL, NULL, NULL, 'form-control', 'true', NULL, '541', NULL, NULL, NULL, NULL, NULL, 123, 0, 1, '2024-06-23 00:00:00', '127.0.0.1', 0),
(544, 1, 1, 'number', NULL, 'Range of land size', 'Range of land size', 'Range of land size', NULL, 'text-2306247124', 'desimal', 10, NULL, NULL, 'form-control', NULL, NULL, '541', NULL, NULL, NULL, NULL, NULL, 124, 0, 1, '2024-06-23 00:00:00', '127.0.0.1', 0),
(545, 1, 1, 'checkbox-group', NULL, 'Type of households that fall in category', 'Type of households that fall in category', 'Type of households that fall in category', NULL, 'text-2306247123', NULL, NULL, NULL, NULL, 'form-control', 'true', NULL, '541', NULL, NULL, NULL, NULL, NULL, 125, 0, 1, '2024-06-23 00:00:00', '127.0.0.1', 0),
(546, 1, 1, 'number', NULL, '% of households that fall in category', '% of households that fall in category', '% of households that fall in category', NULL, 'text-2306247131', 'desimal', 10, NULL, NULL, 'form-control', 'true', NULL, '541', NULL, NULL, NULL, NULL, NULL, 131, 0, 1, '2024-06-23 00:00:00', '127.0.0.1', 0),
(547, 1, 1, 'select', NULL, 'What are the common land tenure systems in the village?', 'What are the common land tenure systems in the village?', 'What are the common land tenure systems in the village?', NULL, 'text-2306247132', NULL, NULL, NULL, NULL, 'form-control', NULL, NULL, '541', NULL, NULL, NULL, NULL, NULL, 132, 0, 1, '2024-06-23 00:00:00', '127.0.0.1', 0),
(548, 1, 1, 'radio-group', NULL, 'Can women own land?', 'Can women own land?', 'Can women own land?', NULL, 'text-2306247133', NULL, NULL, NULL, NULL, 'form-control', NULL, NULL, '541', NULL, NULL, NULL, NULL, NULL, 133, 0, 1, '2024-06-23 00:00:00', '127.0.0.1', 0),
(549, 1, 1, 'radio-group', NULL, 'Is the land tenure system a constraint to livestock and fodder production?', 'Is the land tenure system a constraint to livestock and fodder production?', 'Is the land tenure system a constraint to livestock and fodder production?', NULL, 'text-2306247134', NULL, NULL, NULL, NULL, 'form-control', NULL, NULL, '541', NULL, NULL, NULL, NULL, NULL, 134, 0, 1, '2024-06-23 00:00:00', '127.0.0.1', 0),
(550, 1, 1, 'text', NULL, 'Does it affect men and women farmers differently?', 'Does it affect men and women farmers differently?', 'Does it affect men and women farmers differently?', NULL, 'text-2306247135', NULL, NULL, NULL, NULL, 'form-control', NULL, NULL, '549', NULL, 'Yes', NULL, NULL, NULL, 135, 0, 1, '2024-06-23 00:00:00', '127.0.0.1', 0),
(551, 1, 1, 'tab', NULL, 'Rainfall patterns', 'Rainfall patterns', 'Rainfall patterns', NULL, 'text-2306247151', 'h4', NULL, NULL, NULL, 'form-control', NULL, NULL, NULL, NULL, NULL, NULL, NULL, NULL, 151, 0, 1, '2024-06-23 00:00:00', '127.0.0.1', 0),
(552, 1, 1, 'select', NULL, 'How does the rainfall pattern vary over a year?', 'How does the rainfall pattern vary over a year?', 'How does the rainfall pattern vary over a year?', NULL, 'text-2306247152', NULL, NULL, NULL, NULL, 'form-control', NULL, NULL, '551', NULL, NULL, NULL, NULL, NULL, 152, 0, 1, '2024-06-23 00:00:00', '127.0.0.1', 0),
(553, 1, 1, 'number', NULL, 'Number of days receiving rainfall in a month as an indicator of amount of rainfall', 'Number of days receiving rainfall in a month as an indicator of amount of rainfall', 'Number of days receiving rainfall in a month as an indicator of amount of rainfall', NULL, 'text-2306247153', 'number', 10, NULL, NULL, 'form-control', NULL, NULL, '551', NULL, NULL, NULL, NULL, NULL, 153, 0, 1, '2024-06-23 00:00:00', '127.0.0.1', 0),
(554, 1, 1, 'select', NULL, 'During which months do you receive the most rainfall here?', 'During which months do you receive the most rainfall here?', 'During which months do you receive the most rainfall here?', NULL, 'text-2306247154', NULL, NULL, NULL, NULL, 'form-control', NULL, NULL, '551', NULL, NULL, NULL, NULL, NULL, 154, 0, 1, '2024-06-23 00:00:00', '127.0.0.1', 0),
(555, 1, 1, 'select', NULL, 'During which month do you receive the lowest amount of rainfall?', 'During which month do you receive the lowest amount of rainfall?', 'During which month do you receive the lowest amount of rainfall?', NULL, 'text-2306247155', NULL, NULL, NULL, NULL, 'form-control', NULL, NULL, '551', NULL, NULL, NULL, NULL, NULL, 155, 0, 1, '2024-06-24 00:00:00', '127.0.0.1', 0),
(556, 1, 1, 'checkbox-group', NULL, 'What score would you give for the amount of rainfall in those months?', 'What score would you give for the amount of rainfall in those months?', 'What score would you give for the amount of rainfall in those months?', NULL, 'text-2306247161', NULL, NULL, NULL, NULL, 'form-control', NULL, NULL, '551', NULL, NULL, NULL, NULL, NULL, 161, 0, 1, '2024-06-24 00:00:00', '127.0.0.1', 0),
(557, 1, 1, 'select', NULL, 'Mention the scale of ranges - Jan', 'Mention the scale of ranges', 'Mention the scale of ranges', '(On a scale of 0–5, where 0 = no rainfall and 5 = heavy rainfall)', 'text-2306247162', NULL, NULL, NULL, NULL, 'form-control', NULL, NULL, '556', NULL, 'Jan', NULL, NULL, NULL, 162, 0, 1, '2024-06-24 00:00:00', '127.0.0.1', 0),
(558, 1, 1, 'select', NULL, 'Mention the scale of ranges - Feb', 'Mention the scale of ranges - Feb', 'Mention the scale of ranges - Feb', '(On a scale of 0–5, where 0 = no rainfall and 5 = heavy rainfall)', 'text-2306247163', NULL, NULL, NULL, NULL, 'form-control', NULL, NULL, '556', NULL, 'Feb', NULL, NULL, NULL, 163, 0, 1, '2024-06-24 00:00:00', '127.0.0.1', 0),
(559, 1, 1, 'select', NULL, 'Mention the scale of ranges - Mar', 'Mention the scale of ranges - Mar', 'Mention the scale of ranges - Mar', '(On a scale of 0–5, where 0 = no rainfall and 5 = heavy rainfall)', 'text-2306247164', NULL, NULL, NULL, NULL, 'form-control', NULL, NULL, '556', NULL, 'Mar', NULL, NULL, NULL, 164, 0, 1, '2024-06-24 00:00:00', '127.0.0.1', 0),
(560, 1, 1, 'select', NULL, 'Mention the scale of ranges - Apr', 'Mention the scale of ranges - Apr', 'Mention the scale of ranges - Apr', '(On a scale of 0–5, where 0 = no rainfall and 5 = heavy rainfall)', 'text-2306247165', NULL, NULL, NULL, NULL, 'form-control', NULL, NULL, '556', NULL, 'Apr', NULL, NULL, NULL, 165, 0, 1, '2024-06-24 00:00:00', '127.0.0.1', 0),
(561, 1, 1, 'select', NULL, 'Mention the scale of ranges - May', 'Mention the scale of ranges - May', 'Mention the scale of ranges - May', '(On a scale of 0–5, where 0 = no rainfall and 5 = heavy rainfall)', 'text-2306247171', NULL, NULL, NULL, NULL, 'form-control', NULL, NULL, '556', NULL, 'May', NULL, NULL, NULL, 171, 0, 1, '2024-06-24 00:00:00', '127.0.0.1', 0),
(562, 1, 1, 'select', NULL, 'Mention the scale of ranges - June', 'Mention the scale of ranges - June', 'Mention the scale of ranges - June', '(On a scale of 0–5, where 0 = no rainfall and 5 = heavy rainfall)', 'text-2306247172', NULL, NULL, NULL, NULL, 'form-control', NULL, NULL, '556', NULL, 'June', NULL, NULL, NULL, 172, 0, 1, '2024-06-24 00:00:00', '127.0.0.1', 0),
(563, 1, 1, 'select', NULL, 'Mention the scale of ranges - July', 'Mention the scale of ranges - July', 'Mention the scale of ranges - July', '(On a scale of 0–5, where 0 = no rainfall and 5 = heavy rainfall)', 'text-2306247173', NULL, NULL, NULL, NULL, 'form-control', NULL, NULL, '556', NULL, 'July', NULL, NULL, NULL, 173, 0, 1, '2024-06-24 00:00:00', '127.0.0.1', 0),
(564, 1, 1, 'select', NULL, 'Mention the scale of ranges - August', 'Mention the scale of ranges - August', 'Mention the scale of ranges - August', '(On a scale of 0–5, where 0 = no rainfall and 5 = heavy rainfall)', 'text-2306247174', NULL, NULL, NULL, NULL, 'form-control', NULL, NULL, '556', NULL, 'August', NULL, NULL, NULL, 174, 0, 1, '2024-06-24 00:00:00', '127.0.0.1', 0),
(565, 1, 1, 'select', NULL, 'Mention the scale of ranges - September', 'Mention the scale of ranges - September', 'Mention the scale of ranges - September', '(On a scale of 0–5, where 0 = no rainfall and 5 = heavy rainfall)', 'text-2306247175', NULL, NULL, NULL, NULL, 'form-control', NULL, NULL, '556', NULL, 'September', NULL, NULL, NULL, 175, 0, 1, '2024-06-24 00:00:00', '127.0.0.1', 0),
(566, 1, 1, 'select', NULL, 'Mention the scale of ranges - October', 'Mention the scale of ranges - October', 'Mention the scale of ranges - October', '(On a scale of 0–5, where 0 = no rainfall and 5 = heavy rainfall)', 'text-2306247181', NULL, NULL, NULL, NULL, 'form-control', NULL, NULL, '556', NULL, 'October', NULL, NULL, NULL, 181, 0, 1, '2024-06-24 00:00:00', '127.0.0.1', 0),
(567, 1, 1, 'select', NULL, 'Mention the scale of ranges - November', 'Mention the scale of ranges - November', 'Mention the scale of ranges - November', '(On a scale of 0–5, where 0 = no rainfall and 5 = heavy rainfall)', 'text-2306247182', NULL, NULL, NULL, NULL, 'form-control', NULL, NULL, '556', NULL, 'November', NULL, NULL, NULL, 182, 0, 1, '2024-06-24 00:00:00', '127.0.0.1', 0),
(568, 1, 1, 'select', NULL, 'Mention the scale of ranges - December', 'Mention the scale of ranges - December', 'Mention the scale of ranges - December', '(On a scale of 0–5, where 0 = no rainfall and 5 = heavy rainfall)', 'text-2306247183', NULL, NULL, NULL, NULL, 'form-control', NULL, NULL, '556', NULL, 'December', NULL, NULL, NULL, 183, 0, 1, '2024-06-24 00:00:00', '127.0.0.1', 0),
(569, 1, 1, 'tab', NULL, 'Cropping seasons', 'Cropping seasons', 'Cropping seasons', NULL, 'text-2306247201', NULL, NULL, NULL, NULL, 'form-control', NULL, NULL, NULL, NULL, NULL, NULL, NULL, NULL, 201, 0, 1, '2024-06-24 00:00:00', '127.0.0.1', 0),
(570, 1, 1, 'select', NULL, 'Name the cropping seasons that occur in the area?', 'Name the cropping seasons that occur in the area?', 'Name the cropping seasons that occur in the area?', NULL, 'text-2306247202', NULL, NULL, NULL, NULL, 'form-control', NULL, NULL, '569', NULL, NULL, NULL, NULL, NULL, 202, 0, 1, '2024-06-24 00:00:00', '127.0.0.1', 0),
(571, 1, 1, 'number', NULL, 'Mention the rainfall in that month (mm)', 'Mention the rainfall in that month (mm)', 'Mention the rainfall in that month (mm)', NULL, 'text-2306247203', 'desimal', 10, NULL, NULL, 'form-control', NULL, NULL, '569', NULL, NULL, NULL, NULL, NULL, 203, 0, 1, '2024-06-24 00:00:00', '127.0.0.1', 0),
(572, 1, 1, 'text', NULL, 'Type of crops grown in that season', 'Type of crops grown in that season', 'Type of crops grown in that season', NULL, 'text-2306247204', 'text', 250, NULL, NULL, 'form-control', NULL, NULL, '569', NULL, NULL, NULL, NULL, NULL, 204, 0, 1, '2024-06-24 00:00:00', '127.0.0.1', 0),
(573, 1, 1, 'text', NULL, 'Farming activities that occur in that month/cropping season', 'Farming activities that occur in that month/cropping season', 'Farming activities that occur in that month/cropping season', NULL, 'text-2306247205', 'text', 250, NULL, NULL, 'form-control', NULL, NULL, '569', NULL, NULL, NULL, NULL, NULL, 205, 0, 1, '2024-06-24 00:00:00', '127.0.0.1', 0),
(574, 1, 1, 'tab', NULL, 'Water & irrigation', 'Water & irrigation', 'Water & irrigation', NULL, 'text-2306247211', 'h4', NULL, NULL, NULL, 'form-control', NULL, NULL, NULL, NULL, NULL, NULL, NULL, NULL, 211, 0, 1, '2024-06-24 00:00:00', '127.0.0.1', 0),
(575, 1, 1, 'radio-group', NULL, 'Is water for watering livestock available in the area?', 'Is water for watering livestock available in the area?', 'Is water for watering livestock available in the area?', NULL, 'text-2306247212', NULL, NULL, NULL, NULL, 'form-control', NULL, NULL, '574', NULL, NULL, NULL, NULL, NULL, 212, 0, 1, '2024-06-24 00:00:00', '127.0.0.1', 0),
(576, 1, 1, 'number', NULL, 'What percentage (%) of households have access to water for watering livestock?', 'What percentage (%) of households have access to water for watering livestock?', 'What percentage (%) of households have access to water for watering livestock?', NULL, 'text-2306247213', 'desimal', 10, NULL, NULL, 'form-control', NULL, NULL, '575', NULL, 'Yes', NULL, NULL, NULL, 213, 0, 1, '2024-06-24 00:00:00', '127.0.0.1', 0),
(577, 1, 1, 'checkbox-group', NULL, 'What types of water sources are available?', 'What types of water sources are available?', 'What types of water sources are available?', NULL, 'text-2306247214', NULL, NULL, NULL, NULL, 'form-control', NULL, NULL, '574', NULL, NULL, NULL, NULL, NULL, 214, 0, 1, '2024-06-24 00:00:00', '127.0.0.1', 0),
(578, 1, 1, 'text', NULL, 'Other specify', 'Other specify', 'Other specify', NULL, 'text-2306247215', 'text', 250, NULL, NULL, 'form-control', NULL, NULL, '577', NULL, 'Other', NULL, NULL, NULL, 215, 0, 1, '2024-06-24 00:00:00', '127.0.0.1', 0),
(579, 1, 1, 'number', NULL, 'What are the distances covered to access water for drinking and watering livestock?', 'What are the distances covered to access water for drinking and watering livestock?', 'What are the distances covered to access water for drinking and watering livestock?', NULL, 'text-2306247221', 'desimal', 10, NULL, NULL, 'form-control', NULL, NULL, '574', NULL, NULL, NULL, NULL, NULL, 221, 0, 1, '2024-06-24 00:00:00', '127.0.0.1', 0),
(580, 1, 1, 'select', NULL, 'Mention the seasonality', 'Mention the seasonality', 'Mention the seasonality', NULL, 'text-2306247222', NULL, NULL, NULL, NULL, 'form-control', NULL, NULL, '574', NULL, NULL, NULL, NULL, NULL, 222, 0, 1, '2024-06-24 00:00:00', '127.0.0.1', 0),
(581, 1, 1, 'select', NULL, 'Who has access to it?', 'Who has access to it?', 'Who has access to it?', NULL, 'text-2306247223', NULL, NULL, NULL, NULL, 'form-control', NULL, NULL, '574', NULL, NULL, NULL, NULL, NULL, 223, 0, 1, '2024-06-24 00:00:00', '127.0.0.1', 0),
(582, 1, 1, 'radio-group', NULL, 'Is irrigation available in the area?', 'Is irrigation available in the area?', 'Is irrigation available in the area?', NULL, 'text-2306247224', NULL, NULL, NULL, NULL, 'form-control', NULL, NULL, '574', NULL, NULL, NULL, NULL, NULL, 224, 0, 1, '2024-06-24 00:00:00', '127.0.0.1', 0),
(583, 1, 1, 'number', NULL, 'What percentage (%) of households have access to irrigation?', 'What percentage (%) of households have access to irrigation?', 'What percentage (%) of households have access to irrigation?', NULL, 'text-2306247225', 'desimal', 10, NULL, NULL, 'form-control', NULL, NULL, '582', NULL, 'Yes', NULL, NULL, NULL, 225, 0, 1, '2024-06-24 00:00:00', '127.0.0.1', 0),
(584, 1, 1, 'text', NULL, 'Are there specific constraints for men and women?', 'Are there specific constraints for men and women?', 'Are there specific constraints for men and women?', NULL, 'text-2306247231', 'text', 250, NULL, NULL, 'form-control', NULL, NULL, '582', NULL, 'Yes', NULL, NULL, NULL, 231, 0, 1, '2024-06-24 00:00:00', '127.0.0.1', 0),
(585, 1, 1, 'checkbox-group', NULL, 'What types of irrigation are available in the area?', 'What types of irrigation are available in the area?', 'What types of irrigation are available in the area?', NULL, 'text-2306247232', NULL, NULL, NULL, NULL, 'form-control', NULL, NULL, '582', NULL, 'Yes', NULL, NULL, NULL, 232, 0, 1, '2024-06-24 00:00:00', '127.0.0.1', 0),
(586, 1, 1, 'text', NULL, 'Others specify', 'Others specify', 'Others specify', NULL, 'text-2306247233', 'text', 250, NULL, NULL, 'form-control', NULL, NULL, '585', NULL, 'Others', NULL, NULL, NULL, 233, 0, 1, '2024-06-24 00:00:00', '127.0.0.1', 0),
(587, 1, 1, 'checkbox-group', NULL, 'What crops mainly benefit from irrigation?', 'What crops mainly benefit from irrigation?', 'What crops mainly benefit from irrigation?', NULL, 'text-2306247234', NULL, NULL, NULL, NULL, 'form-control', NULL, NULL, '582', NULL, 'Yes', NULL, NULL, NULL, 234, 0, 1, '2024-06-24 00:00:00', '127.0.0.1', 0),
(588, 1, 1, 'text', NULL, 'Others specify', 'Others specify', 'Others specify', NULL, 'text-2306247235', 'text', 250, NULL, NULL, 'form-control', NULL, NULL, '587', NULL, 'Others', NULL, NULL, NULL, 235, 0, 1, '2024-06-24 00:00:00', '127.0.0.1', 0),
(589, 1, 1, 'select', NULL, 'Score the availability of water for livestock (including fodder production)?', 'Score the availability of water for livestock (including fodder production)?', 'Score the availability of water for livestock (including fodder production)?', 'Scale range (On a scale of 0–4; where 0 = low and 4 = high)', 'text-2306247236', NULL, NULL, NULL, NULL, 'form-control', NULL, NULL, '574', NULL, NULL, NULL, NULL, NULL, 236, 0, 1, '2024-06-24 00:00:00', '127.0.0.1', 0),
(590, 1, 1, 'tab', NULL, 'Labour/paid labour', 'Labour/paid labour', 'Labour/paid labour', NULL, 'text-2306247251', 'h4', NULL, NULL, NULL, 'form-control', NULL, NULL, NULL, NULL, NULL, NULL, NULL, NULL, 251, 0, 1, '2024-06-24 00:00:00', '127.0.0.1', 0),
(591, 1, 1, 'text', NULL, 'When is labour most required?', 'When is labour most required?', 'When is labour most required?', NULL, 'text-2306247252', 'text', 250, NULL, NULL, 'form-control', NULL, NULL, '590', NULL, NULL, NULL, NULL, NULL, 252, 0, 1, '2024-06-24 00:00:00', '127.0.0.1', 0),
(592, 1, 1, 'number', NULL, 'How much does it typically cost to hire daily paid labour by activity & gender?', 'How much does it typically cost to hire daily paid labour by activity & gender?', 'How much does it typically cost to hire daily paid labour by activity & gender?', NULL, 'text-2306247253', 'desimal', 10, NULL, NULL, 'form-control', NULL, NULL, '590', NULL, NULL, NULL, NULL, NULL, 253, 0, 1, '2024-06-26 00:00:00', '127.0.0.1', 0),
(593, 1, 1, 'checkbox-group', NULL, 'Activity', 'Activity', 'Activity', NULL, 'text-2306247254', NULL, NULL, NULL, NULL, 'form-control', NULL, NULL, '590', NULL, NULL, NULL, NULL, NULL, 254, 0, 1, '2024-06-26 00:00:00', '127.0.0.1', 0),
(594, 1, 1, 'text', NULL, 'Others specify', 'Others specify', 'Others specify', NULL, 'text-2306247255', 'text', 250, NULL, NULL, 'form-control', NULL, NULL, '593', NULL, 'Others', NULL, NULL, NULL, 255, 0, 1, '2024-06-26 00:00:00', '127.0.0.1', 0),
(595, 1, 1, 'radio-group', NULL, 'Gender', 'Gender', 'Gender', NULL, 'text-2306247261', NULL, NULL, NULL, NULL, 'form-control', NULL, NULL, '590', NULL, NULL, NULL, NULL, NULL, 261, 0, 1, '2024-06-26 00:00:00', '127.0.0.1', 0),
(596, 1, 1, 'number', NULL, 'Cost to hire daily paid labour', 'Cost to hire daily paid labour', 'Cost to hire daily paid labour', NULL, 'text-2306247262', 'desimal', 10, NULL, NULL, 'form-control', NULL, NULL, '590', NULL, NULL, NULL, NULL, NULL, 262, 0, 1, '2024-06-26 00:00:00', '127.0.0.1', 0),
(597, 1, 1, 'checkbox-group', NULL, 'How much does the cost of labour vary throughout the year', 'How much does the cost of labour vary throughout the year', 'How much does the cost of labour vary throughout the year', NULL, 'text-2306247263', NULL, NULL, NULL, NULL, 'form-control', NULL, NULL, '590', NULL, NULL, NULL, NULL, NULL, 263, 0, 1, '2024-06-26 00:00:00', '127.0.0.1', 0),
(598, 1, 1, 'number', NULL, 'Maximum cost', 'Maximum cost', 'Maximum cost', NULL, 'text-2306247264', 'desimal', 10, NULL, NULL, 'form-control', NULL, NULL, '597', NULL, 'Maximum cost', NULL, NULL, NULL, 264, 0, 1, '2024-06-26 00:00:00', '127.0.0.1', 0),
(599, 1, 1, 'number', NULL, 'Minimum cost', 'Minimum cost', 'Minimum cost', NULL, 'text-2306247265', 'desimal', 10, NULL, NULL, 'form-control', NULL, NULL, '597', NULL, 'Minimum cost', NULL, NULL, NULL, 265, 0, 1, '2024-06-26 00:00:00', '127.0.0.1', 0),
(600, 1, 1, 'select', NULL, 'Are labour costs affordable for most households? Specify type of Households', 'Are labour costs affordable for most households? Specify type of Households', 'Are labour costs affordable for most households? Specify type of Households', NULL, 'text-2306247271', NULL, NULL, NULL, NULL, 'form-control', NULL, NULL, '590', NULL, NULL, NULL, NULL, NULL, 271, 0, 1, '2024-06-26 00:00:00', '127.0.0.1', 0),
(601, 1, 1, 'radio-group', NULL, 'Are many people leaving the farm to work in the city/town or seek education?', 'Are many people leaving the farm to work in the city/town or seek education?', 'Are many people leaving the farm to work in the city/town or seek education?', NULL, 'text-2306247272', NULL, NULL, NULL, NULL, 'form-control', NULL, NULL, '590', NULL, NULL, NULL, NULL, NULL, 272, 0, 1, '2024-06-26 00:00:00', '127.0.0.1', 0),
(602, 1, 1, 'select', NULL, 'Which member of the household usually leave?', 'Which member of the household usually leave?', 'Which member of the household usually leave?', NULL, 'text-2306247273', NULL, NULL, NULL, NULL, 'form-control', NULL, NULL, '601', NULL, 'Yes', NULL, NULL, NULL, 273, 0, 1, '2024-06-26 00:00:00', '127.0.0.1', 0),
(603, 1, 1, 'text', NULL, 'Reasons of migration', 'Reasons of migration', 'Reasons of migration', NULL, 'text-2306247274', 'text', 250, NULL, NULL, 'form-control', NULL, NULL, '601', NULL, 'Yes', NULL, NULL, NULL, 274, 0, 1, '2024-06-26 00:00:00', '127.0.0.1', 0),
(604, 1, 1, 'select', NULL, 'How easy is it to hire casual labour as and when required?', 'How easy is it to hire casual labour as and when required?', 'How easy is it to hire casual labour as and when required?', 'On a scale of 0–4; where 0 = difficult and 4 = easy', 'text-2306247275', NULL, NULL, NULL, NULL, 'form-control', NULL, NULL, '590', NULL, NULL, NULL, NULL, NULL, 275, 0, 1, '2024-06-26 00:00:00', '127.0.0.1', 0),
(605, 1, 1, 'tab', NULL, 'Livestock species', 'Livestock species', 'Livestock species', 'Livestock species', 'text-2306247291', 'h4', NULL, NULL, NULL, 'form-control', NULL, NULL, NULL, NULL, NULL, NULL, NULL, NULL, 291, 0, 1, '2024-06-26 00:00:00', '127.0.0.1', 0),
(606, 1, 1, 'checkbox-group', NULL, 'What livestock specises are raised within the area?', 'What livestock specises are raised within the area?', 'What livestock specises are raised within the area?', NULL, 'text-2306247292', NULL, NULL, NULL, NULL, 'form-control', NULL, NULL, '605', NULL, NULL, NULL, NULL, NULL, 292, 0, 1, '2024-06-26 00:00:00', '127.0.0.1', 0),
(607, 1, 1, 'text', NULL, 'Others specify', 'Others specify', 'Others specify', NULL, 'text-2306247293', NULL, NULL, NULL, NULL, 'form-control', NULL, NULL, '606', NULL, 'Others', NULL, NULL, NULL, 293, 0, 1, '2024-06-26 00:00:00', '127.0.0.1', 0),
(608, 1, 1, 'checkbox-group', NULL, 'What are the animals primarily used for?', 'What are the animals primarily used for?', 'What are the animals primarily used for?', NULL, 'text-2306247294', NULL, NULL, NULL, NULL, 'form-control', NULL, NULL, '605', NULL, NULL, NULL, NULL, NULL, 294, 0, 1, '2024-06-26 00:00:00', '127.0.0.1', 0),
(609, 1, 1, 'checkbox-group', NULL, 'Animals primarily used by', 'Animals primarily used by', 'Animals primarily used by', NULL, 'text-2306247295', NULL, NULL, NULL, NULL, 'form-control', NULL, NULL, '605', NULL, NULL, NULL, NULL, NULL, 295, 0, 1, '2024-06-26 00:00:00', '127.0.0.1', 0),
(610, 1, 1, 'checkbox-group', NULL, '% of households that own species', '% of households that own species', '% of households that own species', NULL, 'text-2306247301', NULL, NULL, NULL, NULL, 'form-control', NULL, NULL, '605', NULL, NULL, NULL, NULL, NULL, 301, 0, 1, '2024-06-26 00:00:00', '127.0.0.1', 0),
(611, 1, 1, 'number', NULL, 'Average number of animals per household', 'Average number of animals per household', 'Average number of animals per household', NULL, 'text-2306247302', 'number', 10, NULL, NULL, 'form-control', NULL, NULL, '605', NULL, NULL, NULL, NULL, NULL, 302, 0, 1, '2024-06-26 00:00:00', '127.0.0.1', 0),
(612, 1, 1, 'tab', NULL, 'Credit', 'Credit', 'Credit', NULL, 'text-2306247321', 'h4', NULL, NULL, NULL, 'form-control', NULL, NULL, NULL, NULL, NULL, NULL, NULL, NULL, 321, 0, 1, '2024-06-26 00:00:00', '127.0.0.1', 0),
(613, 1, 1, 'checkbox-group', NULL, 'What are the main sources and types of credit for livestock/cropping activities?', 'What are the main sources and types of credit for livestock/cropping activities?', 'What are the main sources and types of credit for livestock/cropping activities?', NULL, 'text-2306247322', NULL, NULL, NULL, NULL, 'form-control', NULL, NULL, '612', NULL, NULL, NULL, NULL, NULL, 322, 0, 1, '2024-06-26 00:00:00', '127.0.0.1', 0),
(614, 1, 1, 'text', NULL, 'Others specify', 'Others specify', 'Others specify', NULL, 'text-2306247323', 'text', 250, NULL, NULL, 'form-control', NULL, NULL, '613', NULL, 'Others', NULL, NULL, NULL, 323, 0, 1, '2024-06-26 00:00:00', '127.0.0.1', 0),
(615, 1, 1, 'checkbox-group', NULL, 'Main purpose (For which activity the credit is required?)', 'Main purpose (For which activity the credit is required?)', 'Main purpose (For which activity the credit is required?)', NULL, 'text-2306247324', NULL, NULL, NULL, NULL, 'form-control', NULL, NULL, '612', NULL, NULL, NULL, NULL, NULL, 324, 0, 1, '2024-06-26 00:00:00', '127.0.0.1', 0),
(616, 1, 1, 'text', NULL, 'Others specify', 'Others specify', 'Others specify', NULL, 'text-2306247325', 'text', 250, NULL, NULL, 'form-control', NULL, NULL, '615', NULL, 'Others', NULL, NULL, NULL, 324, 0, 1, '2024-06-26 00:00:00', '127.0.0.1', 0),
(617, 1, 1, 'select', NULL, 'Who mostly has the access?', 'Who mostly has the access?', 'Who mostly has the access?', NULL, 'text-2306247331', NULL, NULL, NULL, NULL, 'form-control', NULL, NULL, '612', NULL, NULL, NULL, NULL, NULL, 331, 0, 1, '2024-06-26 00:00:00', '127.0.0.1', 0),
(618, 1, 1, 'checkbox-group', NULL, 'What are the shares (%) of credit?', 'What are the shares (%) of credit?', 'What are the shares (%) of credit?', NULL, 'text-2306247332', NULL, NULL, NULL, NULL, 'form-control', NULL, NULL, '612', NULL, NULL, NULL, NULL, NULL, 332, 0, 1, '2024-06-26 00:00:00', '127.0.0.1', 0),
(619, 1, 1, 'number', NULL, '% of shares - Formal credit', '% of shares - Formal credit', '% of shares - Formal credit', NULL, 'text-2306247333', 'desimal', 10, NULL, NULL, 'form-control', NULL, NULL, '618', NULL, 'Formal credit', NULL, NULL, NULL, 333, 0, 1, '2024-06-26 00:00:00', '127.0.0.1', 0),
(620, 1, 1, 'number', NULL, '% of shares - Informal credit', '% of shares - Informal credit', '% of shares - Informal credit', NULL, 'text-2306247334', 'desimal', 10, NULL, NULL, 'form-control', NULL, NULL, '618', NULL, 'Informal credit', NULL, NULL, NULL, 334, 0, 1, '2024-06-26 00:00:00', '127.0.0.1', 0),
(621, 1, 1, 'text', NULL, 'What are the conditions for obtaining cash/credit for crop/livestock production?', 'What are the conditions for obtaining cash/credit for crop/livestock production?', 'What are the conditions for obtaining cash/credit for crop/livestock production?', NULL, 'text-2306247335', 'text', 250, NULL, NULL, 'form-control', NULL, NULL, '612', NULL, NULL, NULL, NULL, NULL, 335, 0, 1, '2024-06-26 00:00:00', '127.0.0.1', 0),
(622, 1, 1, 'number', NULL, 'What percentage (%) of local farmers have access to credit?', 'What percentage (%) of local farmers have access to credit?', 'What percentage (%) of local farmers have access to credit?', NULL, 'text-2306247341', 'desimal', 10, NULL, NULL, 'form-control', NULL, NULL, '612', NULL, NULL, NULL, NULL, NULL, 341, 0, 1, '2024-06-26 00:00:00', '127.0.0.1', 0),
(623, 1, 1, 'select', NULL, 'What groups of people find difficulties in accessing credit?', 'What groups of people find difficulties in accessing credit?', 'What groups of people find difficulties in accessing credit?', NULL, 'text-2306247342', NULL, NULL, NULL, NULL, 'form-control', NULL, NULL, '612', NULL, NULL, NULL, NULL, NULL, 342, 0, 1, '2024-06-26 00:00:00', '127.0.0.1', 0),
(624, 1, 1, 'number', NULL, 'What percentage (%) of FGD  participants aspired to access credit in the last two years?', 'What percentage (%) of FGD  participants aspired to access credit in the last two years?', 'What percentage (%) of FGD  participants aspired to access credit in the last two years?', NULL, 'text-2306247343', 'desimal', 10, NULL, NULL, 'form-control', NULL, NULL, '612', NULL, NULL, NULL, NULL, NULL, 343, 0, 1, '2024-06-26 00:00:00', '127.0.0.1', 0),
(625, 1, 1, 'select', NULL, 'How easy is it to access credit when required?', 'How easy is it to access credit when required?', 'How easy is it to access credit when required?', 'On a scale of 0–4; where 0 = difficult and 4 = easy', 'text-2306247344', NULL, NULL, NULL, NULL, 'form-control', NULL, NULL, '612', NULL, NULL, NULL, NULL, NULL, 344, 0, 1, '2024-06-26 00:00:00', '127.0.0.1', 0),
(626, 1, 1, 'tab', NULL, 'Land use', 'Land use', 'Land use', NULL, 'text-2306247361', 'h4', NULL, NULL, NULL, 'form-control', NULL, NULL, NULL, NULL, NULL, NULL, NULL, NULL, 361, 0, 1, '2024-06-26 00:00:00', '127.0.0.1', 0),
(627, 1, 1, 'radio-group', NULL, 'Is land area available for cultivation?', 'Is land area available for cultivation?', 'Land use', NULL, 'text-2306247362', NULL, NULL, NULL, NULL, 'form-control', NULL, NULL, '626', NULL, NULL, NULL, NULL, NULL, 362, 0, 1, '2024-06-26 00:00:00', '127.0.0.1', 0),
(628, 1, 1, 'select', NULL, 'What is the status of land use?', 'What is the status of land use?', 'What is the status of land use?', NULL, 'text-2306247363', NULL, NULL, NULL, NULL, 'form-control', NULL, NULL, '627', NULL, 'Yes', NULL, NULL, NULL, 363, 0, 1, '2024-06-26 00:00:00', '127.0.0.1', 0),
(629, 1, 1, 'radio-group', NULL, 'Is land used for more than one crop per year?', 'Is land used for more than one crop per year?', 'Is land used for more than one crop per year?', NULL, 'text-2306247364', NULL, NULL, NULL, NULL, 'form-control', NULL, NULL, '626', NULL, NULL, NULL, NULL, NULL, 364, 0, 1, '2024-06-26 00:00:00', '127.0.0.1', 0),
(630, 1, 1, 'radio-group', NULL, 'If fallowing is practiced', 'If fallowing is practiced', 'If fallowing is practiced', NULL, 'text-2306247365', NULL, NULL, NULL, NULL, 'form-control', NULL, NULL, '626', NULL, NULL, NULL, NULL, NULL, 365, 0, 1, '2024-06-26 00:00:00', '127.0.0.1', 0),
(631, 1, 1, 'number', NULL, 'How much land is cultivated?', 'How much land is cultivated?', 'How much land is cultivated?', NULL, 'text-2306247371', 'desimal', 10, NULL, NULL, 'form-control', NULL, NULL, '630', NULL, 'Yes', NULL, NULL, NULL, 371, 0, 1, '2024-06-26 00:00:00', '127.0.0.1', 0),
(632, 1, 1, 'number', NULL, 'How much is put to fallow?', 'How much is put to fallow?', 'How much is put to fallow?', NULL, 'text-2306247372', 'desimal', 10, NULL, NULL, 'form-control', NULL, NULL, '630', NULL, 'Yes', NULL, NULL, NULL, 372, 0, 1, '2024-06-26 00:00:00', '127.0.0.1', 0),
(633, 1, 1, 'number', NULL, 'Amount of uncultivated land', 'Amount of uncultivated land', 'Amount of uncultivated land', NULL, 'text-2306247373', 'desimal', 10, NULL, NULL, 'form-control', NULL, NULL, '630', NULL, 'Yes', NULL, NULL, NULL, 373, 0, 1, '2024-06-26 00:00:00', '127.0.0.1', 0),
(634, 1, 1, 'text', NULL, 'What is the reason for land being left fallow?', 'What is the reason for land being left fallow?', 'What is the reason for land being left fallow?', NULL, 'text-2306247374', 'text', 250, NULL, NULL, 'form-control', NULL, NULL, '626', NULL, NULL, NULL, NULL, NULL, 374, 0, 1, '2024-06-26 00:00:00', '127.0.0.1', 0),
(635, 1, 1, 'radio-group', NULL, 'Is the land being put to fallow increasing or decreasing?', 'Is the land being put to fallow increasing or decreasing?', 'Is the land being put to fallow increasing or decreasing?', NULL, 'text-2306247375', NULL, NULL, NULL, NULL, 'form-control', NULL, NULL, '626', NULL, NULL, NULL, NULL, NULL, 375, 0, 1, '2024-06-26 00:00:00', '127.0.0.1', 0),
(636, 1, 1, 'number', NULL, 'What is the cost to lease a land?', 'What is the cost to lease a land?', 'What is the cost to lease a land?', NULL, 'text-2306247381', 'desimal', 10, NULL, NULL, 'form-control', NULL, NULL, '626', NULL, NULL, NULL, NULL, NULL, 381, 0, 1, '2024-06-26 00:00:00', '127.0.0.1', 0),
(637, 1, 1, 'select', NULL, 'Units', 'Units', 'Units', NULL, 'text-2306247382', NULL, NULL, NULL, NULL, 'form-control', NULL, NULL, '626', NULL, NULL, NULL, NULL, NULL, 382, 0, 1, '2024-06-26 00:00:00', '127.0.0.1', 0),
(638, 1, 1, 'text', NULL, 'Name of unit', 'Name of unit', 'Name of unit', NULL, 'text-2306247383', 'text', 250, NULL, NULL, 'form-control', NULL, NULL, '637', NULL, 'Local units', NULL, NULL, NULL, 383, 0, 1, '2024-06-26 00:00:00', '127.0.0.1', 0),
(639, 1, 1, 'checkbox-group', NULL, 'For the average household, what % of land is used for', 'For the average household, what % of land is used for', 'For the average household, what % of land is used for', NULL, 'text-2306247384', NULL, NULL, NULL, NULL, 'form-control', NULL, NULL, '626', NULL, NULL, NULL, NULL, NULL, 384, 0, 1, '2024-06-26 00:00:00', '127.0.0.1', 0),
(640, 1, 1, 'number', NULL, '% of land - Fodder', '% of land - Fodder', '% of land - Fodder', NULL, 'text-2306247385', 'desimal', 10, NULL, NULL, 'form-control', NULL, NULL, '639', NULL, 'Fodder %', NULL, NULL, NULL, 385, 0, 1, '2024-06-26 00:00:00', '127.0.0.1', 0),
(641, 1, 1, 'number', NULL, '% of land - Subsistence', '% of land - Subsistence', '% of land - Subsistence', NULL, 'text-2306247391', 'desimal', 10, NULL, NULL, 'form-control', NULL, NULL, '639', NULL, 'Subsistence %', NULL, NULL, NULL, 391, 0, 1, '2024-06-26 00:00:00', '127.0.0.1', 0),
(642, 1, 1, 'number', NULL, '% of land - Cas Crops', '% of land - Cas Crops', '% of land - Cas Crops', NULL, 'text-2306247392', 'desimal', 10, NULL, NULL, 'form-control', NULL, NULL, '639', NULL, 'Cas Crops %', NULL, NULL, NULL, 392, 0, 1, '2024-06-26 00:00:00', '127.0.0.1', 0),
(643, 1, 1, 'radio-group', NULL, 'In case of extensive systems, is there enough land for supplying forage?', 'In case of extensive systems, is there enough land for supplying forage?', 'In case of extensive systems, is there enough land for supplying forage?', NULL, 'text-2306247393', NULL, NULL, NULL, NULL, 'form-control', NULL, NULL, '626', NULL, NULL, NULL, NULL, NULL, 393, 0, 1, '2024-06-26 00:00:00', '127.0.0.1', 0),
(644, 1, 1, 'radio-group', NULL, 'Is land for cultivation in short supply?', 'Is land for cultivation in short supply?', 'Is land for cultivation in short supply?', NULL, 'text-2306247394', NULL, NULL, NULL, NULL, 'form-control', NULL, NULL, '626', NULL, NULL, NULL, NULL, NULL, 394, 0, 1, '2024-06-26 00:00:00', '127.0.0.1', 0),
(645, 1, 1, 'select', NULL, 'What is the availability of land for fodder cultivation?', 'What is the availability of land for fodder cultivation?', 'What is the availability of land for fodder cultivation?', 'On a scale of 0–4; where 0 = low and 4 = high', 'text-2306247395', NULL, NULL, NULL, NULL, 'form-control', NULL, NULL, '644', NULL, 'Yes', NULL, NULL, NULL, 395, 0, 1, '2024-06-26 00:00:00', '127.0.0.1', 0),
(646, 1, 1, 'tab', NULL, 'Local markets', 'Local markets', 'Local markets', NULL, 'text-2306247421', 'h4', NULL, NULL, NULL, 'form-control', NULL, NULL, NULL, NULL, NULL, NULL, NULL, NULL, 421, 0, 1, '2024-06-26 00:00:00', '127.0.0.1', 0),
(647, 1, 1, 'number', NULL, 'What is the distance/travel time to the local market? (Units Km)', 'What is the distance/travel time to the local market? (Units Km)', 'What is the distance/travel time to the local market? (Units Km)', NULL, 'text-2306247422', 'desimal', 10, NULL, NULL, 'form-control', NULL, NULL, '646', NULL, NULL, NULL, NULL, NULL, 422, 0, 1, '2024-06-26 00:00:00', '127.0.0.1', 0),
(648, 1, 1, 'number', NULL, 'What is the cost of travel to the local market? (Local currency – Kenyan Shilling)', 'What is the cost of travel to the local market? (Local currency – Kenyan Shilling)', 'What is the cost of travel to the local market? (Local currency – Kenyan Shilling)', NULL, 'text-2306247423', 'desimal', 10, NULL, NULL, 'form-control', NULL, NULL, '646', NULL, NULL, NULL, NULL, NULL, 423, 0, 1, '2024-06-26 00:00:00', '127.0.0.1', 0),
(649, 1, 1, 'radio-group', NULL, 'Are roads accessible throughout the year?', 'Are roads accessible throughout the year?', 'Are roads accessible throughout the year?', NULL, 'text-2306247424', NULL, NULL, NULL, NULL, 'form-control', NULL, NULL, '646', NULL, NULL, NULL, NULL, NULL, 424, 0, 1, '2024-06-26 00:00:00', '127.0.0.1', 0),
(650, 1, 1, 'radio-group', NULL, 'Are certain times of year or weather conditions when the roads are not accessible?', 'Are certain times of year or weather conditions when the roads are not accessible?', 'Are certain times of year or weather conditions when the roads are not accessible?', NULL, 'text-2306247425', NULL, NULL, NULL, NULL, 'form-control', NULL, NULL, '646', NULL, NULL, NULL, NULL, NULL, 425, 0, 1, '2024-06-26 00:00:00', '127.0.0.1', 0),
(651, 1, 1, 'lkp_currency', '1', 'Price in', 'Who are the main suppliers of crop/livestock and farm inputs in the area?', 'Who are the main suppliers of crop/livestock and farm inputs in the area?', NULL, 'text-2306247431', NULL, NULL, NULL, NULL, 'form-control', NULL, NULL, '739', NULL, NULL, NULL, NULL, NULL, 391, 0, 1, '2024-06-26 00:00:00', '127.0.0.1', 1),
(652, 1, 1, 'select', NULL, 'What are the input type?', 'What are the input type?', 'What are the input type?', NULL, 'text-2306247432', NULL, NULL, NULL, NULL, 'form-control', NULL, NULL, '646', NULL, NULL, NULL, NULL, NULL, 432, 0, 1, '2024-06-26 00:00:00', '127.0.0.1', 0),
(653, 1, 1, 'text', NULL, 'Others specify', 'Others specify', 'Others specify', NULL, 'text-2306247433', 'text', 250, NULL, NULL, 'form-control', NULL, NULL, '652', NULL, 'Others', NULL, NULL, NULL, 433, 0, 1, '2024-06-26 00:00:00', '127.0.0.1', 0),
(654, 1, 1, 'checkbox-group', NULL, 'Who mostly have access to these inputs?', 'Who mostly have access to these inputs?', 'Who mostly have access to these inputs?', NULL, 'text-2306247434', NULL, NULL, NULL, NULL, 'form-control', NULL, NULL, '646', NULL, NULL, NULL, NULL, NULL, 434, 0, 1, '2024-06-26 00:00:00', '127.0.0.1', 0),
(655, 1, 1, 'select', NULL, 'How available are crop/livestock and farm inputs in the local markets when required?', 'How available are crop/livestock and farm inputs in the local markets when required?', 'How available are crop/livestock and farm inputs in the local markets when required?', 'On a scale of 0–4, where 0 = never available and 4 = always available', 'text-2306247435', NULL, NULL, NULL, NULL, 'form-control', NULL, NULL, '646', NULL, NULL, NULL, NULL, NULL, 435, 0, 1, '2024-06-26 00:00:00', '127.0.0.1', 0);
INSERT INTO `form_field` (`field_id`, `form_id`, `fieldvalue_set`, `type`, `required`, `label`, `label_hindi`, `label_odiya`, `description`, `name`, `subtype`, `maxlength`, `min_val`, `max_val`, `className`, `inline`, `multiple`, `parent_id`, `parent_relation`, `parent_value`, `parent_multiple_value`, `child_id`, `field_count`, `slno`, `filter`, `added_by`, `added_datetime`, `ip_address`, `status`) VALUES
(656, 1, 1, 'tab', NULL, 'Media Upload', 'Media upload', 'Media upload', NULL, 'text-2306247451', 'h4', NULL, NULL, NULL, 'form-control', NULL, NULL, NULL, NULL, NULL, NULL, '657,658', NULL, 451, 0, 1, '2024-06-26 00:00:00', '127.0.0.1', 1),
(657, 1, 1, 'file', NULL, 'Image 1', 'Image 1', 'Image 1', NULL, 'text-2306247452', 'image', 2, NULL, NULL, 'form-control', NULL, NULL, '656', NULL, NULL, NULL, NULL, NULL, 452, 0, 1, '2024-06-26 00:00:00', '127.0.0.1', 1),
(658, 1, 1, 'file', NULL, 'Image 2', 'Image 2', 'Image 2', NULL, 'text-2306247453', 'image', 2, NULL, NULL, 'form-control', NULL, NULL, '656', NULL, NULL, NULL, NULL, NULL, 453, 0, 1, '2024-06-26 00:00:00', '127.0.0.1', 1),
(659, 4, 1, 'tab', '1', 'General', 'General respondent information', 'General respondent information', NULL, 'text-2706202411', 'h4', NULL, NULL, NULL, 'form-control', NULL, NULL, NULL, NULL, NULL, NULL, '660,661,662,663,664,665,666,667,668,669,1476,672,673,674,675,1204,1205,1206', NULL, 11, 0, 1, '2024-06-27 00:00:00', '127.0.0.1', 1),
(660, 4, 1, 'date', '1', 'Date of interview', 'Date of interview', 'Date of interview', NULL, 'text-2706202412', 'h4', 15, NULL, NULL, 'form-control', NULL, NULL, '659', NULL, NULL, NULL, NULL, NULL, 12, 0, 1, '2024-06-27 00:00:00', '127.0.0.1', 1),
(661, 4, 1, 'text', '1', 'Respondent name', 'Respondent name', 'Respondent name', NULL, 'text-2706202413', 'text', 250, NULL, NULL, 'form-control', NULL, NULL, '659', NULL, NULL, NULL, NULL, NULL, 13, 0, 1, '2024-06-27 00:00:00', '127.0.0.1', 1),
(662, 4, 1, 'number', '1', 'Age', 'Age', 'Age', NULL, 'text-2706202414', 'number', 3, NULL, 100, 'form-control', NULL, NULL, '659', NULL, NULL, NULL, NULL, NULL, 14, 0, 1, '2024-06-27 00:00:00', '127.0.0.1', 1),
(663, 4, 1, 'radio-group', '1', 'Gender', 'Gender', 'Gender', NULL, 'text-2706202415', NULL, NULL, NULL, NULL, 'form-control', NULL, NULL, '659', NULL, NULL, NULL, NULL, NULL, 15, 0, 1, '2024-06-27 00:00:00', '127.0.0.1', 1),
(664, 4, 1, 'lkp_country', '1', 'Country', 'Country', 'Country', NULL, 'text-2706202421', 'text', 250, NULL, NULL, 'form-control', NULL, NULL, '659', NULL, NULL, NULL, NULL, NULL, 21, 0, 1, '2024-06-27 00:00:00', '127.0.0.1', 1),
(665, 4, 1, 'lkp_major_region', NULL, 'Major region', 'Major region', 'Major region', NULL, 'text-2706202422', 'text', 250, NULL, NULL, 'form-control', NULL, NULL, '659', NULL, NULL, NULL, NULL, NULL, 22, 0, 1, '2024-06-27 00:00:00', '127.0.0.1', 1),
(666, 4, 1, 'lkp_minor_region', NULL, 'Minor region', 'Minor region', 'Minor region', NULL, 'text-2706202423', 'text', 250, NULL, NULL, 'form-control', NULL, NULL, '659', NULL, NULL, NULL, NULL, NULL, 23, 0, 1, '2024-06-27 00:00:00', '127.0.0.1', 1),
(667, 4, 1, 'text', NULL, 'Sub-region', 'Sub-region', 'Sub-region', NULL, 'text-2706202424', 'text', 250, NULL, NULL, 'form-control', 'sub_region', NULL, '659', NULL, NULL, NULL, NULL, NULL, 24, 0, 1, '2024-06-27 00:00:00', '127.0.0.1', 1),
(668, 4, 1, 'text', '1', 'Village/Community', 'Village/Community', 'Community', NULL, 'text-2706202446', 'text', 250, NULL, NULL, 'form-control', 'community_name', NULL, '659', NULL, NULL, NULL, NULL, NULL, 25, 0, 1, '2024-06-27 00:00:00', '127.0.0.1', 1),
(669, 4, 1, 'lkp_communities_type', '1', 'Community type', 'Community type', 'Community type', NULL, 'text-2706202447', 'text', 250, NULL, NULL, 'form-control', NULL, NULL, '659', NULL, NULL, NULL, NULL, NULL, 26, 0, 1, '2024-06-27 00:00:00', '127.0.0.1', 1),
(670, 4, 1, 'text', '1', 'Other specify', 'Other specify', 'Other specify', NULL, 'text-2706202448', NULL, NULL, NULL, NULL, 'form-control', NULL, NULL, '669', NULL, 'Other', NULL, NULL, NULL, 48, 0, 1, '2024-06-27 00:00:00', '127.0.0.1', 0),
(671, 4, 1, 'header', '1', 'Head of household information', 'Head of household information', 'Head of household information', NULL, 'text-2706202449', 'h4', NULL, NULL, NULL, 'form-control', NULL, NULL, '1476', NULL, 'No', NULL, NULL, NULL, 31, 0, 1, '2024-06-27 00:00:00', '127.0.0.1', 1),
(672, 4, 1, 'text', '1', 'Head of HH name', 'Head of HH name', 'Head of HH name', NULL, 'text-2706202450', 'text', 250, NULL, NULL, 'form-control', NULL, NULL, '1476', NULL, 'No', NULL, NULL, NULL, 32, 0, 1, '2024-06-27 00:00:00', '127.0.0.1', 1),
(673, 4, 1, 'number', '1', 'Head of HH age', 'Head of HH age', 'Head of HH age', NULL, 'text-2706202456', 'number', 3, NULL, 100, 'form-control', NULL, NULL, '1476', NULL, 'No', NULL, NULL, NULL, 33, 0, 1, '2024-06-27 00:00:00', '127.0.0.1', 1),
(674, 4, 1, 'radio-group', '1', 'Head of HH gender', 'Head of HH gender', 'Head of HH gender', NULL, 'text-2706202457', NULL, NULL, NULL, NULL, 'form-control', NULL, NULL, '1476', NULL, 'No', NULL, NULL, NULL, 34, 0, 1, '2024-06-27 00:00:00', '127.0.0.1', 1),
(675, 4, 1, 'textarea', '1', 'Cooperative/Organization Affiliations', 'Cooperative/Organization Affiliations', 'Cooperative/Organization Affiliations', NULL, 'text-2706202458', NULL, 1000, NULL, NULL, 'form-control', NULL, NULL, '659', NULL, NULL, NULL, NULL, NULL, 42, 0, 1, '2024-06-27 00:00:00', '127.0.0.1', 1),
(676, 4, 1, 'number', '1', 'Female household members', 'Female household members', 'Female household members', NULL, 'text-2706202459', 'number', 10, NULL, NULL, 'form-control', NULL, NULL, '659', NULL, NULL, NULL, NULL, NULL, 35, 0, 1, '2024-06-27 00:00:00', '127.0.0.1', 0),
(677, 4, 1, 'number', '1', 'Male household members', 'Male household members', 'Male household members', NULL, 'text-2706202460', 'number', 10, NULL, NULL, 'form-control', NULL, NULL, '659', NULL, NULL, NULL, NULL, NULL, 41, 0, 1, '2024-06-27 00:00:00', '127.0.0.1', 0),
(678, 4, 1, 'select', '1', 'Land units', 'Land units', 'Land units', NULL, 'text-2706202461', NULL, NULL, NULL, NULL, 'form-control', NULL, NULL, '668', NULL, NULL, NULL, NULL, NULL, 61, 0, 1, '2024-06-27 00:00:00', '127.0.0.1', 0),
(679, 4, 1, 'text', '1', 'Name of the local units (1 hectare equals)', 'Name of the local units (1 hectare equals)', 'Name of the local units (1 hectare equals)', NULL, 'text-2706202462', 'text', 250, NULL, NULL, 'form-control', NULL, NULL, '678', NULL, 'Local Units', NULL, NULL, NULL, 62, 0, 1, '2024-06-27 00:00:00', '127.0.0.1', 0),
(680, 4, 1, 'select', '1', 'Landholding category', 'Landholding category', 'Landholding category', NULL, 'text-2706202471', NULL, NULL, NULL, NULL, 'form-control', NULL, NULL, '668', NULL, NULL, NULL, NULL, NULL, 71, 0, 1, '2024-06-27 00:00:00', '127.0.0.1', 0),
(681, 4, 1, 'select', '1', 'Occupation of household head', 'Occupation of household head', 'Occupation of household head', NULL, 'text-2706202472', NULL, NULL, NULL, NULL, 'form-control', NULL, NULL, '668', NULL, NULL, NULL, NULL, NULL, 72, 0, 1, '2024-06-27 00:00:00', '127.0.0.1', 0),
(682, 4, 1, 'tab', '1', 'Property/Income', 'Household wealth & sources of income', 'Household wealth & sources of income', NULL, 'text-2706202491', 'h4', NULL, NULL, NULL, 'form-control', NULL, NULL, NULL, NULL, NULL, NULL, '963,683,741,743,744,1208,1209,1210,745,1223,1225', NULL, 70, 0, 1, '2024-06-27 00:00:00', '127.0.0.1', 1),
(683, 4, 1, 'number', '1', 'Land under cultivation', 'Land under cultivation', 'Land under cultivation', NULL, 'text-2706202492', 'desimal', 10, NULL, NULL, 'form-control', NULL, NULL, '682', NULL, NULL, NULL, NULL, NULL, 72, 0, 1, '2024-06-27 00:00:00', '127.0.0.1', 1),
(684, 1, 1, 'text', '1', 'Village/Community', 'Village/Community', 'Community', NULL, 'text-20062024163', NULL, NULL, NULL, NULL, 'form-control', 'community_name', NULL, '501', NULL, NULL, NULL, NULL, NULL, 17, 0, 1, '2024-06-20 00:00:00', '127.0.0.1', 1),
(685, 1, 1, 'lkp_communities_type', '1', 'Community type', 'Community type', 'Community type', NULL, 'text-20062024164', NULL, NULL, NULL, NULL, 'form-control', NULL, NULL, '501', NULL, NULL, NULL, NULL, NULL, 18, 0, 1, '2024-06-20 00:00:00', '127.0.0.1', 1),
(686, 1, 1, 'number', '1', 'Number of male participants', 'Number of male participants', 'Number of male participants', NULL, 'text-20062024284', 'number', 2, NULL, 12, 'form-control', NULL, NULL, '501', NULL, NULL, NULL, NULL, NULL, 28, 0, 1, '2024-07-03 00:00:00', '127.0.0.1', 1),
(687, 1, 1, 'text', NULL, 'Partner organization (s)', 'Partner organization (s)', 'Partner organization (s)', NULL, 'text-20062024332', 'text', 250, NULL, NULL, 'form-control', NULL, NULL, '501', NULL, NULL, NULL, NULL, NULL, 34, 0, 1, '2024-07-03 00:00:00', '127.0.0.1', 1),
(688, 1, 1, 'tab', '1', 'Farm/Household Size', 'Farm/Household Size', 'Farm/Household Size', NULL, 'text-0407202461', 'h4', NULL, NULL, NULL, 'form-control', NULL, NULL, NULL, NULL, NULL, NULL, '689,690,691,692,1042,1490,1043,1044,1045,695,1039,699,700,701,696,1040,956,958,959,697,957,960,961', NULL, 51, 0, 1, '2024-07-04 00:00:00', '127.0.0.1', 1),
(689, 1, 1, 'number', NULL, 'Total households in the village', 'Total households in the village', 'Total households in the village', NULL, 'text-0407202462', 'number', 5, NULL, NULL, 'form-control', NULL, NULL, '688', NULL, NULL, NULL, NULL, NULL, 52, 0, 1, '2024-07-04 00:00:00', '127.0.0.1', 1),
(690, 1, 1, 'number', '1', 'Average members per household', 'Average members per household', 'Average members per household', NULL, 'text-0407202463', 'number', 3, NULL, NULL, 'form-control', NULL, NULL, '688', NULL, NULL, NULL, NULL, NULL, 53, 0, 1, '2024-07-04 00:00:00', '127.0.0.1', 1),
(691, 1, 1, 'number', NULL, '% of HH members migrating outside the area', '% of HH members migrating outside the area', '% of HH members migrating outside the area', NULL, 'text-0407202464', 'desimal', 10, NULL, NULL, 'form-control', NULL, NULL, '688', NULL, NULL, NULL, NULL, NULL, 54, 0, 1, '2024-07-04 00:00:00', '127.0.0.1', 1),
(692, 1, 1, 'textarea', NULL, 'Reasons for migration', 'Reasons for migration', 'Reasons for migration', NULL, 'text-0407202465', NULL, 1000, NULL, NULL, 'form-control', NULL, NULL, '688', NULL, NULL, NULL, NULL, NULL, 55, 0, 1, '2024-07-04 00:00:00', '127.0.0.1', 1),
(693, 1, 1, 'checkbox-group', '1', 'Range of farm sizes', 'Range of farm sizes', 'Range of farm sizes', NULL, 'text-0407202471', NULL, NULL, NULL, NULL, 'form-control', NULL, NULL, '688', NULL, NULL, NULL, NULL, NULL, 60, 0, 1, '2024-07-04 00:00:00', '127.0.0.1', 0),
(694, 1, 1, 'number', '1', 'Enter farm size - Landless', 'Enter farm size - Landless', 'Enter farm size - Landless', NULL, 'text-0407202472', 'desimal', 10, NULL, NULL, 'form-control', NULL, NULL, '693', NULL, 'Landless', NULL, NULL, NULL, 72, 0, 1, '2024-07-04 00:00:00', '127.0.0.1', 0),
(695, 1, 1, 'number', '1', 'Enter farm size - Small farm', 'Enter farm size - Small farm (Less than - 1)', 'Enter farm size - Small farm (Less than - 1)', NULL, 'text-0407202473', 'desimal', 10, 0, NULL, 'form-control', 'Less than', NULL, '688', NULL, NULL, NULL, NULL, NULL, 71, 0, 1, '2024-07-04 00:00:00', '127.0.0.1', 1),
(696, 1, 1, 'number', '1', 'Enter from farm size - Medium farm', 'Enter farm size - Medium farm (1 – 5)', 'Enter farm size - Medium farm (1 – 5)', NULL, 'text-0407202474', 'desimal', 10, NULL, NULL, 'form-control', 'medium_farm_from', NULL, '688', NULL, NULL, NULL, NULL, NULL, 78, 0, 1, '2024-07-04 00:00:00', '127.0.0.1', 1),
(697, 1, 1, 'number', '1', 'Enter farm size - Large farm', 'Enter farm size - Large farm ( 5  or larger)', 'Enter farm size - Large farm ( 5  or larger)', NULL, 'text-0407202475', 'desimal', 10, NULL, NULL, 'form-control', 'or Larger', NULL, '688', NULL, NULL, NULL, NULL, NULL, 87, 0, 1, '2024-07-04 00:00:00', '127.0.0.1', 1),
(698, 1, 1, 'select', '1', 'Units - Small farm', 'Units - Small farm (Less than - 1)', 'Units - Small farm (Less than - 1)', NULL, 'text-0407202481', NULL, NULL, NULL, NULL, 'form-control', NULL, NULL, '688', NULL, NULL, NULL, NULL, NULL, 73, 0, 1, '2024-07-04 00:00:00', '127.0.0.1', 0),
(699, 1, 1, 'number', '1', '% of households - Small farm', '% of households - Small farm (Less than - 1)', '% of households - Small farm (Less than - 1)', NULL, 'text-0407202482', 'desimal', 10, NULL, 100, 'form-control', 'smallfarm', NULL, '688', NULL, NULL, NULL, NULL, NULL, 74, 0, 1, '2024-07-04 00:00:00', '127.0.0.1', 1),
(700, 1, 1, 'number', '1', '% of households managed by gender - Female Small farm', '% of households managed by gender - Female', '% of households managed by gender - Female', NULL, 'text-0407202483', 'desimal', 10, NULL, 100, 'form-control', 'smallfarm_female', NULL, '688', NULL, NULL, NULL, NULL, NULL, 75, 0, 1, '2024-07-04 00:00:00', '127.0.0.1', 1),
(701, 1, 1, 'number', '1', '% of households managed by gender - Male Small farm', '% of households managed by gender - Male', '% of households managed by gender - Male', NULL, 'text-0407202484', 'desimal', 10, NULL, 100, 'form-control', 'smallfarm_male', NULL, '688', NULL, NULL, NULL, NULL, NULL, 76, 0, 1, '2024-07-04 00:00:00', '127.0.0.1', 1),
(702, 1, 1, 'number', '1', '% of households managed by gender - Male', '% of households managed by gender - Male', '% of households managed by gender - Male', NULL, 'text-0407202484', 'desimal', 10, NULL, NULL, 'form-control', NULL, NULL, '688', NULL, NULL, NULL, NULL, NULL, 84, 0, 1, '2024-07-04 00:00:00', '127.0.0.1', 0),
(703, 1, 1, 'tab', '1', 'Seasons/Rainfall', 'Seasons/Rainfall', 'Seasons/Rainfall', NULL, 'text-04072024111', 'h4', NULL, NULL, NULL, 'form-control', NULL, NULL, NULL, NULL, NULL, NULL, '704,707,1193,875,1194,876,1195,877,1196,878,1197,879,1198,880,1199,881,1200,882,1201,883,1202,884,1203,885', NULL, 151, 0, 1, '2024-07-04 00:00:00', '127.0.0.1', 1),
(704, 1, 1, 'lkp_add_season', '1', 'Name the seasons that occur in the area? - Jan', 'Name the seasons that occur in the area?', 'Name the seasons that occur in the area?', NULL, 'text-04072024112', 'text', 250, NULL, NULL, 'form-control', NULL, NULL, '703', NULL, NULL, NULL, NULL, NULL, 153, 0, 1, '2024-07-04 00:00:00', '127.0.0.1', 1),
(705, 1, 1, 'text', '1', 'Others', 'Others', 'Others', NULL, 'text-04072024113', 'text', 250, NULL, NULL, 'form-control', NULL, NULL, '704', NULL, 'Others', NULL, NULL, NULL, 97, 0, 1, '2024-07-04 00:00:00', '127.0.0.1', 0),
(706, 1, 1, 'checkbox-group', '1', 'Indicate which months the seasons occur', 'Indicate which months the seasons occur', 'Indicate which months the seasons occur', NULL, 'text-04072024114', NULL, NULL, NULL, NULL, 'form-control', 'add_season', NULL, '703', NULL, NULL, NULL, NULL, NULL, 156, 0, 1, '2024-07-04 00:00:00', '127.0.0.1', 0),
(707, 1, 1, 'select', '1', 'Mention the rainfall in Jan month (mm)', 'Mention the rainfall in that month (mm)', 'Mention the rainfall in that month (mm)', '(On a scale of 0–5, where 0 = no rainfall and 5 = heavy rainfall)', 'text-04072024115', NULL, NULL, NULL, NULL, 'form-control', NULL, NULL, '703', NULL, NULL, NULL, NULL, NULL, 154, 0, 1, '2024-07-04 00:00:00', '127.0.0.1', 1),
(708, 1, 1, 'tab', '1', 'Feed/Context Issues', 'Feed/Context issues', 'Feed/Context issues', NULL, 'text-04072024121', 'h4', NULL, NULL, NULL, 'form-control', NULL, NULL, NULL, NULL, NULL, NULL, '709,710,712,713,714,715,716,717,718,719,720,721', NULL, 241, 0, 1, '2024-07-04 00:00:00', '127.0.0.1', 1),
(709, 1, 1, 'select', '1', 'What best describes the agricultural systems?', 'What best describes the agricultural systems?', 'What best describes the agricultural systems?', NULL, 'text-04072024122', NULL, NULL, NULL, NULL, 'form-control', NULL, NULL, '708', NULL, NULL, NULL, NULL, NULL, 242, 0, 1, '2024-07-04 00:00:00', '127.0.0.1', 1),
(710, 1, 1, 'select', '1', 'Core commodity of interest to community', 'Core commodity of interest to community', 'Core commodity of interest to community', NULL, 'text-04072024123', NULL, NULL, NULL, NULL, 'form-control', NULL, NULL, '708', NULL, NULL, NULL, NULL, NULL, 243, 0, 1, '2024-07-04 00:00:00', '127.0.0.1', 1),
(711, 1, 1, 'checkbox-group', '1', 'Core context attribute/Feed issue ratings', 'Core context attribute/Feed issue ratings', 'Core context attribute/Feed issue ratings', NULL, 'text-04072024124', NULL, NULL, NULL, NULL, 'form-control', NULL, NULL, '708', NULL, NULL, NULL, NULL, NULL, 244, 0, 1, '2024-07-04 00:00:00', '127.0.0.1', 0),
(712, 1, 1, 'select', '1', 'Score - Availability of water in growing season', 'Score - Availability of water in growing season', 'Score - Availability of water in growing season', 'Note : On a scale of 0 to 4, 0=no, 4=best', 'text-04072024131', NULL, NULL, NULL, NULL, 'form-control', 'Ref : Question 1.7.2 in FEAST discussion guide', NULL, '708', NULL, NULL, NULL, NULL, NULL, 251, 0, 1, '2024-07-04 00:00:00', '127.0.0.1', 1),
(713, 1, 1, 'select', '1', 'Score -Availability of knowledge/skill', 'Score -Availability of knowledge/skill', 'Score -Availability of knowledge/skill', 'Note : On a scale of 0 to 4, 0=no, 4=best', 'text-04072024132', NULL, NULL, NULL, NULL, 'form-control', 'Ref : Based on facilitator\'s best judgment', NULL, '708', NULL, NULL, NULL, NULL, NULL, 253, 0, 1, '2024-07-04 00:00:00', '127.0.0.1', 1),
(714, 1, 1, 'select', '1', 'Score - Availability of labor', 'Score - Availability of labor', 'Score - Availability of labor', 'Note : On a scale of 0 to 4, 0=no, 4=best', 'text-04072024133', NULL, NULL, NULL, NULL, 'form-control', 'Ref : Question 1.8 in FEAST discussion guide', NULL, '708', NULL, NULL, NULL, NULL, NULL, 255, 0, 1, '2024-07-04 00:00:00', '127.0.0.1', 1),
(715, 1, 1, 'select', '1', 'Score - Availability of cash/credit', 'Score - Availability of cash/credit', 'Score - Availability of cash/credit', 'Note : On a scale of 0 to 4, 0=no, 4=best', 'text-04072024134', NULL, NULL, NULL, NULL, 'form-control', 'Ref : Question 1.10 in FEAST discussion guide', NULL, '708', NULL, NULL, NULL, NULL, NULL, 262, 0, 1, '2024-07-04 00:00:00', '127.0.0.1', 1),
(716, 1, 1, 'select', '1', 'Score - Availability of land for fodder cultivation', 'Score - Availability of land for fodder cultivation', 'Score - Availability of land for fodder cultivation', 'Note : On a scale of 0 to 4, 0=no, 4=best', 'text-04072024135', NULL, NULL, NULL, NULL, 'form-control', 'Ref : Question 1.11 in FEAST discussion guide', NULL, '708', NULL, NULL, NULL, NULL, NULL, 264, 0, 1, '2024-07-04 00:00:00', '127.0.0.1', 1),
(717, 1, 1, 'select', '1', 'Score - Availability of input delivery', 'Score - Availability of input delivery', 'Score - Availability of input delivery', 'Note : On a scale of 0 to 4, 0=no, 4=best', 'text-04072024141', NULL, NULL, NULL, NULL, 'form-control', 'Ref : Question 1.12 in FEAST discussion guide', NULL, '708', NULL, NULL, NULL, NULL, NULL, 271, 0, 1, '2024-07-04 00:00:00', '127.0.0.1', 1),
(718, 1, 1, 'select', '1', 'Is scarcity of feed in the dry/cool season a problem?', 'Is scarcity of feed in the dry/cool season a problem?', 'Is scarcity of feed in the dry/cool season a problem?', 'Note : (0=no, 4=serious problem)', 'text-04072024142', NULL, NULL, NULL, NULL, 'form-control', 'Ref : Question 3 in FEAST discussion guide', NULL, '708', NULL, NULL, NULL, NULL, NULL, 273, 0, 1, '2024-07-04 00:00:00', '127.0.0.1', 1),
(719, 1, 1, 'select', '1', 'Is scarcity of feed in the growing season a problem?', 'Is scarcity of feed in the growing season a problem?', 'Is scarcity of feed in the growing season a problem?', 'Note : (0=no, 4=serious problem)', 'text-04072024143', NULL, NULL, NULL, NULL, 'form-control', 'Ref : Question 3 in FEAST discussion guide', NULL, '708', NULL, NULL, NULL, NULL, NULL, 275, 0, 1, '2024-07-04 00:00:00', '127.0.0.1', 1),
(720, 1, 1, 'select', '1', 'Is overall feed availability a problem?', 'Is overall feed availability a problem?', 'Is overall feed availability a problem?', 'Note : (0=no, 4=serious problem)', 'text-04072024144', NULL, NULL, NULL, NULL, 'form-control', 'Ref : Question 3 in FEAST discussion guide', NULL, '708', NULL, NULL, NULL, NULL, NULL, 282, 0, 1, '2024-07-04 00:00:00', '127.0.0.1', 1),
(721, 1, 1, 'select', '1', 'Is overall feed quality a problem?', 'Is overall feed quality a problem?', 'Is overall feed quality a problem?', 'Note : (0=no, 4=serious problem)', 'text-04072024145', NULL, NULL, NULL, NULL, 'form-control', 'Ref : Question 3 in FEAST discussion guide', NULL, '708', NULL, NULL, NULL, NULL, NULL, 284, 0, 1, '2024-07-04 00:00:00', '127.0.0.1', 1),
(722, 1, 1, 'tab', '1', 'Agro-Economic Data', 'Agro-economic data', 'Agro-economic data', NULL, 'text-04072024171', 'h4', NULL, NULL, NULL, 'form-control', NULL, NULL, NULL, NULL, NULL, NULL, '723,724,725,726,728,729,730,731,732,733,873,874,736,1475,737,738', NULL, 321, 0, 1, '2024-07-04 00:00:00', '127.0.0.1', 1),
(723, 1, 1, 'lkp_currency', '1', 'All prices in', 'All prices in', 'All prices in', NULL, 'text-04072024172', NULL, NULL, NULL, NULL, 'form-control', NULL, NULL, '722', NULL, NULL, NULL, NULL, NULL, 322, 0, 1, '2024-07-04 00:00:00', '127.0.0.1', 1),
(724, 1, 1, 'number', '1', 'Price to lease 1 ha of land', 'Price to lease 1 ha of land', 'Price to lease 1 ha of land', NULL, 'text-04072024173', 'desimal', 10, NULL, NULL, 'form-control', NULL, NULL, '722', NULL, NULL, NULL, NULL, NULL, 323, 0, 1, '2024-07-04 00:00:00', '127.0.0.1', 1),
(725, 1, 1, 'number', '1', '% of land under cultivation', '% of land under cultivation', '% of land under cultivation', NULL, 'text-04072024181', 'desimal', 10, NULL, NULL, 'form-control', NULL, NULL, '722', NULL, NULL, NULL, NULL, NULL, 324, 0, 1, '2024-07-04 00:00:00', '127.0.0.1', 1),
(726, 1, 1, 'number', '1', '% of land land left fallow', '% of land land left fallow', '% of land land left fallow', NULL, 'text-04072024182', 'desimal', 10, NULL, NULL, 'form-control', NULL, NULL, '722', NULL, NULL, NULL, NULL, NULL, 325, 0, 1, '2024-07-04 00:00:00', '127.0.0.1', 1),
(727, 1, 1, 'checkbox-group', '1', 'Cultivated land devoted to', 'Cultivated land devoted to', 'Cultivated land devoted to', NULL, 'text-04072024183', NULL, NULL, NULL, NULL, 'form-control', NULL, NULL, '722', NULL, NULL, NULL, NULL, NULL, 331, 0, 1, '2024-07-04 00:00:00', '127.0.0.1', 0),
(728, 1, 1, 'number', '1', '% of cultivated land devoted to- Cash crops', '% of cultivated land - Cash crops', '% of cultivated land - Cash crops', NULL, 'text-04072024184', 'desimal', 10, NULL, NULL, 'form-control', NULL, NULL, '722', NULL, NULL, NULL, NULL, NULL, 333, 0, 1, '2024-07-04 00:00:00', '127.0.0.1', 1),
(729, 1, 1, 'number', '1', '% of cultivated land devoted to - Subsistence', '% of cultivated land - Subsistence', '% of cultivated land - Subsistence', NULL, 'text-04072024185', 'desimal', 10, NULL, NULL, 'form-control', NULL, NULL, '722', NULL, NULL, NULL, NULL, NULL, 335, 0, 1, '2024-07-04 00:00:00', '127.0.0.1', 1),
(730, 1, 1, 'number', '1', '% of cultivated land devoted to - Fodder', '% of cultivated land - Fodder', '% of cultivated land - Fodder', NULL, 'text-04072024186', 'desimal', 10, NULL, NULL, 'form-control', NULL, NULL, '722', NULL, NULL, NULL, NULL, NULL, 342, 0, 1, '2024-07-04 00:00:00', '127.0.0.1', 1),
(731, 1, 1, 'number', '1', 'Informal credit as % of all credit', 'Informal credit as % of all credit', 'Informal credit as % of all credit', NULL, 'text-04072024192', 'desimal', 10, NULL, NULL, 'form-control', NULL, NULL, '722', NULL, NULL, NULL, NULL, NULL, 343, 0, 1, '2024-07-04 00:00:00', '127.0.0.1', 1),
(732, 1, 1, 'number', '1', 'Formal credit as % of all credit', 'Formal credit as % of all credit', 'Formal credit as % of all credit', NULL, 'text-04072024193', 'desimal', 10, NULL, NULL, 'form-control', NULL, NULL, '722', NULL, NULL, NULL, NULL, NULL, 344, 0, 1, '2024-07-04 00:00:00', '127.0.0.1', 1),
(733, 1, 1, 'number', '1', 'Farmers engaged in feed processing', 'Farmers engaged in feed processing', 'Farmers engaged in feed processing', NULL, 'text-04072024194', 'desimal', 10, NULL, 100, 'form-control', NULL, NULL, '722', NULL, NULL, NULL, NULL, NULL, 345, 0, 1, '2024-07-04 00:00:00', '127.0.0.1', 1),
(734, 1, 1, 'checkbox-group', '1', 'Gender balanced of farmers engaged in processing', 'Gender balanced of farmers engaged in processing', 'Gender balanced of farmers engaged in processing', NULL, 'text-04072024195', NULL, NULL, NULL, NULL, 'form-control', NULL, NULL, '722', NULL, NULL, NULL, NULL, NULL, 351, 0, 1, '2024-07-04 00:00:00', '127.0.0.1', 0),
(735, 1, 1, 'header', '1', 'A.I. Service', 'A.I. Service', 'A.I. Service', NULL, 'text-04072024201', NULL, NULL, NULL, NULL, 'form-control', NULL, NULL, '722', NULL, NULL, NULL, NULL, NULL, 361, 0, 1, '2024-07-04 00:00:00', '127.0.0.1', 1),
(736, 1, 1, 'number', '1', '% of farmers who use A.I Service', '% of farmers who use A.I Service', '% of farmers who use A.I Service', NULL, 'text-04072024202', 'desimal', 10, NULL, NULL, 'form-control', NULL, NULL, '722', NULL, NULL, NULL, NULL, NULL, 362, 0, 1, '2024-07-04 00:00:00', '127.0.0.1', 1),
(737, 1, 1, 'number', NULL, 'Average distance to market (Km)', 'Average distance to market (Km)', 'Average distance to market (Km)', NULL, 'text-04072024203', 'desimal', 10, NULL, NULL, 'form-control', NULL, NULL, '722', NULL, NULL, NULL, NULL, NULL, 365, 0, 1, '2024-07-04 00:00:00', '127.0.0.1', 1),
(738, 1, 1, 'number', NULL, 'Average cost to travel to market', 'Average cost to travel to market', 'Average cost to travel to market', NULL, 'text-04072024204', 'desimal', 10, NULL, NULL, 'form-control', NULL, NULL, '722', NULL, NULL, NULL, NULL, NULL, 366, 0, 1, '2024-07-04 00:00:00', '127.0.0.1', 1),
(739, 1, 1, 'tab', '1', 'Labour', 'Labour', 'Labour', NULL, 'text-04072024231', 'h4', NULL, NULL, NULL, 'form-control', NULL, NULL, NULL, NULL, NULL, NULL, '651,740,868,869', NULL, 390, 0, 1, '2024-07-04 00:00:00', '127.0.0.1', 1),
(740, 1, 1, 'number', '1', 'Maximum cost of daily labour (local currency/day)', 'Maximum cost of daily labour (local currency/day)', 'Maximum cost of daily labour (local currency/day)', NULL, 'text-04072024232', 'desimal', 10, NULL, NULL, 'form-control', NULL, NULL, '739', NULL, NULL, NULL, NULL, NULL, 392, 0, 1, '2024-07-05 00:00:00', '127.0.0.1', 1),
(741, 4, 1, 'lkp_units', '1', 'Units', 'Units', 'Units', NULL, 'text-2706202493', 'area', NULL, NULL, NULL, 'form-control', NULL, NULL, '682', NULL, NULL, NULL, NULL, NULL, 73, 0, 1, '2024-07-05 00:00:00', '127.0.0.1', 1),
(742, 4, 1, 'group', '1', 'Livestock Holding', 'Others specify', 'Others specify', NULL, 'text-2706202494', 'h4', 20, NULL, NULL, 'form-control', NULL, NULL, '749', NULL, NULL, NULL, '750,886,755,756,757', NULL, 301, 0, 1, '2024-07-05 00:00:00', '127.0.0.1', 1),
(743, 4, 1, 'select', '1', 'Landholding category', 'Landholding category', 'Landholding category', NULL, 'text-2706202494', NULL, NULL, NULL, NULL, 'form-control', NULL, NULL, '682', NULL, NULL, NULL, NULL, NULL, 75, 0, 1, '2024-07-05 00:00:00', '127.0.0.1', 1),
(744, 4, 1, 'text', '1', 'Head of HH occupation', 'Head of HH occupation', 'Head of HH occupation', NULL, 'text-2706202495', 'text', 250, NULL, NULL, 'form-control', NULL, NULL, '682', NULL, NULL, NULL, NULL, NULL, 81, 0, 1, '2024-07-05 00:00:00', '127.0.0.1', 1),
(745, 4, 1, 'group', '1', 'Household income (%)', 'Household income (%)', 'Household income (%)', NULL, 'text-27062024101', 'h4', 20, NULL, NULL, 'form-control', NULL, NULL, '682', NULL, NULL, NULL, '746,748,1212', NULL, 91, 0, 1, '2024-07-05 00:00:00', '127.0.0.1', 1),
(746, 4, 1, 'lkp_income_activities', '1', 'What are the four main sources of household income?', 'What are the four main sources of household income?', 'What are the four main sources of household income?', NULL, 'text-27062024102', NULL, NULL, NULL, 4, 'form-control', NULL, NULL, '745', NULL, NULL, NULL, NULL, NULL, 92, 0, 1, '2024-07-05 00:00:00', '127.0.0.1', 1),
(747, 4, 1, 'text', '1', 'Other specify', 'Other specify', 'Other specify', NULL, 'text-27062024103', 'text', 250, NULL, NULL, 'form-control', NULL, NULL, '746', NULL, 'Other', NULL, NULL, NULL, 161, 0, 1, '2024-07-05 00:00:00', '127.0.0.1', 0),
(748, 4, 1, 'number', '1', '% Contribution to household income (%)', 'Contribution to household income (%)', 'Contribution to household income (%)', NULL, 'text-27062024104', 'desimal', 10, NULL, NULL, 'form-control', NULL, NULL, '745', NULL, NULL, NULL, NULL, NULL, 94, 0, 1, '2024-07-05 00:00:00', '127.0.0.1', 1),
(749, 4, 1, 'tab', '1', 'Livestock Holding', 'Livestock holding', 'Livestock holding', NULL, 'text-27062024131', 'h4', NULL, NULL, NULL, 'form-control', NULL, NULL, NULL, NULL, NULL, NULL, '742', NULL, 300, 0, 1, '2024-07-05 00:00:00', '127.0.0.1', 1),
(750, 4, 1, 'lkp_livestock', '1', 'Livestock category', 'Livestock category', 'Livestock category', NULL, 'text-27062024132', NULL, NULL, NULL, NULL, 'form-control', NULL, NULL, '742', NULL, NULL, NULL, NULL, NULL, 302, 0, 1, '2024-07-05 00:00:00', '127.0.0.1', 1),
(751, 4, 1, 'select', '1', 'Animal type - Local dairy cattle', 'Animal type - Local dairy cattle', 'Animal type - Local dairy cattle', NULL, 'text-27062024133', NULL, NULL, NULL, NULL, 'form-control', NULL, NULL, '750', NULL, '12', NULL, NULL, NULL, 314, 0, 1, '2024-07-05 00:00:00', '127.0.0.1', 0),
(752, 4, 1, 'select', '1', 'Animal type - Improved dairy cattle', 'Animal type - Improved dairy cattle', 'Animal type - Improved dairy cattle', NULL, 'text-27062024134', NULL, NULL, NULL, NULL, 'form-control', NULL, NULL, '750', NULL, '9', NULL, NULL, NULL, 324, 0, 1, '2024-07-05 00:00:00', '127.0.0.1', 0),
(753, 4, 1, 'select', '1', 'Animal type - Local Buffalo', 'Animal type - Local Buffalo', 'Animal type - Local Buffalo', NULL, 'text-27062024135', NULL, NULL, NULL, NULL, 'form-control', NULL, NULL, '750', NULL, '11', NULL, NULL, NULL, 335, 0, 1, '2024-07-05 00:00:00', '127.0.0.1', 0),
(754, 4, 1, 'select', '1', 'Animal type - Improved Buffalo', 'Animal type - Improved Buffalo', 'Animal type - Improved Buffalo', NULL, 'text-27062024141', NULL, NULL, NULL, NULL, 'form-control', NULL, NULL, '750', NULL, '8', NULL, NULL, NULL, 349, 0, 1, '2024-07-05 00:00:00', '127.0.0.1', 0),
(755, 4, 1, 'number', '1', 'Headcount', 'Headcount', 'Headcount', NULL, 'text-27062024161', 'number', 10, NULL, NULL, 'form-control', NULL, NULL, '742', NULL, NULL, NULL, NULL, NULL, 305, 0, 1, '2024-07-05 00:00:00', '127.0.0.1', 1),
(756, 4, 1, 'text', NULL, 'Dominant breed', 'Dominant breed', 'Dominant breed', NULL, 'text-27062024162', 'text', 100, NULL, NULL, 'form-control', NULL, NULL, '742', NULL, NULL, NULL, NULL, NULL, 311, 0, 1, '2024-07-05 00:00:00', '127.0.0.1', 1),
(757, 4, 1, 'number', '1', 'Average weight (kg)', 'Average weight (kg)', 'Average weight (kg)', NULL, 'text-27062024164', 'desimal', 10, NULL, NULL, 'form-control', NULL, NULL, '742', NULL, NULL, NULL, NULL, NULL, 312, 0, 1, '2024-07-05 00:00:00', '127.0.0.1', 1),
(758, 4, 1, 'tab', '1', 'Crops', 'Crops grown', 'Crops grown', NULL, 'text-27062024201', 'h4', NULL, NULL, NULL, 'form-control', NULL, NULL, NULL, NULL, NULL, NULL, '760', NULL, 480, 0, 1, '2024-07-05 00:00:00', '127.0.0.1', 1),
(759, 4, 1, 'lkp_crop', '1', 'Crop type', 'Crop type', 'Crop type', NULL, 'text-27062024202', NULL, NULL, NULL, NULL, 'form-control', NULL, NULL, '760', NULL, NULL, NULL, NULL, NULL, 482, 0, 1, '2024-07-05 00:00:00', '127.0.0.1', 1),
(760, 4, 1, 'group', '1', 'Crops grown (Excluding crops grown specifically for fodder)', 'Crops grown (Excluding crops grown specifically for fodder)', 'Crop data', NULL, 'text-27062024203', 'h4', 20, NULL, NULL, 'form-control', NULL, NULL, '758', NULL, NULL, NULL, '759,761,762,763,765,767,768,769,770,771,909', NULL, 481, 0, 1, '2024-07-05 00:00:00', '127.0.0.1', 1),
(761, 4, 1, 'number', '1', 'Cultivated area', 'Cultivated area', 'Cultivated area', NULL, 'text-27062024204', 'desimal', 10, NULL, NULL, 'form-control', NULL, NULL, '760', NULL, NULL, NULL, NULL, NULL, 484, 0, 1, '2024-07-05 00:00:00', '127.0.0.1', 1),
(762, 4, 1, 'lkp_units', '1', 'Units', 'Units', 'Units', NULL, 'text-27062024205', 'area', NULL, NULL, NULL, 'form-control', NULL, NULL, '760', NULL, NULL, NULL, NULL, NULL, 485, 0, 1, '2024-07-05 00:00:00', '127.0.0.1', 1),
(763, 4, 1, 'lkp_units', '1', 'Units', 'Unit', 'Unit', NULL, 'text-27062024211', 'weight', NULL, NULL, NULL, 'form-control', NULL, NULL, '760', NULL, NULL, NULL, NULL, NULL, 492, 0, 1, '2024-07-05 00:00:00', '127.0.0.1', 1),
(764, 4, 1, 'text', '1', 'Others specify', 'Others specify', 'Others specify', NULL, 'text-27062024212', 'text', 250, NULL, NULL, 'form-control', NULL, NULL, '763', NULL, 'Others', NULL, NULL, NULL, 493, 0, 1, '2024-07-05 00:00:00', '127.0.0.1', 0),
(765, 4, 1, 'header', '1', 'Uses of residue', 'Uses of residue', 'Uses of residue', NULL, 'text-27062024213', 'h4', NULL, NULL, NULL, 'form-control', NULL, NULL, '760', NULL, NULL, NULL, NULL, NULL, 494, 0, 1, '2024-07-05 00:00:00', '127.0.0.1', 1),
(766, 4, 1, 'group', '1', 'Fodder crops', 'Fodder Crops', 'Others specify', NULL, 'text-27062024214', 'h4', 20, NULL, NULL, 'form-control', NULL, NULL, '772', NULL, NULL, NULL, '779,780,781', NULL, 580, 0, 1, '2024-07-05 00:00:00', '127.0.0.1', 1),
(767, 4, 1, 'number', '1', 'Fed to animals (%)', 'Residue use (%) - Fed to animals', 'Residue use (%) - Fed to animals', NULL, 'text-27062024216', 'desimal', 10, NULL, NULL, 'form-control', NULL, NULL, '760', NULL, NULL, NULL, NULL, NULL, 501, 0, 1, '2024-07-05 00:00:00', '127.0.0.1', 1),
(768, 4, 1, 'number', '1', 'Burned (%)', 'Residue use (%) - Burned', 'Residue use (%) - Burned', NULL, 'text-27062024225', 'desimal', 10, NULL, NULL, 'form-control', NULL, NULL, '760', NULL, NULL, NULL, NULL, NULL, 503, 0, 1, '2024-07-05 00:00:00', '127.0.0.1', 1),
(769, 4, 1, 'number', '1', 'Mulched (%)', 'Residue use (%) - Mulched', 'Residue use (%) - Mulched', NULL, 'text-27062024226', 'desimal', 10, NULL, NULL, 'form-control', NULL, NULL, '760', NULL, NULL, NULL, NULL, NULL, 505, 0, 1, '2024-07-05 00:00:00', '127.0.0.1', 1),
(770, 4, 1, 'number', '1', 'Sold (%)', 'Residue use (%) - Sold', 'Residue use (%) - Sold', NULL, 'text-27062024227', 'desimal', 10, NULL, NULL, 'form-control', NULL, NULL, '760', NULL, NULL, NULL, NULL, NULL, 507, 0, 1, '2024-07-05 00:00:00', '127.0.0.1', 1),
(771, 4, 1, 'number', '1', 'Other (%)', 'Residue use (%) - Other', 'Residue use (%) - Other', NULL, 'text-27062024228', 'desimal', 10, NULL, NULL, 'form-control', NULL, NULL, '760', NULL, NULL, NULL, NULL, NULL, 513, 0, 1, '2024-07-05 00:00:00', '127.0.0.1', 1),
(772, 4, 1, 'tab', '1', 'Fodder and Diet', 'Fodder and diet', 'Fodder and diet', NULL, 'text-27062024261', 'h4', NULL, NULL, NULL, 'form-control', NULL, NULL, NULL, NULL, NULL, NULL, '774,775,776,777,778,766,1114', NULL, 551, 0, 1, '2024-07-05 00:00:00', '127.0.0.1', 1),
(773, 4, 1, 'header', '1', 'Contribution to animal’s diet', 'Contribution to animal’s diet', 'Contribution to animal’s diet', NULL, 'text-27062024262', 'h4', NULL, NULL, NULL, 'form-control', NULL, NULL, '772', NULL, NULL, NULL, NULL, NULL, 552, 0, 1, '2024-07-05 00:00:00', '127.0.0.1', 1),
(774, 4, 1, 'number', '1', 'Collected fodder (%)', '% of contribution of animal’s diet - Collected fodder', '% of contribution of animal’s diet - Collected fodder', NULL, 'text-27062024263', 'desimal', 10, NULL, 100, 'form-control', NULL, NULL, '772', NULL, NULL, NULL, NULL, NULL, 554, 0, 1, '2024-07-24 00:00:00', '127.0.0.1', 1),
(775, 4, 1, 'number', '1', 'Grazing (%)', '% of contribution of animal’s diet - Grazing', '% of contribution of animal’s diet - Grazing', NULL, 'text-27062024264', 'desimal', 10, NULL, 100, 'form-control', NULL, NULL, '772', NULL, NULL, NULL, NULL, NULL, 561, 0, 1, '2024-07-24 00:00:00', '127.0.0.1', 1),
(776, 4, 1, 'number', '1', 'Cultivated fodder (%)', '% of contribution of animal’s diet - Cultivated fodder', '% of contribution of animal’s diet - Cultivated fodder', NULL, 'text-27062024265', 'desimal', 10, NULL, 100, 'form-control', NULL, NULL, '772', NULL, NULL, NULL, NULL, NULL, 563, 0, 1, '2024-07-24 00:00:00', '127.0.0.1', 1),
(777, 4, 1, 'number', '1', 'Crop residue (%)', '% of contribution of animal’s diet - Crop residue', '% of contribution of animal’s diet - Crop residue', NULL, 'text-27062024271', 'desimal', 10, NULL, 100, 'form-control', NULL, NULL, '772', NULL, NULL, NULL, NULL, NULL, 565, 0, 1, '2024-07-24 00:00:00', '127.0.0.1', 1),
(778, 4, 1, 'number', '1', 'Purchased feed (%)', '% of contribution of animal’s diet - Purchased feed', '% of contribution of animal’s diet - Purchased feed', NULL, 'text-27062024271', 'desimal', 10, NULL, 100, 'form-control', NULL, NULL, '772', NULL, NULL, NULL, NULL, NULL, 572, 0, 1, '2024-07-24 00:00:00', '127.0.0.1', 1),
(779, 4, 1, 'lkp_fodder_type', '1', 'Fodder crop type', 'Fodder crop type', 'Fodder crop type', NULL, 'text-27062024273', NULL, NULL, NULL, NULL, 'form-control', NULL, NULL, '766', NULL, NULL, NULL, NULL, NULL, 581, 0, 1, '2024-07-25 00:00:00', '127.0.0.1', 1),
(780, 4, 1, 'number', '1', 'Cultivated area', 'Cultivated area', 'Cultivated area', NULL, 'text-27062024274', 'desimal', 10, NULL, NULL, 'form-control', NULL, NULL, '766', NULL, NULL, NULL, NULL, NULL, 582, 0, 1, '2024-07-25 00:00:00', '127.0.0.1', 1),
(781, 4, 1, 'lkp_units', '1', 'Units', 'Units', 'Units', NULL, 'text-27062024275', 'area', NULL, NULL, NULL, 'form-control', NULL, NULL, '766', NULL, NULL, NULL, NULL, NULL, 583, 0, 1, '2024-07-25 00:00:00', '127.0.0.1', 1),
(782, 4, 1, 'lkp_feed_type', '1', 'Feed purchases', 'Feed purchases', 'Feed purchases', NULL, 'text-27062024281', NULL, NULL, NULL, NULL, 'form-control', NULL, NULL, '1114', NULL, NULL, NULL, NULL, NULL, 701, 0, 1, '2024-07-25 00:00:00', '127.0.0.1', 1),
(783, 4, 1, 'number', '1', 'Quantity purchased', 'Quantity purchased', 'Quantity purchased', NULL, 'text-27062024282', 'desimal', 10, NULL, NULL, 'form-control', NULL, NULL, '1114', NULL, NULL, NULL, NULL, NULL, 702, 0, 1, '2024-07-25 00:00:00', '127.0.0.1', 1),
(784, 4, 1, 'lkp_units', '1', 'Units', 'Units', 'Units', NULL, 'text-27062024283', 'weight', NULL, NULL, NULL, 'form-control', NULL, NULL, '1114', NULL, NULL, NULL, NULL, NULL, 703, 0, 1, '2024-07-25 00:00:00', '127.0.0.1', 1),
(785, 4, 1, 'number', '1', 'Price per unit ', 'Price per unit', 'Price per unit', NULL, 'text-27062024284', 'desimal', 10, NULL, NULL, 'form-control', NULL, NULL, '1114', NULL, NULL, NULL, NULL, NULL, 704, 0, 1, '2024-07-25 00:00:00', '127.0.0.1', 1),
(786, 4, 1, 'number', '1', 'Number of times purchased per year', 'Number of times purchased per year', 'Number of times purchased per year', NULL, 'text-27062024284', 'number', 10, NULL, NULL, 'form-control', NULL, NULL, '1114', NULL, NULL, NULL, NULL, NULL, 706, 0, 1, '2024-07-25 00:00:00', '127.0.0.1', 1),
(787, 4, 1, 'tab', '1', 'Livestock Sales', 'Livestock sales and market prices', 'Livestock sales and market prices', NULL, 'text-27062024321', 'h4', NULL, NULL, NULL, 'form-control', NULL, NULL, NULL, NULL, NULL, NULL, '788,805,910,911,1004,913,914,915,1007,917,918,919,1010,921,922,923,1013,925,926,927,1016,929,930,931,1019,933,934,935,1022,937,938,939,1025,941,942,943,1028,945,946,947,1031,949,950,951,1034,953,954,955,1037', NULL, 851, 0, 1, '2024-07-25 00:00:00', '127.0.0.1', 1),
(788, 4, 1, 'group', '1', 'Animal sold (in past 3 years)', 'Animal sold (in past 3 years)', 'Animal sold (in past 3 years)', NULL, 'text-27062024322', 'h4', 20, NULL, NULL, 'form-control', NULL, NULL, '787', NULL, NULL, NULL, '789,790,793,791', NULL, 852, 0, 1, '2024-07-25 00:00:00', '127.0.0.1', 1),
(789, 4, 1, 'lkp_livestock_sales', '1', 'Species', 'Species', 'Species', NULL, 'text-27062024323', NULL, NULL, NULL, NULL, 'form-control', NULL, NULL, '788', NULL, NULL, NULL, NULL, NULL, 853, 0, 1, '2024-07-25 00:00:00', '127.0.0.1', 1),
(790, 4, 1, 'number', '1', 'Number of sold/slaughtered over past 3 years', 'Number of sold/slaughtered over past 3 years - Cattle – Male', 'Number of sold/slaughtered over past 3 years - Cattle – Male', NULL, 'text-27062024324', 'number', 10, NULL, NULL, 'form-control', NULL, NULL, '788', NULL, NULL, NULL, NULL, NULL, 855, 0, 1, '2024-07-25 00:00:00', '127.0.0.1', 1),
(791, 4, 1, 'lkp_gender', '1', 'Gender', 'Number of sold/slaughtered over past 3 years - Cattle – Female', 'Number of sold/slaughtered over past 3 years - Cattle – Female', NULL, 'text-27062024325', NULL, NULL, NULL, NULL, 'form-control', NULL, NULL, '788', NULL, NULL, NULL, NULL, NULL, 854, 0, 1, '2024-07-25 00:00:00', '127.0.0.1', 1),
(792, 4, 1, 'number', '1', 'Number of sold/slaughtered over past 3 years - Sheep – Male', 'Number of sold/slaughtered over past 3 years - Sheep – Male', 'Number of sold/slaughtered over past 3 years - Sheep – Male', NULL, 'text-27062024331', 'number', 10, NULL, NULL, 'form-control', NULL, NULL, '789', NULL, 'Sheep – Male', NULL, NULL, NULL, 871, 0, 1, '2024-07-25 00:00:00', '127.0.0.1', 0),
(793, 4, 1, 'number', '1', 'Approximate average weight (kg)', 'Approximate average weight (kg)- Cattle – Male', 'Approximate average weight (kg)- Cattle – Male', NULL, 'text-27062024325', 'desimal', 10, NULL, NULL, 'form-control', NULL, NULL, '788', NULL, NULL, NULL, NULL, NULL, 861, 0, 1, '2024-07-25 00:00:00', '127.0.0.1', 1),
(794, 4, 1, 'number', '1', 'Approximate average weight (kg) - Cattle – Female', 'Approximate average weight (kg) - Cattle – Female', 'Approximate average weight (kg) - Cattle – Female', NULL, 'text-27062024332', 'desimal', 10, NULL, NULL, 'form-control', NULL, NULL, '789', NULL, 'Cattle – Female', NULL, NULL, NULL, 864, 0, 1, '2024-07-25 00:00:00', '127.0.0.1', 0),
(795, 4, 1, 'number', '1', 'Approximate average weight (kg) - Sheep – Male', 'Approximate average weight (kg) - Sheep – Male', 'Approximate average weight (kg) - Sheep – Male', NULL, 'text-270620243334', 'desimal', 10, NULL, NULL, 'form-control', NULL, NULL, '789', NULL, 'Sheep – Male', NULL, NULL, NULL, 872, 0, 1, '2024-07-25 00:00:00', '127.0.0.1', 0),
(796, 4, 1, 'number', '1', 'Number of sold/slaughtered over past 3 years - Sheep – Female', 'Number of sold/slaughtered over past 3 years - Sheep – Female', 'Number of sold/slaughtered over past 3 years - Sheep – Female', NULL, 'text-27062024335', 'number', 10, NULL, NULL, 'form-control', NULL, NULL, '789', NULL, 'Sheep – Female', NULL, NULL, NULL, 874, 0, 1, '2024-07-25 00:00:00', '127.0.0.1', 0),
(797, 4, 1, 'number', '1', 'Approximate average weight (kg) - Sheep – Female', 'Approximate average weight (kg) -Sheep – Female', 'Approximate average weight (kg) - Sheep – Female', NULL, 'text-270620243341', 'desimal', 10, NULL, NULL, 'form-control', NULL, NULL, '789', NULL, 'Sheep – Female', NULL, NULL, NULL, 875, 0, 1, '2024-07-25 00:00:00', '127.0.0.1', 0),
(798, 4, 1, 'number', '1', 'Number of sold/slaughtered over past 3 years - Goat- Male', 'Number of sold/slaughtered over past 3 years - Goat- Male', 'Number of sold/slaughtered over past 3 years - Goat- Male', NULL, 'text-27062024342', 'number', 10, NULL, NULL, 'form-control', NULL, NULL, '789', NULL, 'Goat- Male', NULL, NULL, NULL, 882, 0, 1, '2024-07-25 00:00:00', '127.0.0.1', 0),
(799, 4, 1, 'number', '1', 'Approximate average weight (kg) - Goat- Male', 'Approximate average weight (kg) -Goat- Male', 'Approximate average weight (kg) - Goat- Male', NULL, 'text-270620243343', 'desimal', 10, NULL, NULL, 'form-control', NULL, NULL, '789', NULL, 'Goat- Male', NULL, NULL, NULL, 883, 0, 1, '2024-07-25 00:00:00', '127.0.0.1', 0),
(800, 4, 1, 'number', '1', 'Number of sold/slaughtered over past 3 years - Goat-Female', 'Number of sold/slaughtered over past 3 years - Goat-Female', 'Number of sold/slaughtered over past 3 years - Goat-Female', NULL, 'text-27062024344', 'number', 10, NULL, NULL, 'form-control', NULL, NULL, '789', NULL, 'Goat-Female', NULL, NULL, NULL, 885, 0, 1, '2024-07-25 00:00:00', '127.0.0.1', 0),
(801, 4, 1, 'number', '1', 'Approximate average weight (kg) - Goat-Female', 'Approximate average weight (kg) - Goat-Female', 'Approximate average weight (kg) - Goat-Female', NULL, 'text-27062024345', 'desimal', 10, NULL, NULL, 'form-control', NULL, NULL, '789', NULL, 'Goat-Female', NULL, NULL, NULL, 886, 0, 1, '2024-07-25 00:00:00', '127.0.0.1', 0),
(802, 4, 1, 'header', '1', 'Market price for livestock', 'Market price for livestock', 'Market price for livestock', 'Note : 0 will be considered as N/A', 'text-27062024355', 'h4', NULL, NULL, NULL, 'form-control', NULL, NULL, '787', NULL, NULL, NULL, NULL, NULL, 891, 0, 1, '2024-07-25 00:00:00', '127.0.0.1', 1),
(803, 4, 1, 'checkbox-group', '1', 'Select month', 'Select month', 'Select month', NULL, 'text-27062024356', NULL, NULL, NULL, NULL, 'form-control', NULL, NULL, '787', NULL, NULL, NULL, NULL, NULL, 892, 0, 1, '2024-07-25 00:00:00', '127.0.0.1', 0),
(804, 4, 1, 'checkbox-group', '1', 'Price received for the livestock (per head) - Jan', 'Price received for the livestock (per head) - Jan', 'Price received for the livestock (per head) - Jan', NULL, 'text-27062024357', NULL, NULL, NULL, NULL, 'form-control', NULL, NULL, '787', NULL, NULL, NULL, NULL, NULL, 894, 0, 1, '2024-07-25 00:00:00', '127.0.0.1', 0),
(805, 4, 1, 'number', '1', 'Price received for cattle (per head)', 'Price - Cattle', 'Price - Cattle', NULL, 'text-27062024358', 'desimal', 10, NULL, NULL, 'form-control', NULL, NULL, '787', NULL, NULL, NULL, NULL, NULL, 901, 0, 1, '2024-07-25 00:00:00', '127.0.0.1', 1),
(806, 4, 1, 'tab', '1', 'Milk', 'Milk yield & sales', 'Milk yield & sales', NULL, 'text-27062024381', 'h4', NULL, NULL, NULL, 'form-control', NULL, NULL, NULL, NULL, NULL, NULL, '807,808,809,810,1478,811,812,813,1479,814,815,816,1480,817,818,819,1481,820,821,822,1482,823,824,825,1483,826,827,828,1484,829,830,831,1485,832,833,834,1486,835,836,837,1487,838,839,840,1488,841,842,843,1489', NULL, 1201, 0, 1, '2024-07-25 00:00:00', '127.0.0.1', 1),
(807, 4, 1, 'select', '1', 'Select month', 'Select month', 'Select month', NULL, 'text-27062024382', 'listview', NULL, NULL, NULL, 'form-control', NULL, NULL, '806', NULL, NULL, NULL, NULL, NULL, 1202, 0, 1, '2024-07-25 00:00:00', '127.0.0.1', 1),
(808, 4, 1, 'number', '1', 'Average milk yield (litres/day/HH) - January', 'Average milk yield (litres/day/HH) - Jan', 'Average milk yield (litres/day/HH) - Jan', NULL, 'text-27062024383', 'desimal', 10, NULL, NULL, 'form-control', NULL, NULL, '807', NULL, 'January', NULL, NULL, NULL, 1204, 0, 1, '2024-07-25 00:00:00', '127.0.0.1', 1),
(809, 4, 1, 'number', '1', 'Average retained for household use (L/day) - January', 'Average retained for household use (L/day) - Jan', 'Average retained for household use (L/day) - Jan', NULL, 'text-27062024384', 'desimal', 10, NULL, NULL, 'form-control', NULL, NULL, '807', NULL, 'January', NULL, NULL, NULL, 1205, 0, 1, '2024-07-25 00:00:00', '127.0.0.1', 1),
(810, 4, 1, 'number', '1', 'Average price received per Litre - January', 'Average price received per Litre - Jan', 'Average price received per Litre - Jan', NULL, 'text-27062024385', 'desimal', 10, NULL, NULL, 'form-control', NULL, NULL, '807', NULL, 'January', NULL, NULL, NULL, 1206, 0, 1, '2024-07-25 00:00:00', '127.0.0.1', 1),
(811, 4, 1, 'number', '1', 'Average milk yield (litres/day/HH) - Feb', 'Average milk yield (litres/day/HH) - Feb', 'Average milk yield (litres/day/HH) - Feb', NULL, 'text-27062024391', 'desimal', 10, NULL, NULL, 'form-control', NULL, NULL, '807', NULL, 'February', NULL, NULL, NULL, 1212, 0, 1, '2024-07-25 00:00:00', '127.0.0.1', 1),
(812, 4, 1, 'number', '1', 'Average retained for household use (L/day) - Feb', 'Average retained for household use (L/day) - Feb', 'Average retained for household use (L/day) - Feb', NULL, 'text-27062024392', 'desimal', 10, NULL, NULL, 'form-control', NULL, NULL, '807', NULL, 'February', NULL, NULL, NULL, 1213, 0, 1, '2024-07-25 00:00:00', '127.0.0.1', 1),
(813, 4, 1, 'number', '1', 'Average price received per Litre - Feb', 'Average price received per Litre - Feb', 'Average price received per Litre - Feb', NULL, 'text-27062024393', 'desimal', 10, NULL, NULL, 'form-control', NULL, NULL, '807', NULL, 'February', NULL, NULL, NULL, 1214, 0, 1, '2024-07-25 00:00:00', '127.0.0.1', 1),
(814, 4, 1, 'number', '1', 'Average milk yield (litres/day/HH) - March', 'Average milk yield (litres/day/HH) - March', 'Average milk yield (litres/day/HH) - March', NULL, 'text-27062024394', 'desimal', 10, NULL, NULL, 'form-control', NULL, NULL, '807', NULL, 'March', NULL, NULL, NULL, 1221, 0, 1, '2024-07-25 00:00:00', '127.0.0.1', 1),
(815, 4, 1, 'number', '1', 'Average retained for household use (L/day) - March', 'Average retained for household use (L/day) - March', 'Average retained for household use (L/day) - March', NULL, 'text-27062024392', 'desimal', 10, NULL, NULL, 'form-control', NULL, NULL, '807', NULL, 'March', NULL, NULL, NULL, 1222, 0, 1, '2024-07-25 00:00:00', '127.0.0.1', 1),
(816, 4, 1, 'number', '1', 'Average price received per Litre - March', 'Average price received per Litre - March', 'Average price received per Litre - March', NULL, 'text-27062024396', 'desimal', 10, NULL, NULL, 'form-control', NULL, NULL, '807', NULL, 'March', NULL, NULL, NULL, 1223, 0, 1, '2024-07-25 00:00:00', '127.0.0.1', 1),
(817, 4, 1, 'number', '1', 'Average milk yield (litres/day/HH) - April', 'Average milk yield (litres/day/HH) - April', 'Average milk yield (litres/day/HH) - April', NULL, 'text-27062024397', 'desimal', 10, NULL, NULL, 'form-control', NULL, NULL, '807', NULL, 'April', NULL, NULL, NULL, 1229, 0, 1, '2024-07-26 00:00:00', '127.0.0.1', 1),
(818, 4, 1, 'number', '1', 'Average retained for household use (L/day) - April', 'Average retained for household use (L/day) - April', 'Average retained for household use (L/day) - April', NULL, 'text-27062024398', 'desimal', 10, NULL, NULL, 'form-control', NULL, NULL, '807', NULL, 'April', NULL, NULL, NULL, 1230, 0, 1, '2024-07-26 00:00:00', '127.0.0.1', 1),
(819, 4, 1, 'number', '1', 'Average price received per Litre - April', 'Average price received per Litre - April', 'Average price received per Litre - April', NULL, 'text-27062024399', 'desimal', 10, NULL, NULL, 'form-control', NULL, NULL, '807', NULL, 'April', NULL, NULL, NULL, 1231, 0, 1, '2024-07-25 00:00:00', '127.0.0.1', 1);
INSERT INTO `form_field` (`field_id`, `form_id`, `fieldvalue_set`, `type`, `required`, `label`, `label_hindi`, `label_odiya`, `description`, `name`, `subtype`, `maxlength`, `min_val`, `max_val`, `className`, `inline`, `multiple`, `parent_id`, `parent_relation`, `parent_value`, `parent_multiple_value`, `child_id`, `field_count`, `slno`, `filter`, `added_by`, `added_datetime`, `ip_address`, `status`) VALUES
(820, 4, 1, 'number', '1', 'Average milk yield (litres/day/HH) - May', 'Average milk yield (litres/day/HH) - May', 'Average milk yield (litres/day/HH) - May', NULL, 'text-27062024406', 'desimal', 10, NULL, NULL, 'form-control', NULL, NULL, '807', NULL, 'May', NULL, NULL, NULL, 1234, 0, 1, '2024-07-26 00:00:00', '127.0.0.1', 1),
(821, 4, 1, 'number', '1', 'Average retained for household use (L/day) - May', 'Average retained for household use (L/day) - May', 'Average retained for household use (L/day) - May', NULL, 'text-27062024407', 'desimal', 10, NULL, NULL, 'form-control', NULL, NULL, '807', NULL, 'May', NULL, NULL, NULL, 1235, 0, 1, '2024-07-26 00:00:00', '127.0.0.1', 1),
(822, 4, 1, 'number', '1', 'Average price received per Litre - May', 'Average price received per Litre - May', 'Average price received per Litre - May', NULL, 'text-27062024408', 'desimal', 10, NULL, NULL, 'form-control', NULL, NULL, '807', NULL, 'May', NULL, NULL, NULL, 1236, 0, 1, '2024-07-25 00:00:00', '127.0.0.1', 1),
(823, 4, 1, 'number', '1', 'Average milk yield (litres/day/HH) - June', 'Average milk yield (litres/day/HH) - June', 'Average milk yield (litres/day/HH) - June', NULL, 'text-27062024409', 'desimal', 10, NULL, NULL, 'form-control', NULL, NULL, '807', NULL, 'June', NULL, NULL, NULL, 1243, 0, 1, '2024-07-26 00:00:00', '127.0.0.1', 1),
(824, 4, 1, 'number', '1', 'Average retained for household use (L/day) - June', 'Average retained for household use (L/day) - June', 'Average retained for household use (L/day) - June', NULL, 'text-27062024410', 'desimal', 10, NULL, NULL, 'form-control', NULL, NULL, '807', NULL, 'June', NULL, NULL, NULL, 1244, 0, 1, '2024-07-26 00:00:00', '127.0.0.1', 1),
(825, 4, 1, 'number', '1', 'Average price received per Litre - June', 'Average price received per Litre - June', 'Average price received per Litre - June', NULL, 'text-27062024411', 'desimal', 10, NULL, NULL, 'form-control', NULL, NULL, '807', NULL, 'June', NULL, NULL, NULL, 1245, 0, 1, '2024-07-25 00:00:00', '127.0.0.1', 1),
(826, 4, 1, 'number', '1', 'Average milk yield (litres/day/HH) - July', 'Average milk yield (litres/day/HH) - July', 'Average milk yield (litres/day/HH) - July', NULL, 'text-27062024416', 'desimal', 10, NULL, NULL, 'form-control', NULL, NULL, '807', NULL, 'July', NULL, NULL, NULL, 1252, 0, 1, '2024-07-26 00:00:00', '127.0.0.1', 1),
(827, 4, 1, 'number', '1', 'Average retained for household use (L/day) - July', 'Average retained for household use (L/day) - July', 'Average retained for household use (L/day) - July', NULL, 'text-27062024417', 'desimal', 10, NULL, NULL, 'form-control', NULL, NULL, '807', NULL, 'July', NULL, NULL, NULL, 1253, 0, 1, '2024-07-26 00:00:00', '127.0.0.1', 1),
(828, 4, 1, 'number', '1', 'Average price received per Litre - July', 'Average price received per Litre - July', 'Average price received per Litre - July', NULL, 'text-27062024418', 'desimal', 10, NULL, NULL, 'form-control', NULL, NULL, '807', NULL, 'July', NULL, NULL, NULL, 1254, 0, 1, '2024-07-25 00:00:00', '127.0.0.1', 1),
(829, 4, 1, 'number', '1', 'Average milk yield (litres/day/HH) - August', 'Average milk yield (litres/day/HH) - August', 'Average milk yield (litres/day/HH) - August', NULL, 'text-27062024419', 'desimal', 10, NULL, NULL, 'form-control', NULL, NULL, '807', NULL, 'August', NULL, NULL, NULL, 1261, 0, 1, '2024-07-26 00:00:00', '127.0.0.1', 1),
(830, 4, 1, 'number', '1', 'Average retained for household use (L/day) - August', 'Average retained for household use (L/day) - August', 'Average retained for household use (L/day) - August', NULL, 'text-27062024420', 'desimal', 10, NULL, NULL, 'form-control', NULL, NULL, '807', NULL, 'August', NULL, NULL, NULL, 1262, 0, 1, '2024-07-26 00:00:00', '127.0.0.1', 1),
(831, 4, 1, 'number', '1', 'Average price received per Litre - August', 'Average price received per Litre - August', 'Average price received per Litre - August', NULL, 'text-27062024421', 'desimal', 10, NULL, NULL, 'form-control', NULL, NULL, '807', NULL, 'August', NULL, NULL, NULL, 1263, 0, 1, '2024-07-26 00:00:00', '127.0.0.1', 1),
(832, 4, 1, 'number', '1', 'Average milk yield (litres/day/HH) - September', 'Average milk yield (litres/day/HH) - September', 'Average milk yield (litres/day/HH) - September', NULL, 'text-27062024426', 'desimal', 10, NULL, NULL, 'form-control', NULL, NULL, '807', NULL, 'September', NULL, NULL, NULL, 1269, 0, 1, '2024-07-26 00:00:00', '127.0.0.1', 1),
(833, 4, 1, 'number', '1', 'Average retained for household use (L/day) - September', 'Average retained for household use (L/day) - September', 'Average retained for household use (L/day) - September', NULL, 'text-27062024427', 'desimal', 10, NULL, NULL, 'form-control', NULL, NULL, '807', NULL, 'September', NULL, NULL, NULL, 1270, 0, 1, '2024-07-26 00:00:00', '127.0.0.1', 1),
(834, 4, 1, 'number', '1', 'Average price received per Litre - September', 'Average price received per Litre - September', 'Average price received per Litre - September', NULL, 'text-27062024428', 'desimal', 10, NULL, NULL, 'form-control', NULL, NULL, '807', NULL, 'September', NULL, NULL, NULL, 1271, 0, 1, '2024-07-26 00:00:00', '127.0.0.1', 1),
(835, 4, 1, 'number', '1', 'Average milk yield (litres/day/HH) - October', 'Average milk yield (litres/day/HH) - October', 'Average milk yield (litres/day/HH) - October', NULL, 'text-27062024429', 'desimal', 10, NULL, NULL, 'form-control', NULL, NULL, '807', NULL, 'October', NULL, NULL, NULL, 1274, 0, 1, '2024-07-26 00:00:00', '127.0.0.1', 1),
(836, 4, 1, 'number', '1', 'Average retained for household use (L/day) - October', 'Average retained for household use (L/day) - October', 'Average retained for household use (L/day) - October', NULL, 'text-27062024430', 'desimal', 10, NULL, NULL, 'form-control', NULL, NULL, '807', NULL, 'October', NULL, NULL, NULL, 1275, 0, 1, '2024-07-26 00:00:00', '127.0.0.1', 1),
(837, 4, 1, 'number', '1', 'Average price received per Litre - October', 'Average price received per Litre - October', 'Average price received per Litre - October', NULL, 'text-27062024431', 'desimal', 10, NULL, NULL, 'form-control', NULL, NULL, '807', NULL, 'October', NULL, NULL, NULL, 1276, 0, 1, '2024-07-26 00:00:00', '127.0.0.1', 1),
(838, 4, 1, 'number', '1', 'Average milk yield (litres/day/HH) - November', 'Average milk yield (litres/day/HH) - November', 'Average milk yield (litres/day/HH) - November', NULL, 'text-27062024436', 'desimal', 10, NULL, NULL, 'form-control', NULL, NULL, '807', NULL, 'November', NULL, NULL, NULL, 1283, 0, 1, '2024-07-26 00:00:00', '127.0.0.1', 1),
(839, 4, 1, 'number', '1', 'Average retained for household use (L/day) - November', 'Average retained for household use (L/day) - November', 'Average retained for household use (L/day) - November', NULL, 'text-27062024437', 'desimal', 10, NULL, NULL, 'form-control', NULL, NULL, '807', NULL, 'November', NULL, NULL, NULL, 1284, 0, 1, '2024-07-26 00:00:00', '127.0.0.1', 1),
(840, 4, 1, 'number', '1', 'Average price received per Litre - November', 'Average price received per Litre - November', 'Average price received per Litre - November', NULL, 'text-27062024438', 'desimal', 10, NULL, NULL, 'form-control', NULL, NULL, '807', NULL, 'November', NULL, NULL, NULL, 1285, 0, 1, '2024-07-26 00:00:00', '127.0.0.1', 1),
(841, 4, 1, 'number', '1', 'Average milk yield (litres/day/HH) - December', 'Average milk yield (litres/day/HH) - December', 'Average milk yield (litres/day/HH) - December', NULL, 'text-27062024440', 'desimal', 10, NULL, NULL, 'form-control', NULL, NULL, '807', NULL, 'December', NULL, NULL, NULL, 1292, 0, 1, '2024-07-26 00:00:00', '127.0.0.1', 1),
(842, 4, 1, 'number', '1', 'Average retained for household use (L/day) - December', 'Average retained for household use (L/day) - December', 'Average retained for household use (L/day) - December', NULL, 'text-27062024441', 'desimal', 10, NULL, NULL, 'form-control', NULL, NULL, '807', NULL, 'December', NULL, NULL, NULL, 1293, 0, 1, '2024-07-26 00:00:00', '127.0.0.1', 1),
(843, 4, 1, 'number', '1', 'Average price received per Litre - December', 'Average price received per Litre - December', 'Average price received per Litre - December', NULL, 'text-27062024442', 'desimal', 10, NULL, NULL, 'form-control', NULL, NULL, '807', NULL, 'December', NULL, NULL, NULL, 1294, 0, 1, '2024-07-26 00:00:00', '127.0.0.1', 1),
(844, 4, 1, 'tab', '1', 'Feed Availability', 'Feed availability', 'Feed availability', NULL, 'text-27062024471', 'h4', NULL, NULL, NULL, 'form-control', NULL, NULL, NULL, NULL, NULL, NULL, '845,846,849,850,851,852,853,854,1275,1278,1279,1280,1282,1284,1286,1289,1291,1294,1296,1298,1300,1302,1305,1307,1310,1312,1314,1316,1318,1321,1323,1326,1328,1330,1332,1334,1337,1339,1342,1344,1346,1348,1350,1353,1355,1358,1360,1362,1364,1366,1369,1371,1374,1376,1378,1380,1382,1385,1387,1390,1392,1394,1396,1398,1401,1403,1406,1408,1410,1412,1414,1417,1419,1422,1424,1426,1428,1430,1433,1435,1438,1440,1442,1444,1446,1449', NULL, 1340, 0, 1, '2024-07-26 00:00:00', '127.0.0.1', 1),
(845, 4, 1, 'select', '1', 'Monthly feed availability', 'Monthly feed availability', 'Monthly feed availability', NULL, 'text-27062024472', 'listview', NULL, NULL, NULL, 'form-control', NULL, NULL, '844', NULL, NULL, NULL, NULL, NULL, 1341, 0, 1, '2024-07-26 00:00:00', '127.0.0.1', 1),
(846, 4, 1, 'select', '1', 'Overall feed availability - January', 'Overall feed availability', 'Overall feed availability', NULL, 'text-27062024473', NULL, NULL, NULL, NULL, 'form-control', NULL, NULL, '845', NULL, 'January', NULL, NULL, NULL, 1343, 0, 1, '2024-07-26 00:00:00', '127.0.0.1', 1),
(847, 4, 1, 'header', '1', 'Monthly diet composition - January', 'Monthly diet composition - Select a source', 'Monthly diet composition - Select a source', NULL, 'text-27062024474', 'h4', NULL, NULL, NULL, 'form-control', NULL, NULL, '845', NULL, 'January', NULL, NULL, NULL, 1344, 0, 1, '2024-07-26 00:00:00', '127.0.0.1', 1),
(848, 4, 1, 'text', '1', 'Other specify', 'Other specify', 'Other specify', NULL, 'text-27062024475', 'text', 250, NULL, NULL, 'form-control', NULL, NULL, '847', NULL, 'Other', NULL, NULL, NULL, 1371, 0, 1, '2024-07-26 00:00:00', '127.0.0.1', 0),
(849, 4, 1, 'select', '1', 'Availability - Cereal crop residues', 'Availability - Cereal crop residues', 'Availability - Cereal crop residues', NULL, 'text-27062024474', NULL, NULL, NULL, NULL, 'form-control', NULL, NULL, '845', NULL, 'January', NULL, NULL, NULL, 1351, 0, 1, '2024-07-26 00:00:00', '127.0.0.1', 1),
(850, 4, 1, 'select', '1', 'Availability - Leguminous crop residues', 'Availability - Leguminous crop residues', 'Availability - Leguminous crop residues', NULL, 'text-27062024482', NULL, NULL, NULL, NULL, 'form-control', NULL, NULL, '845', NULL, 'January', NULL, NULL, NULL, 1353, 0, 1, '2024-07-26 00:00:00', '127.0.0.1', 1),
(851, 4, 1, 'select', '1', 'Availability - Grazing', 'Availability - Grazing', 'Availability - Grazing', NULL, 'text-27062024483', NULL, NULL, NULL, NULL, 'form-control', NULL, NULL, '845', NULL, 'January', NULL, NULL, NULL, 1355, 0, 1, '2024-07-26 00:00:00', '127.0.0.1', 1),
(852, 4, 1, 'select', '1', 'Availability - Concentrates', 'Availability - Concentrates', 'Availability - Concentrates', NULL, 'text-27062024484', NULL, NULL, NULL, NULL, 'form-control', NULL, NULL, '845', NULL, 'January', NULL, NULL, NULL, 1362, 0, 1, '2024-07-26 00:00:00', '127.0.0.1', 1),
(853, 4, 1, 'select', '1', 'Availability - Green forage (e.g., weeds,)', 'Availability - Green forage (e.g., weeds,)', 'Availability - Green forage (e.g., weeds,)', NULL, 'text-27062024485', NULL, NULL, NULL, NULL, 'form-control', NULL, NULL, '845', NULL, 'January', NULL, NULL, NULL, 1364, 0, 1, '2024-07-26 00:00:00', '127.0.0.1', 1),
(854, 4, 1, 'select', '1', 'Availability - Other', 'Availability - Other', 'Availability - Other', NULL, 'text-27062024486', NULL, NULL, NULL, NULL, 'form-control', NULL, NULL, '845', NULL, 'January', NULL, NULL, NULL, 1372, 0, 1, '2024-07-26 00:00:00', '127.0.0.1', 1),
(855, 4, 1, 'tab', '1', 'Gender roles', 'Gender roles', 'Gender roles', NULL, 'text-27062024511', 'h4', NULL, NULL, NULL, 'form-control', NULL, NULL, NULL, NULL, NULL, NULL, NULL, NULL, 611, 0, 1, '2024-07-26 00:00:00', '127.0.0.1', 0),
(856, 4, 1, 'header', '1', 'Decision making', 'Decision making', 'Decision making', NULL, 'text-27062024512', 'h4', NULL, NULL, NULL, 'form-control', NULL, NULL, '855', NULL, NULL, NULL, NULL, NULL, 612, 0, 1, '2024-07-26 00:00:00', '127.0.0.1', 0),
(857, 4, 1, 'checkbox-group', '1', 'Issue type', 'Issue type', 'Issue type', NULL, 'text-27062024513', NULL, NULL, NULL, NULL, 'form-control', NULL, NULL, '855', NULL, NULL, NULL, NULL, NULL, 613, 0, 1, '2024-07-26 00:00:00', '127.0.0.1', 0),
(858, 4, 1, 'checkbox-group', '1', 'Issue to be decided - Type of livestock', 'Issue to be decided - Type of livestock', 'Issue to be decided - Type of livestock', NULL, 'text-27062024514', NULL, NULL, NULL, NULL, 'form-control', NULL, NULL, '857', NULL, 'Type of livestock', NULL, NULL, NULL, 614, 0, 1, '2024-07-26 00:00:00', '127.0.0.1', 0),
(859, 4, 1, 'checkbox-group', '1', 'Issue to be decided - Crops grown', 'Issue to be decided - Crops grown', 'Issue to be decided - Crops grown', NULL, 'text-27062024515', NULL, NULL, NULL, NULL, 'form-control', NULL, NULL, '857', NULL, 'Crops grown', NULL, NULL, NULL, 615, 0, 1, '2024-07-26 00:00:00', '127.0.0.1', 0),
(860, 4, 1, 'select', '1', 'Who decides on what crops to grow?', 'Who decides on what crops to grow?', 'Who decides on what crops to grow?', NULL, 'text-27062024521', NULL, NULL, NULL, NULL, 'form-control', NULL, NULL, '859', NULL, 'Who decides on what crops to grow?', NULL, NULL, NULL, 621, 0, 1, '2024-07-26 00:00:00', '127.0.0.1', 0),
(861, 4, 1, 'select', '1', 'Who decides on how to use crop residue?', 'Who decides on how to use crop residue?', 'Who decides on how to use crop residue?', NULL, 'text-27062024522', NULL, NULL, NULL, NULL, 'form-control', NULL, NULL, '859', NULL, 'Who decides on how to use crop residue?', NULL, NULL, NULL, 622, 0, 1, '2024-07-26 00:00:00', '127.0.0.1', 0),
(862, 4, 1, 'select', '1', 'Who decides on what fodder type & where to grow? - Cultivated fodder', 'Who decides on what fodder type & where to grow? - Cultivated fodder', 'Who decides on what fodder type & where to grow? - Cultivated fodder', NULL, 'text-27062024523', NULL, NULL, NULL, NULL, 'form-control', NULL, NULL, '857', NULL, 'Cultivated fodder', NULL, NULL, NULL, 623, 0, 1, '2024-07-26 00:00:00', '127.0.0.1', 0),
(863, 4, 1, 'select', '1', 'Who decides or purchases feed? - Purchased feed', 'Who decides or purchases feed? - Purchased feed', 'Who decides or purchases feed? - Purchased feed', NULL, 'text-27062024524', NULL, NULL, NULL, NULL, 'form-control', NULL, NULL, '857', NULL, 'Purchased feed', NULL, NULL, NULL, 624, 0, 1, '2024-07-26 00:00:00', '127.0.0.1', 0),
(864, 4, 1, 'checkbox-group', '1', 'Issue to be decided - Sales of livestock & products', 'Issue to be decided - Sales of livestock & products', 'Issue to be decided - Sales of livestock & products', NULL, 'text-27062024525', NULL, NULL, NULL, NULL, 'form-control', NULL, NULL, '857', NULL, 'Sales of livestock & products', NULL, NULL, NULL, 625, 0, 1, '2024-07-26 00:00:00', '127.0.0.1', 0),
(865, 4, 1, 'header', '1', 'Division of labour', 'Division of labour', 'Division of labour', NULL, 'text-27062024531', 'h4', NULL, NULL, NULL, 'form-control', NULL, NULL, '855', NULL, NULL, NULL, NULL, NULL, 631, 0, 1, '2024-07-26 00:00:00', '127.0.0.1', 0),
(866, 4, 1, 'checkbox-group', '1', 'Labour activity', 'Labour activity', 'Labour activity', NULL, 'text-27062024532', NULL, NULL, NULL, NULL, 'form-control', NULL, NULL, '855', NULL, NULL, NULL, NULL, NULL, 632, 0, 1, '2024-07-26 00:00:00', '127.0.0.1', 0),
(867, 4, 1, 'select', '1', 'Who does most of the work?', 'Who does most of the work?', 'Who does most of the work?', NULL, 'text-27062024533', NULL, NULL, NULL, NULL, 'form-control', NULL, NULL, '855', NULL, NULL, NULL, NULL, NULL, 633, 0, 1, '2024-07-26 00:00:00', '127.0.0.1', 0),
(868, 1, 1, 'number', '1', 'Minimum cost of daily labour (local currency/day)', 'Minimum cost of daily labour (local currency/day)', 'Minimum cost of daily labour (local currency/day)', NULL, 'text-040720242321', 'desimal', 10, NULL, NULL, 'form-control', NULL, NULL, '739', NULL, NULL, NULL, NULL, NULL, 393, 0, 1, '2024-08-13 00:00:00', '127.0.0.1', 1),
(869, 1, 1, 'group', '1', 'Labour rates by activity & gender', 'Labour rates by activity & gender', 'Labour rates by activity & gender', NULL, 'text-0407202423211', 'h4', 20, NULL, NULL, 'form-control', NULL, NULL, '739', NULL, NULL, NULL, '870,871,872', NULL, 394, 0, 1, '2024-08-13 00:00:00', '127.0.0.1', 1),
(870, 1, 1, 'text', '1', 'Activity', 'Activity', 'Activity', NULL, 'text-0407202423212', 'text', 250, NULL, NULL, 'form-control', NULL, NULL, '869', NULL, NULL, NULL, NULL, NULL, 395, 0, 1, '2024-08-13 00:00:00', '127.0.0.1', 1),
(871, 1, 1, 'number', '1', 'Average daily cost of labour (Female)', 'Average daily cost of labour (Female)', 'Average daily cost of labour (Female)', 'Note : 0 will be considered as N/A', 'text-0407202423214', 'desimal', 10, NULL, NULL, 'form-control', NULL, NULL, '869', NULL, NULL, NULL, NULL, NULL, 401, 0, 1, '2024-08-13 00:00:00', '127.0.0.1', 1),
(872, 1, 1, 'number', '1', 'Average daily cost of labour (Male)', 'Average daily cost of labour (Male)', 'Average daily cost of labour (Male)', 'Note : 0 will be considered as N/A', 'text-04072024232422', 'desimal', 10, NULL, NULL, 'form-control', NULL, NULL, '869', NULL, NULL, NULL, NULL, NULL, 402, 0, 1, '2024-08-13 00:00:00', '127.0.0.1', 1),
(873, 1, 1, 'number', '1', 'Gender balance of farmers engaged in processing - Female %', 'Gender balanced of farmers engaged in processing - Female %', 'Gender balanced of farmers engaged in processing - Female %', NULL, 'text-040720241952', 'desimal', 10, NULL, 100, 'form-control', NULL, NULL, '722', NULL, NULL, NULL, NULL, NULL, 353, 0, 1, '2024-08-13 00:00:00', '127.0.0.1', 1),
(874, 1, 1, 'number', '1', 'Gender balance of farmers engaged in processing - Male %', 'Gender balance of farmers engaged in processing - Male %', 'Gender balance of farmers engaged in processing - Male %', NULL, 'text-040720241953', 'desimal', 10, NULL, 100, 'form-control', NULL, NULL, '722', NULL, NULL, NULL, NULL, NULL, 355, 0, 1, '2024-08-13 00:00:00', '127.0.0.1', 1),
(875, 1, 1, 'select', '1', 'Mention the rainfall in Feb month (mm)', 'Mention the rainfall in that month (mm)', 'Mention the rainfall in that month (mm)', '(On a scale of 0–5, where 0 = no rainfall and 5 = heavy rainfall)', 'text-270820241151', NULL, NULL, NULL, NULL, 'form-control', NULL, NULL, '703', NULL, NULL, NULL, NULL, NULL, 163, 0, 1, '2024-08-27 00:00:00', '127.0.0.1', 1),
(876, 1, 1, 'select', '1', 'Mention the rainfall in Mar month (mm)', 'Mention the rainfall in that month (mm)', 'Mention the rainfall in that month (mm)', '(On a scale of 0–5, where 0 = no rainfall and 5 = heavy rainfall)', 'text-270820241152', NULL, NULL, NULL, NULL, 'form-control', NULL, NULL, '703', NULL, NULL, NULL, NULL, NULL, 166, 0, 1, '2024-08-27 00:00:00', '127.0.0.1', 1),
(877, 1, 1, 'select', '1', 'Mention the rainfall in Apr month (mm)', 'Mention the rainfall in that month (mm)', 'Mention the rainfall in that month (mm)', '(On a scale of 0–5, where 0 = no rainfall and 5 = heavy rainfall)', 'text-270820241153', NULL, NULL, NULL, NULL, 'form-control', NULL, NULL, '703', NULL, NULL, NULL, NULL, NULL, 173, 0, 1, '2024-08-27 00:00:00', '127.0.0.1', 1),
(878, 1, 1, 'select', '1', 'Mention the rainfall in May month (mm)', 'Mention the rainfall in that month (mm)', 'Mention the rainfall in that month (mm)', '(On a scale of 0–5, where 0 = no rainfall and 5 = heavy rainfall)', 'text-270820241154', NULL, NULL, NULL, NULL, 'form-control', NULL, NULL, '703', NULL, NULL, NULL, NULL, NULL, 176, 0, 1, '2024-08-27 00:00:00', '127.0.0.1', 1),
(879, 1, 1, 'select', '1', 'Mention the rainfall in June month (mm)', 'Mention the rainfall in that month (mm)', 'Mention the rainfall in that month (mm)', '(On a scale of 0–5, where 0 = no rainfall and 5 = heavy rainfall)', 'text-270820241156', NULL, NULL, NULL, NULL, 'form-control', NULL, NULL, '703', NULL, NULL, NULL, NULL, NULL, 183, 0, 1, '2024-08-27 00:00:00', '127.0.0.1', 1),
(880, 1, 1, 'select', '1', 'Mention the rainfall in July month (mm)', 'Mention the rainfall in that month (mm)', 'Mention the rainfall in that month (mm)', '(On a scale of 0–5, where 0 = no rainfall and 5 = heavy rainfall)', 'text-270820241157', NULL, NULL, NULL, NULL, 'form-control', NULL, NULL, '703', NULL, NULL, NULL, NULL, NULL, 186, 0, 1, '2024-08-27 00:00:00', '127.0.0.1', 1),
(881, 1, 1, 'select', '1', 'Mention the rainfall in August month (mm)', 'Mention the rainfall in that month (mm)', 'Mention the rainfall in that month (mm)', '(On a scale of 0–5, where 0 = no rainfall and 5 = heavy rainfall)', 'text-270820241158', NULL, NULL, NULL, NULL, 'form-control', NULL, NULL, '703', NULL, NULL, NULL, NULL, NULL, 193, 0, 1, '2024-08-27 00:00:00', '127.0.0.1', 1),
(882, 1, 1, 'select', '1', 'Mention the rainfall in September month (mm)', 'Mention the rainfall in that month (mm)', 'Mention the rainfall in that month (mm)', '(On a scale of 0–5, where 0 = no rainfall and 5 = heavy rainfall)', 'text-270820241159', NULL, NULL, NULL, NULL, 'form-control', NULL, NULL, '703', NULL, NULL, NULL, NULL, NULL, 196, 0, 1, '2024-08-27 00:00:00', '127.0.0.1', 1),
(883, 1, 1, 'select', '1', 'Mention the rainfall in October month (mm)', 'Mention the rainfall in that month (mm)', 'Mention the rainfall in that month (mm)', '(On a scale of 0–5, where 0 = no rainfall and 5 = heavy rainfall)', 'text-270820241160', NULL, NULL, NULL, NULL, 'form-control', NULL, NULL, '703', NULL, NULL, NULL, NULL, NULL, 203, 0, 1, '2024-08-27 00:00:00', '127.0.0.1', 1),
(884, 1, 1, 'select', '1', 'Mention the rainfall in November month (mm)', 'Mention the rainfall in that month (mm)', 'Mention the rainfall in that month (mm)', '(On a scale of 0–5, where 0 = no rainfall and 5 = heavy rainfall)', 'text-270820241161', NULL, NULL, NULL, NULL, 'form-control', NULL, NULL, '703', NULL, NULL, NULL, NULL, NULL, 206, 0, 1, '2024-08-27 00:00:00', '127.0.0.1', 1),
(885, 1, 1, 'select', '1', 'Mention the rainfall in December month (mm)', 'Mention the rainfall in that month (mm)', 'Mention the rainfall in that month (mm)', '(On a scale of 0–5, where 0 = no rainfall and 5 = heavy rainfall)', 'text-270820241162', NULL, NULL, NULL, NULL, 'form-control', NULL, NULL, '703', NULL, NULL, NULL, NULL, NULL, 213, 0, 1, '2024-08-27 00:00:00', '127.0.0.1', 1),
(886, 4, 1, 'lkp_animal_type', '1', 'Animal type', 'Animal type - Fattening & draught cattle', 'Animal type - Fattening & draught cattle', NULL, 'text-270620241331', NULL, NULL, NULL, NULL, 'form-control', NULL, NULL, '742', NULL, NULL, NULL, NULL, NULL, 304, 0, 1, '2024-09-02 00:00:00', '127.0.0.1', 1),
(887, 4, 1, 'select', '1', 'Animal type - Sheep', 'Animal type - Sheep', 'Animal type - Sheep', NULL, 'text-270620241411', NULL, NULL, NULL, NULL, 'form-control', NULL, NULL, '750', NULL, '16', NULL, NULL, NULL, 359, 0, 1, '2024-09-02 00:00:00', '127.0.0.1', 0),
(888, 4, 1, 'select', '1', 'Animal type - Goat', 'Animal type - Goat', 'Animal type - Goat', NULL, 'text-270620241412', NULL, NULL, NULL, NULL, 'form-control', NULL, NULL, '750', NULL, '6', NULL, NULL, NULL, 364, 0, 1, '2024-09-02 00:00:00', '127.0.0.1', 0),
(889, 4, 1, 'select', '1', 'Animal type - Pig', 'Animal type - Pig', 'Animal type - Pig', NULL, 'text-270620241413', NULL, NULL, NULL, NULL, 'form-control', NULL, NULL, '750', NULL, '13', NULL, NULL, NULL, 374, 0, 1, '2024-09-02 00:00:00', '127.0.0.1', 0),
(890, 4, 1, 'select', '1', 'Animal type - Poultry commercial', 'Animal type - Poultry commercial', 'Animal type - Poultry commercial', NULL, 'text-270620241414', NULL, NULL, NULL, NULL, 'form-control', NULL, NULL, '750', NULL, '15', NULL, NULL, NULL, 389, 0, 1, '2024-09-02 00:00:00', '127.0.0.1', 0),
(891, 4, 1, 'select', '1', 'Animal type - Poultry village conditions', 'Animal type - Poultry village conditions', 'Animal type - Poultry village conditions', NULL, 'text-270620241415', NULL, NULL, NULL, NULL, 'form-control', NULL, NULL, '750', NULL, '14', NULL, NULL, NULL, 394, 0, 1, '2024-09-02 00:00:00', '127.0.0.1', 0),
(892, 4, 1, 'select', '1', 'Animal type - Camel', 'Animal type - Camel', 'Animal type - Camel', NULL, 'text-270620241416', NULL, NULL, NULL, NULL, 'form-control', NULL, NULL, '750', NULL, '2', NULL, NULL, NULL, 404, 0, 1, '2024-09-02 00:00:00', '127.0.0.1', 0),
(893, 4, 1, 'select', '1', 'Animal type - Horse', 'Animal type - Horse', 'Animal type - Horse', NULL, 'text-270620241417', NULL, NULL, NULL, NULL, 'form-control', NULL, NULL, '750', NULL, '7', NULL, NULL, NULL, 414, 0, 1, '2024-09-02 00:00:00', '127.0.0.1', 0),
(894, 4, 1, 'select', '1', 'Animal type - Donkey', 'Animal type - Donkey', 'Animal type - Donkey', NULL, 'text-270620241418', NULL, NULL, NULL, NULL, 'form-control', NULL, NULL, '750', NULL, '4', NULL, NULL, NULL, 424, 0, 1, '2024-09-02 00:00:00', '127.0.0.1', 0),
(895, 4, 1, 'select', '1', 'Animal type - LIAMA', 'Animal type - LIAMA', 'Animal type - LIAMA', NULL, 'text-270620241419', NULL, NULL, NULL, NULL, 'form-control', NULL, NULL, '750', NULL, '10', NULL, NULL, NULL, 434, 0, 1, '2024-09-02 00:00:00', '127.0.0.1', 0),
(896, 4, 1, 'text', '1', 'Other specify', 'Other specify', 'Other specify', NULL, 'text-0309202411', NULL, NULL, NULL, NULL, 'form-control', NULL, NULL, '895', NULL, 'Other', NULL, NULL, NULL, 443, 0, 1, '2024-09-02 00:00:00', '127.0.0.1', 0),
(897, 4, 1, 'number', NULL, 'Average weight (kg) - Local dairy cows – lactating', 'Average weight (kg)', 'Average weight (kg)', NULL, 'text-0309202411', 'desimal', 10, 180, 350, 'form-control', NULL, NULL, '751', NULL, 'Local dairy cows – lactating', NULL, NULL, NULL, 317, 0, 1, '2024-09-03 00:00:00', '127.0.0.1', 0),
(898, 4, 1, 'number', NULL, 'Average weight (kg) - Improved dairy cows –lactating', 'Average weight (kg)', 'Average weight (kg)', NULL, 'text-0309202412', 'desimal', 10, 200, 450, 'form-control', NULL, NULL, '752', NULL, 'Improved dairy cows –lactating', NULL, NULL, NULL, 329, 0, 1, '2024-09-03 00:00:00', '127.0.0.1', 0),
(899, 4, 1, 'number', NULL, 'Average weight (kg) - Local buffalo – lactating', 'Average weight (kg)', 'Average weight (kg)', NULL, 'text-0309202413', 'desimal', 10, 300, 900, 'form-control', NULL, NULL, '753', NULL, 'Local buffalo – lactating', NULL, NULL, NULL, 339, 0, 1, '2024-09-03 00:00:00', '127.0.0.1', 0),
(900, 4, 1, 'number', NULL, 'Average weight (kg) - Sheep', 'Average weight (kg)', 'Average weight (kg)', NULL, 'text-0309202414', 'desimal', 10, 15, 35, 'form-control', NULL, NULL, '750', NULL, '16', NULL, NULL, NULL, 362, 0, 1, '2024-09-03 00:00:00', '127.0.0.1', 0),
(901, 4, 1, 'number', NULL, 'Average weight (kg) - Goat', 'Average weight (kg)', 'Average weight (kg)', NULL, 'text-0309202415', 'desimal', 10, 15, 40, 'form-control', NULL, NULL, '750', NULL, '6', NULL, NULL, NULL, 372, 0, 1, '2024-09-03 00:00:00', '127.0.0.1', 0),
(902, 4, 1, 'number', NULL, 'Average weight (kg) - Boars', 'Average weight (kg)', 'Average weight (kg)', NULL, 'text-0309202416', 'desimal', 10, 100, 350, 'form-control', NULL, NULL, '889', NULL, 'Boars', NULL, NULL, NULL, 382, 0, 1, '2024-09-03 00:00:00', '127.0.0.1', 0),
(903, 4, 1, 'number', NULL, 'Average weight (kg) - Poultry commercial', 'Average weight (kg)', 'Average weight (kg)', NULL, 'text-0309202417', 'desimal', 10, 1, 4, 'form-control', NULL, NULL, '750', NULL, '15', NULL, NULL, NULL, 392, 0, 1, '2024-09-03 00:00:00', '127.0.0.1', 0),
(904, 4, 1, 'number', NULL, 'Average weight (kg) Poultry village conditions', 'Average weight (kg)', 'Average weight (kg)', NULL, 'text-0309202418', 'desimal', 10, 1, 4, 'form-control', NULL, NULL, '750', NULL, '14', NULL, NULL, NULL, 402, 0, 1, '2024-09-03 00:00:00', '127.0.0.1', 0),
(905, 4, 1, 'number', NULL, 'Average weight (kg) - Camel', 'Average weight (kg)', 'Average weight (kg)', NULL, 'text-0309202419', 'desimal', 10, 300, 1000, 'form-control', NULL, NULL, '750', NULL, '2', NULL, NULL, NULL, 412, 0, 1, '2024-09-03 00:00:00', '127.0.0.1', 0),
(906, 4, 1, 'number', NULL, 'Average weight (kg) - Horse', 'Average weight (kg)', 'Average weight (kg)', NULL, 'text-0309202420', 'desimal', 10, 700, 1000, 'form-control', NULL, NULL, '750', NULL, '7', NULL, NULL, NULL, 422, 0, 1, '2024-09-03 00:00:00', '127.0.0.1', 0),
(907, 4, 1, 'number', NULL, 'Average weight (kg) - Donkey', 'Average weight (kg)', 'Average weight (kg)', NULL, 'text-0309202421', 'desimal', 10, 300, 450, 'form-control', NULL, NULL, '750', NULL, '4', NULL, NULL, NULL, 432, 0, 1, '2024-09-03 00:00:00', '127.0.0.1', 0),
(908, 4, 1, 'number', NULL, 'Average weight (kg) - LIAMA', 'Average weight (kg)', 'Average weight (kg)', NULL, 'text-0309202422', 'desimal', 10, NULL, NULL, 'form-control', NULL, NULL, '750', NULL, '10', NULL, NULL, NULL, 442, 0, 1, '2024-09-03 00:00:00', '127.0.0.1', 0),
(909, 4, 1, 'number', '1', 'Annual yield', 'Annual yield', 'Annual yield', NULL, 'text-03062024206', 'desimal', 10, NULL, NULL, 'form-control', NULL, NULL, '760', NULL, NULL, NULL, NULL, NULL, 491, 0, 1, '2024-09-03 00:00:00', '127.0.0.1', 1),
(910, 4, 1, 'number', '1', 'Price received for sheep (per head)', 'Price - Sheep', 'Price - Sheep', NULL, 'text-27062024357', 'desimal', 10, NULL, NULL, 'form-control', NULL, NULL, '787', NULL, NULL, NULL, NULL, NULL, 904, 0, 1, '2024-09-03 00:00:00', '127.0.0.1', 1),
(911, 4, 1, 'number', '1', 'Price received for goat (per head)', 'Price - Goats', 'Price - Goats', NULL, 'text-27062024357', 'desimal', 10, NULL, NULL, 'form-control', NULL, NULL, '787', NULL, NULL, NULL, NULL, NULL, 912, 0, 1, '2024-09-03 00:00:00', '127.0.0.1', 1),
(912, 4, 1, 'checkbox-group', '1', 'Price received for the livestock (per head) - Feb', 'Price received for the livestock (per head) - Feb', 'Price received for the livestock (per head) - Feb', NULL, 'text-27062024364', NULL, NULL, NULL, NULL, 'form-control', NULL, NULL, '803', NULL, 'Feb', NULL, NULL, NULL, 915, 0, 1, '2024-09-03 00:00:00', '127.0.0.1', 0),
(913, 4, 1, 'number', '1', 'Price received for cattle (per head)', 'Price - Cattle', 'Price - Cattle', NULL, 'text-27062024358', 'desimal', 10, NULL, NULL, 'form-control', NULL, NULL, '787', NULL, NULL, NULL, NULL, NULL, 922, 0, 1, '2024-07-25 00:00:00', '127.0.0.1', 1),
(914, 4, 1, 'number', '1', 'Price received for sheep (per head)', 'Price - Sheep', 'Price - Sheep', NULL, 'text-27062024366', 'desimal', 10, NULL, NULL, 'form-control', NULL, NULL, '787', NULL, NULL, NULL, NULL, NULL, 925, 0, 1, '2024-09-03 00:00:00', '127.0.0.1', 1),
(915, 4, 1, 'number', '1', 'Price received for goat (per head)', 'Price - Goats', 'Price - Goats', NULL, 'text-270620243666', 'desimal', 10, NULL, NULL, 'form-control', NULL, NULL, '787', NULL, NULL, NULL, NULL, NULL, 933, 0, 1, '2024-09-03 00:00:00', '127.0.0.1', 1),
(916, 4, 1, 'checkbox-group', '1', 'Price received for the livestock (per head) - March', 'Price received for the livestock (per head) - March', 'Price received for the livestock (per head) - March', NULL, 'text-27062024364', NULL, NULL, NULL, NULL, 'form-control', NULL, NULL, '803', NULL, 'March', NULL, NULL, NULL, 941, 0, 1, '2024-09-03 00:00:00', '127.0.0.1', 0),
(917, 4, 1, 'number', '1', 'Price received for cattle (per head)', 'Price - Cattle', 'Price - Cattle', NULL, 'text-27062024358', 'desimal', 10, NULL, NULL, 'form-control', NULL, NULL, '787', NULL, NULL, NULL, NULL, NULL, 943, 0, 1, '2024-07-25 00:00:00', '127.0.0.1', 1),
(918, 4, 1, 'number', '1', 'Price received for sheep (per head)', 'Price - Sheep', 'Price - Sheep', NULL, 'text-27062024366', 'desimal', 10, NULL, NULL, 'form-control', NULL, NULL, '787', NULL, NULL, NULL, NULL, NULL, 951, 0, 1, '2024-09-03 00:00:00', '127.0.0.1', 1),
(919, 4, 1, 'number', '1', 'Price received for goat (per head)', 'Price - Goats', 'Price - Goats', NULL, 'text-270620243666', 'desimal', 10, NULL, NULL, 'form-control', NULL, NULL, '787', NULL, NULL, NULL, NULL, NULL, 954, 0, 1, '2024-09-03 00:00:00', '127.0.0.1', 1),
(920, 4, 1, 'checkbox-group', '1', 'Price received for the livestock (per head) - April', 'Price received for the livestock (per head) - April', 'Price received for the livestock (per head) - April', NULL, 'text-27062024364', NULL, NULL, NULL, NULL, 'form-control', NULL, NULL, '803', NULL, 'April', NULL, NULL, NULL, 962, 0, 1, '2024-09-03 00:00:00', '127.0.0.1', 0),
(921, 4, 1, 'number', '1', 'Price received for cattle (per head)', 'Price received for cattle (per head)', 'Price - Cattle', NULL, 'text-27062024358', 'desimal', 10, NULL, NULL, 'form-control', NULL, NULL, '787', NULL, NULL, NULL, NULL, NULL, 964, 0, 1, '2024-07-25 00:00:00', '127.0.0.1', 1),
(922, 4, 1, 'number', '1', 'Price received for sheep (per head)', 'Price received for sheep (per head)', 'Price - Sheep', NULL, 'text-27062024366', 'desimal', 10, NULL, NULL, 'form-control', NULL, NULL, '787', NULL, NULL, NULL, NULL, NULL, 972, 0, 1, '2024-09-03 00:00:00', '127.0.0.1', 1),
(923, 4, 1, 'number', '1', 'Price received for goat (per head)', 'Price received for goat (per head)', 'Price - Goats', NULL, 'text-270620243666', 'desimal', 10, NULL, NULL, 'form-control', NULL, NULL, '787', NULL, NULL, NULL, NULL, NULL, 975, 0, 1, '2024-09-03 00:00:00', '127.0.0.1', 1),
(924, 4, 1, 'checkbox-group', '1', 'Price received for the livestock (per head) - May', 'Price received for the livestock (per head) - May', 'Price received for the livestock (per head) - May', NULL, 'text-27062024364', NULL, NULL, NULL, NULL, 'form-control', NULL, NULL, '803', NULL, 'May', NULL, NULL, NULL, 983, 0, 1, '2024-09-03 00:00:00', '127.0.0.1', 0),
(925, 4, 1, 'number', '1', 'Price received for cattle (per head)', 'Price received for cattle (per head)', 'Price - Cattle', NULL, 'text-27062024358', 'desimal', 10, NULL, NULL, 'form-control', NULL, NULL, '787', NULL, NULL, NULL, NULL, NULL, 985, 0, 1, '2024-07-25 00:00:00', '127.0.0.1', 1),
(926, 4, 1, 'number', '1', 'Price received for sheep (per head)', 'Price received for sheep (per head)', 'Price received for sheep (per head)', NULL, 'text-27062024366', 'desimal', 10, NULL, NULL, 'form-control', NULL, NULL, '787', NULL, NULL, NULL, NULL, NULL, 992, 0, 1, '2024-09-03 00:00:00', '127.0.0.1', 1),
(927, 4, 1, 'number', '1', 'Price received for goat (per head)', 'Price - Goats', 'Price - Goats', NULL, 'text-270620243666', 'desimal', 10, NULL, NULL, 'form-control', NULL, NULL, '787', NULL, NULL, NULL, NULL, NULL, 995, 0, 1, '2024-09-03 00:00:00', '127.0.0.1', 1),
(928, 4, 1, 'checkbox-group', '1', 'Price received for the livestock (per head) - June', 'Price received for the livestock (per head) - June', 'Price received for the livestock (per head) - June', NULL, 'text-27062024364', NULL, NULL, NULL, NULL, 'form-control', NULL, NULL, '803', NULL, 'June', NULL, NULL, NULL, 1012, 0, 1, '2024-09-03 00:00:00', '127.0.0.1', 0),
(929, 4, 1, 'number', '1', 'Price received for cattle (per head)', 'Price received for cattle (per head)', 'Price - Cattle', NULL, 'text-27062024358', 'desimal', 10, NULL, NULL, 'form-control', NULL, NULL, '787', NULL, NULL, NULL, NULL, NULL, 1014, 0, 1, '2024-07-25 00:00:00', '127.0.0.1', 1),
(930, 4, 1, 'number', '1', 'Price received for sheep (per head)', 'Price received for sheep (per head)', 'Price - Sheep', NULL, 'text-27062024366', 'desimal', 10, NULL, NULL, 'form-control', NULL, NULL, '787', NULL, NULL, NULL, NULL, NULL, 1022, 0, 1, '2024-09-03 00:00:00', '127.0.0.1', 1),
(931, 4, 1, 'number', '1', 'Price received for goat (per head)', 'Price - Goats', 'Price - Goats', NULL, 'text-270620243666', 'desimal', 10, NULL, NULL, 'form-control', NULL, NULL, '787', NULL, NULL, NULL, NULL, NULL, 1025, 0, 1, '2024-09-03 00:00:00', '127.0.0.1', 1),
(932, 4, 1, 'checkbox-group', '1', 'Price received for the livestock (per head) - July', 'Price received for the livestock (per head) - July', 'Price received for the livestock (per head) - July', NULL, 'text-27062024364', NULL, NULL, NULL, NULL, 'form-control', NULL, NULL, '803', NULL, 'July', NULL, NULL, NULL, 1033, 0, 1, '2024-09-03 00:00:00', '127.0.0.1', 0),
(933, 4, 1, 'number', '1', 'Price received for cattle (per head)', 'Price - Cattle', 'Price - Cattle', NULL, 'text-27062024358', 'desimal', 10, NULL, NULL, 'form-control', NULL, NULL, '787', NULL, NULL, NULL, NULL, NULL, 1035, 0, 1, '2024-07-25 00:00:00', '127.0.0.1', 1),
(934, 4, 1, 'number', '1', 'Price received for sheep (per head)', 'Price - Sheep', 'Price - Sheep', NULL, 'text-27062024366', 'desimal', 10, NULL, NULL, 'form-control', NULL, NULL, '787', NULL, NULL, NULL, NULL, NULL, 1043, 0, 1, '2024-09-03 00:00:00', '127.0.0.1', 1),
(935, 4, 1, 'number', '1', 'Price received for goat (per head)', 'Price - Goats', 'Price - Goats', NULL, 'text-270620243666', 'desimal', 10, NULL, NULL, 'form-control', NULL, NULL, '787', NULL, NULL, NULL, NULL, NULL, 1051, 0, 1, '2024-09-03 00:00:00', '127.0.0.1', 1),
(936, 4, 1, 'checkbox-group', '1', 'Price received for the livestock (per head) - August', 'Price received for the livestock (per head) - August', 'Price received for the livestock (per head) - August', NULL, 'text-27062024364', NULL, NULL, NULL, NULL, 'form-control', NULL, NULL, '803', NULL, 'August', NULL, NULL, NULL, 1054, 0, 1, '2024-09-03 00:00:00', '127.0.0.1', 0),
(937, 4, 1, 'number', '1', 'Price received for cattle (per head)', 'Price - Cattle', 'Price - Cattle', NULL, 'text-27062024358', 'desimal', 10, NULL, NULL, 'form-control', NULL, NULL, '787', NULL, NULL, NULL, NULL, NULL, 1061, 0, 1, '2024-07-25 00:00:00', '127.0.0.1', 1),
(938, 4, 1, 'number', '1', 'Price received for sheep (per head)', 'Price - Sheep', 'Price - Sheep', NULL, 'text-27062024366', 'desimal', 10, NULL, NULL, 'form-control', NULL, NULL, '787', NULL, NULL, NULL, NULL, NULL, 1064, 0, 1, '2024-09-03 00:00:00', '127.0.0.1', 1),
(939, 4, 1, 'number', '1', 'Price received for goat (per head)', 'Price received for goat (per head)', 'Price - Goats', NULL, 'text-270620243666', 'desimal', 10, NULL, NULL, 'form-control', NULL, NULL, '787', NULL, NULL, NULL, NULL, NULL, 1072, 0, 1, '2024-09-03 00:00:00', '127.0.0.1', 1),
(940, 4, 1, 'checkbox-group', '1', 'Price received for the livestock (per head) - September', 'Price received for the livestock (per head) - September', 'Price received for the livestock (per head) - September', NULL, 'text-27062024364', NULL, NULL, NULL, NULL, 'form-control', NULL, NULL, '803', NULL, 'September', NULL, NULL, NULL, 1075, 0, 1, '2024-09-03 00:00:00', '127.0.0.1', 0),
(941, 4, 1, 'number', '1', 'Price received for cattle (per head)', 'Price received for cattle (per head)', 'Price - Cattle', NULL, 'text-27062024358', 'desimal', 10, NULL, NULL, 'form-control', NULL, NULL, '787', NULL, NULL, NULL, NULL, NULL, 1082, 0, 1, '2024-07-25 00:00:00', '127.0.0.1', 1),
(942, 4, 1, 'number', '1', 'Price received for sheep (per head)', 'Price - Sheep', 'Price - Sheep', NULL, 'text-27062024366', 'desimal', 10, NULL, NULL, 'form-control', NULL, NULL, '787', NULL, NULL, NULL, NULL, NULL, 1085, 0, 1, '2024-09-03 00:00:00', '127.0.0.1', 1),
(943, 4, 1, 'number', '1', 'Price received for goat (per head)', 'Price - Goats', 'Price - Goats', NULL, 'text-270620243666', 'desimal', 10, NULL, NULL, 'form-control', NULL, NULL, '787', NULL, NULL, NULL, NULL, NULL, 1093, 0, 1, '2024-09-03 00:00:00', '127.0.0.1', 1),
(944, 4, 1, 'checkbox-group', '1', 'Price received for the livestock (per head) - October', 'Price received for the livestock (per head) - October', 'Price received for the livestock (per head) - October', NULL, 'text-27062024364', NULL, NULL, NULL, NULL, 'form-control', NULL, NULL, '803', NULL, 'October', NULL, NULL, NULL, 1101, 0, 1, '2024-09-03 00:00:00', '127.0.0.1', 0),
(945, 4, 1, 'number', '1', 'Price received for cattle (per head)', 'Price - Cattle', 'Price - Cattle', NULL, 'text-27062024358', 'desimal', 10, NULL, NULL, 'form-control', NULL, NULL, '787', NULL, NULL, NULL, NULL, NULL, 1103, 0, 1, '2024-07-25 00:00:00', '127.0.0.1', 1),
(946, 4, 1, 'number', '1', 'Price received for sheep (per head)', 'Price - Sheep', 'Price - Sheep', NULL, 'text-27062024366', 'desimal', 10, NULL, NULL, 'form-control', NULL, NULL, '787', NULL, NULL, NULL, NULL, NULL, 1111, 0, 1, '2024-09-03 00:00:00', '127.0.0.1', 1),
(947, 4, 1, 'number', '1', 'Price received for goat (per head)', 'Price - Goats', 'Price - Goats', NULL, 'text-270620243666', 'desimal', 10, NULL, NULL, 'form-control', NULL, NULL, '787', NULL, NULL, NULL, NULL, NULL, 1114, 0, 1, '2024-09-03 00:00:00', '127.0.0.1', 1),
(948, 4, 1, 'checkbox-group', '1', 'Price received for the livestock (per head) - November', 'Price received for the livestock (per head) - November', 'Price received for the livestock (per head) - November', NULL, 'text-27062024364', NULL, NULL, NULL, NULL, 'form-control', NULL, NULL, '803', NULL, 'November', NULL, NULL, NULL, 1122, 0, 1, '2024-09-03 00:00:00', '127.0.0.1', 0),
(949, 4, 1, 'number', '1', 'Price received for cattle (per head)', 'Price - Cattle', 'Price - Cattle', NULL, 'text-27062024358', 'desimal', 10, NULL, NULL, 'form-control', NULL, NULL, '787', NULL, NULL, NULL, NULL, NULL, 1124, 0, 1, '2024-07-25 00:00:00', '127.0.0.1', 1),
(950, 4, 1, 'number', '1', 'Price received for sheep (per head)', 'Price - Sheep', 'Price - Sheep', NULL, 'text-27062024366', 'desimal', 10, NULL, NULL, 'form-control', NULL, NULL, '787', NULL, NULL, NULL, NULL, NULL, 1132, 0, 1, '2024-09-03 00:00:00', '127.0.0.1', 1),
(951, 4, 1, 'number', '1', 'Price received for goat (per head)', 'Price - Goats', 'Price - Goats', NULL, 'text-270620243666', 'desimal', 10, NULL, NULL, 'form-control', NULL, NULL, '787', NULL, NULL, NULL, NULL, NULL, 1135, 0, 1, '2024-09-03 00:00:00', '127.0.0.1', 1),
(952, 4, 1, 'checkbox-group', '1', 'Price received for the livestock (per head) - December', 'Price received for the livestock (per head) - December', 'Price received for the livestock (per head) - December', NULL, 'text-27062024364', NULL, NULL, NULL, NULL, 'form-control', NULL, NULL, '803', NULL, 'December', NULL, NULL, NULL, 1143, 0, 1, '2024-09-03 00:00:00', '127.0.0.1', 0),
(953, 4, 1, 'number', '1', 'Price received for cattle (per head)', 'Price - Cattle', 'Price - Cattle', NULL, 'text-27062024358', 'desimal', 10, NULL, NULL, 'form-control', NULL, NULL, '787', NULL, NULL, NULL, NULL, NULL, 1145, 0, 1, '2024-07-25 00:00:00', '127.0.0.1', 1),
(954, 4, 1, 'number', '1', 'Price received for sheep (per head)', 'Price - Sheep', 'Price - Sheep', NULL, 'text-27062024366', 'desimal', 10, NULL, NULL, 'form-control', NULL, NULL, '787', NULL, NULL, NULL, NULL, NULL, 1153, 0, 1, '2024-09-03 00:00:00', '127.0.0.1', 1),
(955, 4, 1, 'number', '1', 'Price received for goat (per head)', 'Price - Goats', 'Price - Goats', NULL, 'text-270620243666', 'desimal', 10, NULL, NULL, 'form-control', NULL, NULL, '787', NULL, NULL, NULL, NULL, NULL, 1161, 0, 1, '2024-09-03 00:00:00', '127.0.0.1', 1),
(956, 1, 1, 'number', '1', '% of households - Medium farm', '% of households', '% of households', NULL, 'text-04072024821', 'desimal', 10, NULL, 100, 'form-control', 'mediumfarm', NULL, '688', NULL, NULL, NULL, NULL, NULL, 81, 0, 1, '2024-07-04 00:00:00', '127.0.0.1', 1),
(957, 1, 1, 'number', '1', '% of households - Large farm', '% of households', '% of households', NULL, 'text-04072024822', 'desimal', 10, NULL, 100, 'form-control', 'largefarm', NULL, '688', NULL, NULL, NULL, NULL, NULL, 89, 0, 1, '2024-07-04 00:00:00', '127.0.0.1', 1),
(958, 1, 1, 'number', '1', '% of households managed by gender - Female Medium farm', '% of households managed by gender - Female', '% of households managed by gender - Female', NULL, 'text-0409202485', 'desimal', 10, NULL, 100, 'form-control', 'mediumfarm_female', NULL, '688', NULL, NULL, NULL, NULL, NULL, 82, 0, 1, '2024-09-04 00:00:00', '127.0.0.1', 1),
(959, 1, 1, 'number', '1', '% of households managed by gender - Male Medium farm', '% of households managed by gender - Male', '% of households managed by gender - Male', NULL, 'text-0409202486', 'desimal', 10, NULL, 100, 'form-control', 'mediumfarm_male', NULL, '688', NULL, NULL, NULL, NULL, NULL, 83, 0, 1, '2024-09-04 00:00:00', '127.0.0.1', 1),
(960, 1, 1, 'number', '1', '% of households managed by gender - Female - Large farm', '% of households managed by gender - Female', '% of households managed by gender - Female', NULL, 'text-0409202487', 'desimal', 10, NULL, 100, 'form-control', 'largefarm_female', NULL, '688', NULL, NULL, NULL, NULL, NULL, 90, 0, 1, '2024-09-04 00:00:00', '127.0.0.1', 1),
(961, 1, 1, 'number', '1', '% of households managed by gender - Male - Large farm', '% of households managed by gender - Female', '% of households managed by gender - Female', NULL, 'text-0409202488', 'desimal', 10, NULL, 100, 'form-control', 'largefarm_male', NULL, '688', NULL, NULL, NULL, NULL, NULL, 91, 0, 1, '2024-09-04 00:00:00', '127.0.0.1', 1),
(962, 4, 1, 'number', '1', 'Contribution to household income (%) - Charcoal making', 'Contribution to household income (%) - Charcoal making', 'Contribution to household income (%) - Charcoal making', NULL, 'text-27062024195', 'desimal', 10, NULL, NULL, 'form-control', NULL, NULL, '746', NULL, 'Charcoal making', NULL, NULL, NULL, 101, 0, 1, '2024-09-05 00:00:00', '127.0.0.1', 0),
(963, 4, 1, 'number', '1', 'Total Land Owned', 'Total Land Owned', 'Contribution to household income (%) - Dairying', NULL, 'text-27062024196', 'desimal', 10, NULL, NULL, 'form-control', NULL, NULL, '682', NULL, NULL, NULL, NULL, NULL, 71, 0, 1, '2024-09-05 00:00:00', '127.0.0.1', 1),
(964, 4, 1, 'number', '1', 'Contribution to household income (%) - Draft animals', 'Contribution to household income (%) - Draft animals', 'Contribution to household income (%) - Draft animals', NULL, 'text-27062024197', 'desimal', 10, NULL, NULL, 'form-control', NULL, NULL, '746', NULL, 'Draft animals', NULL, NULL, NULL, 105, 0, 1, '2024-09-05 00:00:00', '127.0.0.1', 0),
(965, 4, 1, 'number', '1', '% Contribution to household income (%) - Fattening - cattle', 'Contribution to household income (%) - Fattening - cattle', 'Contribution to household income (%) - Fattening - cattle', NULL, 'text-27062024198', 'desimal', 10, NULL, NULL, 'form-control', NULL, NULL, '746', NULL, 'Fattening - cattle', NULL, NULL, NULL, 111, 0, 1, '2024-09-05 00:00:00', '127.0.0.1', 0),
(966, 4, 1, 'number', '1', '% Contribution to household income (%) - Fattening - sheep and goats', 'Contribution to household income (%) - Fattening - sheep and goats', 'Contribution to household income (%) - Fattening - sheep and goats', NULL, 'text-27062024199', 'desimal', 10, NULL, NULL, 'form-control', NULL, NULL, '746', NULL, 'Fattening - sheep and goats', NULL, NULL, NULL, 114, 0, 1, '2024-09-05 00:00:00', '127.0.0.1', 0),
(967, 4, 1, 'number', '1', '% Contribution to household income (%) - Food crops', 'Contribution to household income (%) - Food crops', 'Contribution to household income (%) - Food crops', NULL, 'text-270620241103', 'desimal', 10, NULL, NULL, 'form-control', NULL, NULL, '746', NULL, 'Food crops', NULL, NULL, NULL, 121, 0, 1, '2024-09-05 00:00:00', '127.0.0.1', 0),
(968, 4, 1, 'number', '1', 'Contribution to household income (%) - Handicrafts', 'Contribution to household income (%) - Handicrafts', 'Contribution to household income (%) - Handicrafts', NULL, 'text-270620241104', 'desimal', 10, NULL, NULL, 'form-control', NULL, NULL, '746', NULL, 'Handicrafts', NULL, NULL, NULL, 123, 0, 1, '2024-09-05 00:00:00', '127.0.0.1', 0),
(969, 4, 1, 'number', '1', '% Contribution to household income (%) - Laboring/service', 'Contribution to household income (%) - Laboring/service', 'Contribution to household income (%) - Laboring/service', NULL, 'text-270620241105', 'desimal', 10, NULL, NULL, 'form-control', NULL, NULL, '746', NULL, 'Laboring/service', NULL, NULL, NULL, 125, 0, 1, '2024-09-05 00:00:00', '127.0.0.1', 0),
(970, 4, 1, 'number', '1', '% Contribution to household income (%) - Off- farm business', 'Contribution to household income (%) - Off- farm business', 'Contribution to household income (%) - Off- farm business', NULL, 'text-270620241106', 'desimal', 10, NULL, NULL, 'form-control', NULL, NULL, '746', NULL, 'Off- farm business', NULL, NULL, NULL, 132, 0, 1, '2024-09-05 00:00:00', '127.0.0.1', 0),
(971, 4, 1, 'number', '1', 'Contribution to household income (%) - Pigs', 'Contribution to household income (%) - Pigs', 'Contribution to household income (%) - Pigs', NULL, 'text-270620241107', 'desimal', 10, NULL, NULL, 'form-control', NULL, NULL, '746', NULL, 'Pigs', NULL, NULL, NULL, 134, 0, 1, '2024-09-05 00:00:00', '127.0.0.1', 0),
(972, 4, 1, 'number', '1', '% Contribution to household income (%) - Poultry (eggs)', 'Contribution to household income (%) - Poultry (eggs)', 'Contribution to household income (%) - Poultry (eggs)', NULL, 'text-270620241108', 'desimal', 10, NULL, NULL, 'form-control', NULL, NULL, '746', NULL, 'Poultry (eggs)', NULL, NULL, NULL, 136, 0, 1, '2024-09-05 00:00:00', '127.0.0.1', 0),
(973, 4, 1, 'number', '1', '% Contribution to household income (%) - Poultry (meat)', 'Contribution to household income (%) - Poultry (meat)', 'Contribution to household income (%) - Poultry (meat)', NULL, 'text-270620241109', 'desimal', 10, NULL, NULL, 'form-control', NULL, NULL, '746', NULL, 'Poultry (meat)', NULL, NULL, NULL, 143, 0, 1, '2024-09-05 00:00:00', '127.0.0.1', 0);
INSERT INTO `form_field` (`field_id`, `form_id`, `fieldvalue_set`, `type`, `required`, `label`, `label_hindi`, `label_odiya`, `description`, `name`, `subtype`, `maxlength`, `min_val`, `max_val`, `className`, `inline`, `multiple`, `parent_id`, `parent_relation`, `parent_value`, `parent_multiple_value`, `child_id`, `field_count`, `slno`, `filter`, `added_by`, `added_datetime`, `ip_address`, `status`) VALUES
(974, 4, 1, 'number', '1', 'Contribution to household income (%) - Priest', 'Contribution to household income (%) - Priest', 'Contribution to household income (%) - Priest', NULL, 'text-270620241110', 'desimal', 10, NULL, NULL, 'form-control', NULL, NULL, '746', NULL, 'Priest', NULL, NULL, NULL, 145, 0, 1, '2024-09-05 00:00:00', '127.0.0.1', 0),
(975, 4, 1, 'number', '1', '% Contribution to household income (%) - Remittances', 'Contribution to household income (%) - Remittances', 'Contribution to household income (%) - Remittances', NULL, 'text-270620241111', 'desimal', 10, NULL, NULL, 'form-control', NULL, NULL, '746', NULL, 'Remittances', NULL, NULL, NULL, 152, 0, 1, '2024-09-05 00:00:00', '127.0.0.1', 0),
(976, 4, 1, 'number', '1', 'Contribution to household income (%) - Timber', 'Contribution to household income (%) - Timber', 'Contribution to household income (%) - Timber', NULL, 'text-270620241112', 'desimal', 10, NULL, NULL, 'form-control', NULL, NULL, '746', NULL, 'Timber', NULL, NULL, NULL, 154, 0, 1, '2024-09-05 00:00:00', '127.0.0.1', 0),
(977, 4, 1, 'number', '1', '% Contribution to household income (%) - Other', 'Contribution to household income (%) - Other', 'Contribution to household income (%) - Other', NULL, 'text-270620241113', 'desimal', 10, NULL, NULL, 'form-control', NULL, NULL, '746', NULL, 'Other', NULL, NULL, NULL, 162, 0, 1, '2024-09-05 00:00:00', '127.0.0.1', 0),
(978, 4, 1, 'number', '1', 'Headcount - Local dairy cattle', 'Headcount', 'Headcount', NULL, 'text-05062024154', 'number', 10, NULL, NULL, 'form-control', NULL, NULL, '750', NULL, '12', NULL, NULL, NULL, 315, 0, 1, '2024-09-05 00:00:00', '127.0.0.1', 0),
(979, 4, 1, 'radio-group', NULL, 'Dominant breed - Local dairy cattle', 'Dominant breed', 'Dominant breed', NULL, 'text-27062024155', NULL, NULL, NULL, NULL, 'form-control', NULL, NULL, '750', NULL, '12', NULL, NULL, NULL, 316, 0, 1, '2024-09-05 00:00:00', '127.0.0.1', 0),
(980, 4, 1, 'number', '1', 'Headcount - Improved dairy cattle', 'Headcount', 'Headcount', NULL, 'text-05062024158', 'number', 10, NULL, NULL, 'form-control', NULL, NULL, '750', NULL, '9', NULL, NULL, NULL, 325, 0, 1, '2024-09-05 00:00:00', '127.0.0.1', 0),
(981, 4, 1, 'radio-group', NULL, 'Dominant breed - Improved dairy cattle', 'Dominant breed', 'Dominant breed', NULL, 'text-27062024159', NULL, NULL, NULL, NULL, 'form-control', NULL, NULL, '750', NULL, '9', NULL, NULL, NULL, 328, 0, 1, '2024-09-05 00:00:00', '127.0.0.1', 0),
(982, 4, 1, 'number', '1', 'Headcount - Local Buffalo', 'Headcount', 'Headcount', NULL, 'text-05062024162', 'number', 10, NULL, NULL, 'form-control', NULL, NULL, '750', NULL, '11', NULL, NULL, NULL, 336, 0, 1, '2024-09-05 00:00:00', '127.0.0.1', 0),
(983, 4, 1, 'radio-group', NULL, 'Dominant breed - Local Buffalo', 'Dominant breed', 'Dominant breed', NULL, 'text-27062024163', NULL, NULL, NULL, NULL, 'form-control', NULL, NULL, '750', NULL, '11', NULL, NULL, NULL, 338, 0, 1, '2024-09-05 00:00:00', '127.0.0.1', 0),
(984, 4, 1, 'number', '1', 'Headcount - Sheep', 'Headcount', 'Headcount', NULL, 'text-05062024165', 'number', 10, NULL, NULL, 'form-control', NULL, NULL, '750', NULL, '16', NULL, NULL, NULL, 360, 0, 1, '2024-09-05 00:00:00', '127.0.0.1', 0),
(985, 4, 1, 'radio-group', NULL, 'Dominant breed - Sheep', 'Dominant breed', 'Dominant breed', NULL, 'text-27062024166', NULL, NULL, NULL, NULL, 'form-control', NULL, NULL, '750', NULL, '16', NULL, NULL, NULL, 361, 0, 1, '2024-09-05 00:00:00', '127.0.0.1', 0),
(986, 4, 1, 'number', '1', 'Headcount - Goat', 'Headcount', 'Headcount', NULL, 'text-05062024168', 'number', 10, NULL, NULL, 'form-control', NULL, NULL, '750', NULL, '6', NULL, NULL, NULL, 365, 0, 1, '2024-09-05 00:00:00', '127.0.0.1', 0),
(987, 4, 1, 'radio-group', NULL, 'Dominant breed - Goat', 'Dominant breed', 'Dominant breed', NULL, 'text-27062024169', NULL, NULL, NULL, NULL, 'form-control', NULL, NULL, '750', NULL, '6', NULL, NULL, NULL, 371, 0, 1, '2024-09-05 00:00:00', '127.0.0.1', 0),
(988, 4, 1, 'number', '1', 'Headcount - Pig', 'Headcount', 'Headcount', NULL, 'text-05062024171', 'number', 10, NULL, NULL, 'form-control', NULL, NULL, '750', NULL, '13', NULL, NULL, NULL, 375, 0, 1, '2024-09-05 00:00:00', '127.0.0.1', 0),
(989, 4, 1, 'radio-group', NULL, 'Dominant breed - Pig', 'Dominant breed', 'Dominant breed', NULL, 'text-27062024172', NULL, NULL, NULL, NULL, 'form-control', NULL, NULL, '750', NULL, '13', NULL, NULL, NULL, 381, 0, 1, '2024-09-05 00:00:00', '127.0.0.1', 0),
(990, 4, 1, 'number', '1', 'Headcount - Poultry commercial', 'Headcount', 'Headcount', NULL, 'text-05062024174', 'number', 10, NULL, NULL, 'form-control', NULL, NULL, '750', NULL, '15', NULL, NULL, NULL, 390, 0, 1, '2024-09-05 00:00:00', '127.0.0.1', 0),
(991, 4, 1, 'radio-group', NULL, 'Dominant breed - Poultry commercial', 'Dominant breed', 'Dominant breed', NULL, 'text-27062024175', NULL, NULL, NULL, NULL, 'form-control', NULL, NULL, '750', NULL, '15', NULL, NULL, NULL, 391, 0, 1, '2024-09-05 00:00:00', '127.0.0.1', 0),
(992, 4, 1, 'number', '1', 'Headcount - Poultry village conditions', 'Headcount', 'Headcount', NULL, 'text-05062024177', 'number', 10, NULL, NULL, 'form-control', NULL, NULL, '750', NULL, '14', NULL, NULL, NULL, 395, 0, 1, '2024-09-05 00:00:00', '127.0.0.1', 0),
(993, 4, 1, 'radio-group', NULL, 'Dominant breed - Poultry village conditions', 'Dominant breed', 'Dominant breed', NULL, 'text-27062024178', NULL, NULL, NULL, NULL, 'form-control', NULL, NULL, '750', NULL, '14', NULL, NULL, NULL, 401, 0, 1, '2024-09-05 00:00:00', '127.0.0.1', 0),
(994, 4, 1, 'number', '1', 'Headcount - Camel', 'Headcount', 'Headcount', NULL, 'text-05062024180', 'number', 10, NULL, NULL, 'form-control', NULL, NULL, '750', NULL, '2', NULL, NULL, NULL, 405, 0, 1, '2024-09-05 00:00:00', '127.0.0.1', 0),
(995, 4, 1, 'radio-group', NULL, 'Dominant breed - Camel', 'Dominant breed', 'Dominant breed', NULL, 'text-27062024181', NULL, NULL, NULL, NULL, 'form-control', NULL, NULL, '750', NULL, '2', NULL, NULL, NULL, 411, 0, 1, '2024-09-05 00:00:00', '127.0.0.1', 0),
(996, 4, 1, 'number', '1', 'Headcount - Horse', 'Headcount', 'Headcount', NULL, 'text-05062024183', 'number', 10, NULL, NULL, 'form-control', NULL, NULL, '750', NULL, '7', NULL, NULL, NULL, 415, 0, 1, '2024-09-05 00:00:00', '127.0.0.1', 0),
(997, 4, 1, 'radio-group', NULL, 'Dominant breed - Horse', 'Dominant breed', 'Dominant breed', NULL, 'text-27062024184', NULL, NULL, NULL, NULL, 'form-control', NULL, NULL, '750', NULL, '7', NULL, NULL, NULL, 421, 0, 1, '2024-09-05 00:00:00', '127.0.0.1', 0),
(998, 4, 1, 'number', '1', 'Headcount - Donkey', 'Headcount', 'Headcount', NULL, 'text-05062024186', 'number', 10, NULL, NULL, 'form-control', NULL, NULL, '750', NULL, '4', NULL, NULL, NULL, 425, 0, 1, '2024-09-05 00:00:00', '127.0.0.1', 0),
(999, 4, 1, 'radio-group', NULL, 'Dominant breed - Donkey', 'Dominant breed', 'Dominant breed', NULL, 'text-27062024187', NULL, NULL, NULL, NULL, 'form-control', NULL, NULL, '750', NULL, '4', NULL, NULL, NULL, 431, 0, 1, '2024-09-05 00:00:00', '127.0.0.1', 0),
(1000, 4, 1, 'number', '1', 'Headcount - LIAMA', 'Headcount', 'Headcount', NULL, 'text-05062024189', 'number', 10, NULL, NULL, 'form-control', NULL, NULL, '750', NULL, '10', NULL, NULL, NULL, 435, 0, 1, '2024-09-05 00:00:00', '127.0.0.1', 0),
(1001, 4, 1, 'radio-group', NULL, 'Dominant breed - LIAMA', 'Dominant breed', 'Dominant breed', NULL, 'text-27062024190', NULL, NULL, NULL, NULL, 'form-control', NULL, NULL, '750', NULL, '10', NULL, NULL, NULL, 441, 0, 1, '2024-09-05 00:00:00', '127.0.0.1', 0),
(1002, 4, 1, 'select', '1', 'Currency - Cattle', 'Currency - Cattle', 'Currency - Cattle', NULL, 'text-270620243405', NULL, NULL, NULL, NULL, 'form-control', NULL, NULL, '787', NULL, NULL, NULL, NULL, NULL, 902, 0, 1, '2024-09-06 00:00:00', '127.0.0.1', 0),
(1003, 4, 1, 'select', '1', 'Currency - Sheep', 'Currency - Sheep', 'Currency - Sheep', NULL, 'text-06092024412', NULL, NULL, NULL, NULL, 'form-control', NULL, NULL, '787', NULL, NULL, NULL, NULL, NULL, 905, 0, 1, '2024-09-06 00:00:00', '127.0.0.1', 0),
(1004, 4, 1, 'lkp_currency', '1', 'Price in', 'Price in', 'Price in', NULL, 'text-06092024414', NULL, NULL, NULL, NULL, 'form-control', NULL, NULL, '787', NULL, NULL, NULL, NULL, NULL, 913, 0, 1, '2024-09-06 00:00:00', '127.0.0.1', 1),
(1005, 4, 1, 'select', '1', 'Currency - Cattle', 'Currency - Cattle', 'Currency - Cattle', NULL, 'text-27062024421', NULL, NULL, NULL, NULL, 'form-control', NULL, NULL, '912', NULL, 'Cattle', NULL, NULL, NULL, 923, 0, 1, '2024-09-06 00:00:00', '127.0.0.1', 0),
(1006, 4, 1, 'select', '1', 'Currency - Sheep', 'Currency - Sheep', 'Currency - Sheep', NULL, 'text-2706202425', NULL, NULL, NULL, NULL, 'form-control', NULL, NULL, '912', NULL, 'Sheep', NULL, NULL, NULL, 931, 0, 1, '2024-09-06 00:00:00', '127.0.0.1', 0),
(1007, 4, 1, 'lkp_currency', '1', 'Price in', 'Currency - Goats', 'Currency - Goats', NULL, 'text-27062024426', NULL, NULL, NULL, NULL, 'form-control', NULL, NULL, '787', NULL, NULL, NULL, NULL, NULL, 934, 0, 1, '2024-09-06 00:00:00', '127.0.0.1', 1),
(1008, 4, 1, 'select', '1', 'Currency - Cattle', 'Currency - Cattle', 'Currency - Cattle', NULL, 'text-2706202433', NULL, NULL, NULL, NULL, 'form-control', NULL, NULL, '916', NULL, 'Cattle', NULL, NULL, NULL, 944, 0, 1, '2024-09-06 00:00:00', '127.0.0.1', 0),
(1009, 4, 1, 'select', '1', 'Currency - Sheep', 'Currency - Sheep', 'Currency - Sheep', NULL, 'text-2706202435', NULL, NULL, NULL, NULL, 'form-control', NULL, NULL, '916', NULL, 'Sheep', NULL, NULL, NULL, 952, 0, 1, '2024-09-06 00:00:00', '127.0.0.1', 0),
(1010, 4, 1, 'lkp_currency', '1', 'Price in', 'Price in', 'Price in', NULL, 'text-2706202437', NULL, NULL, NULL, NULL, 'form-control', NULL, NULL, '787', NULL, NULL, NULL, NULL, NULL, 955, 0, 1, '2024-09-06 00:00:00', '127.0.0.1', 1),
(1011, 4, 1, 'select', '1', 'Currency - Cattle', 'Currency - Cattle', 'Currency - Cattle', NULL, 'text-2706202443', NULL, NULL, NULL, NULL, 'form-control', NULL, NULL, '920', NULL, 'Cattle', NULL, NULL, NULL, 965, 0, 1, '2024-09-06 00:00:00', '127.0.0.1', 0),
(1012, 4, 1, 'select', '1', 'Currency - Sheep', 'Currency - Sheep', 'Currency - Sheep', NULL, 'text-2706202445', NULL, NULL, NULL, NULL, 'form-control', NULL, NULL, '920', NULL, 'Sheep', NULL, NULL, NULL, 973, 0, 1, '2024-09-06 00:00:00', '127.0.0.1', 0),
(1013, 4, 1, 'lkp_currency', '1', 'Price in', 'Price in', 'Price in', NULL, 'text-2706202447', NULL, NULL, NULL, NULL, 'form-control', NULL, NULL, '787', NULL, NULL, NULL, NULL, NULL, 981, 0, 1, '2024-09-03 00:00:00', '127.0.0.1', 1),
(1014, 4, 1, 'select', '1', 'Currency - Cattle', 'Currency - Cattle', 'Currency - Cattle', NULL, 'text-2706202453', NULL, NULL, NULL, NULL, 'form-control', NULL, NULL, '924', NULL, 'Cattle', NULL, NULL, NULL, 986, 0, 1, '2024-09-06 00:00:00', '127.0.0.1', 0),
(1015, 4, 1, 'select', '1', 'Currency - Sheep', 'Currency - Sheep', 'Currency - Sheep', NULL, 'text-2706202455', NULL, NULL, NULL, NULL, 'form-control', NULL, NULL, '924', NULL, 'Sheep', NULL, NULL, NULL, 993, 0, 1, '2024-09-06 00:00:00', '127.0.0.1', 0),
(1016, 4, 1, 'lkp_currency', '1', 'Price in', 'Price in', 'Price in', NULL, 'text-27062024566', NULL, NULL, NULL, NULL, 'form-control', NULL, NULL, '787', NULL, NULL, NULL, NULL, NULL, 996, 0, 1, '2024-09-06 00:00:00', '127.0.0.1', 1),
(1017, 4, 1, 'select', '1', 'Currency - Cattle', 'Currency - Cattle', 'Currency - Cattle', NULL, 'text-2706202463', NULL, NULL, NULL, NULL, 'form-control', NULL, NULL, '928', NULL, 'Cattle', NULL, NULL, NULL, 1015, 0, 1, '2024-09-06 00:00:00', '127.0.0.1', 0),
(1018, 4, 1, 'select', '1', 'Currency - Sheep', 'Currency - Sheep', 'Currency - Sheep', NULL, 'text-27062024655', NULL, NULL, NULL, NULL, 'form-control', NULL, NULL, '928', NULL, 'Sheep', NULL, NULL, NULL, 1024, 0, 1, '2024-09-06 00:00:00', '127.0.0.1', 0),
(1019, 4, 1, 'lkp_currency', '1', 'Price in', 'Currency - Goats', 'Currency - Goats', NULL, 'text-27062024677', NULL, NULL, NULL, NULL, 'form-control', NULL, NULL, '787', NULL, NULL, NULL, NULL, NULL, 1031, 0, 1, '2024-09-06 00:00:00', '127.0.0.1', 1),
(1020, 4, 1, 'select', '1', 'Currency - Cattle', 'Currency - Cattle', 'Currency - Cattle', NULL, 'text-2706202473', NULL, NULL, NULL, NULL, 'form-control', NULL, NULL, '932', NULL, 'Cattle', NULL, NULL, NULL, 1041, 0, 1, '2024-09-06 00:00:00', '127.0.0.1', 0),
(1021, 4, 1, 'select', '1', 'Currency - Sheep', 'Currency - Sheep', 'Currency - Sheep', NULL, 'text-27062024375', NULL, NULL, NULL, NULL, 'form-control', NULL, NULL, '932', NULL, 'Sheep', NULL, NULL, NULL, 1044, 0, 1, '2024-09-06 00:00:00', '127.0.0.1', 0),
(1022, 4, 1, 'lkp_currency', '1', 'Price in', 'Currency - Goats', 'Currency - Goats', NULL, 'text-27062024766', NULL, NULL, NULL, NULL, 'form-control', NULL, NULL, '787', NULL, NULL, NULL, NULL, NULL, 1052, 0, 1, '2024-09-06 00:00:00', '127.0.0.1', 1),
(1023, 4, 1, 'select', '1', 'Currency - Cattle', 'Currency - Cattle', 'Currency - Cattle', NULL, 'text-2706202483', NULL, NULL, NULL, NULL, 'form-control', NULL, NULL, '936', NULL, 'Cattle', NULL, NULL, NULL, 1062, 0, 1, '2024-09-06 00:00:00', '127.0.0.1', 0),
(1024, 4, 1, 'select', '1', 'Currency - Sheep', 'Currency - Sheep', 'Currency - Sheep', NULL, 'text-0609202411', NULL, NULL, NULL, NULL, 'form-control', NULL, NULL, '936', NULL, 'Sheep', NULL, NULL, NULL, 1065, 0, 1, '2024-09-06 00:00:00', '127.0.0.1', 0),
(1025, 4, 1, 'lkp_currency', '1', 'Price in', 'Currency - Goats', 'Currency - Goats', NULL, 'text-06092024123', NULL, NULL, NULL, NULL, 'form-control', NULL, NULL, '787', NULL, NULL, NULL, NULL, NULL, 1073, 0, 1, '2024-09-06 00:00:00', '127.0.0.1', 1),
(1026, 4, 1, 'select', '1', 'Currency - Cattle', 'Currency - Cattle', 'Currency - Cattle', NULL, 'text-06092024112', NULL, NULL, NULL, NULL, 'form-control', NULL, NULL, '940', NULL, 'Cattle', NULL, NULL, NULL, 1083, 0, 1, '2024-09-06 00:00:00', '127.0.0.1', 0),
(1027, 4, 1, 'select', '1', 'Currency - Sheep', 'Currency - Sheep', 'Currency - Sheep', NULL, 'text-0609202414', NULL, NULL, NULL, NULL, 'form-control', NULL, NULL, '940', NULL, 'Sheep', NULL, NULL, NULL, 1091, 0, 1, '2024-09-06 00:00:00', '127.0.0.1', 0),
(1028, 4, 1, 'lkp_currency', '1', 'Price in', 'Currency - Goats', 'Currency - Goats', NULL, 'text-0609202415', NULL, NULL, NULL, NULL, 'form-control', NULL, NULL, '787', NULL, NULL, NULL, NULL, NULL, 1094, 0, 1, '2024-09-06 00:00:00', '127.0.0.1', 1),
(1029, 4, 1, 'select', '1', 'Currency - Cattle', 'Currency - Cattle', 'Currency - Cattle', NULL, 'text-27062024513', NULL, NULL, NULL, NULL, 'form-control', NULL, NULL, '944', NULL, 'Cattle', NULL, NULL, NULL, 1104, 0, 1, '2024-09-06 00:00:00', '127.0.0.1', 0),
(1030, 4, 1, 'select', '1', 'Currency - Sheep', 'Currency - Sheep', 'Currency - Sheep', NULL, 'text-0609202416', NULL, NULL, NULL, NULL, 'form-control', NULL, NULL, '944', NULL, 'Sheep', NULL, NULL, NULL, 1112, 0, 1, '2024-09-06 00:00:00', '127.0.0.1', 0),
(1031, 4, 1, 'lkp_currency', '1', 'Price in', 'Currency - Goats', 'Currency - Goats', NULL, 'text-27062024211', NULL, NULL, NULL, NULL, 'form-control', NULL, NULL, '787', NULL, NULL, NULL, NULL, NULL, 1115, 0, 1, '2024-09-06 00:00:00', '127.0.0.1', 1),
(1032, 4, 1, 'select', '1', 'Currency - Cattle', 'Currency - Cattle', 'Currency - Cattle', NULL, 'text-27062024523', NULL, NULL, NULL, NULL, 'form-control', NULL, NULL, '948', NULL, 'Cattle', NULL, NULL, NULL, 1125, 0, 1, '2024-09-06 00:00:00', '127.0.0.1', 0),
(1033, 4, 1, 'select', '1', 'Currency - Sheep', 'Currency - Sheep', 'Currency - Sheep', NULL, 'text-27062024654', NULL, NULL, NULL, NULL, 'form-control', NULL, NULL, '948', NULL, 'Sheep', NULL, NULL, NULL, 1133, 0, 1, '2024-09-06 00:00:00', '127.0.0.1', 0),
(1034, 4, 1, 'lkp_currency', '1', 'Price in', 'Currency - Goats', 'Currency - Goats', NULL, 'text-27062024368', NULL, NULL, NULL, NULL, 'form-control', NULL, NULL, '787', NULL, NULL, NULL, NULL, NULL, 1141, 0, 1, '2024-09-06 00:00:00', '127.0.0.1', 1),
(1035, 4, 1, 'select', '1', 'Currency - Cattle', 'Currency - Cattle', 'Currency - Cattle', NULL, 'text-27062024356', NULL, NULL, NULL, NULL, 'form-control', NULL, NULL, '952', NULL, 'Cattle', NULL, NULL, NULL, 1151, 0, 1, '2024-09-06 00:00:00', '127.0.0.1', 0),
(1036, 4, 1, 'select', '1', 'Currency - Sheep', 'Currency - Sheep', 'Currency - Sheep', NULL, 'text-27062024365', NULL, NULL, NULL, NULL, 'form-control', NULL, NULL, '952', NULL, 'Sheep', NULL, NULL, NULL, 1154, 0, 1, '2024-09-06 00:00:00', '127.0.0.1', 0),
(1037, 4, 1, 'lkp_currency', '1', 'Price in ', 'Currency - Goats', 'Currency - Goats', NULL, 'text-27062024365', NULL, NULL, NULL, NULL, 'form-control', NULL, NULL, '787', NULL, NULL, NULL, NULL, NULL, 1162, 0, 1, '2024-09-06 00:00:00', '127.0.0.1', 1),
(1038, 1, 1, 'select', '1', 'Units - Medium farm', 'Units - Medium farm (1 – 5)', 'Units - Medium farm (1 – 5)', NULL, 'text-1609202477', NULL, NULL, NULL, NULL, 'form-control', NULL, NULL, '688', NULL, NULL, NULL, NULL, NULL, 80, 0, 1, '2024-09-16 00:00:00', '127.0.0.1', 0),
(1039, 1, 1, 'lkp_units', '1', 'Units', 'Units - Large farm ( 5  or larger)', 'Units - Large farm ( 5  or larger)', 'Note : Units selected will be same for all', 'text-1609202478', 'area', NULL, NULL, NULL, 'form-control', 'add_units', NULL, '688', NULL, NULL, NULL, NULL, NULL, 72, 0, 1, '2024-07-04 00:00:00', '127.0.0.1', 1),
(1040, 1, 1, 'number', '1', 'Enter to farm size - Medium farm', 'Enter farm size - Medium farm', 'Enter farm size - Medium farm', NULL, 'text-04072024744', 'desimal', 10, NULL, NULL, 'form-control', 'medium_farm_to', NULL, '688', NULL, NULL, NULL, NULL, NULL, 79, 0, 1, '2024-10-10 00:00:00', '127.0.0.1', 1),
(1041, 1, 1, 'header', '1', 'Landless', 'Landless', 'Landless', NULL, 'text-04072024731', 'h4', NULL, NULL, NULL, 'form-control', NULL, NULL, '688', NULL, NULL, NULL, NULL, NULL, 60, 0, 1, '2024-10-10 00:00:00', '127.0.0.1', 1),
(1042, 1, 1, 'text', '1', 'Enter farm size - Landless', 'Enter farm size - Landless', 'Enter farm size - Landless', NULL, 'text-04072024731', 'text', 10, NULL, NULL, 'form-control', NULL, NULL, '688', NULL, NULL, NULL, NULL, NULL, 61, 0, 1, '2024-10-10 00:00:00', '127.0.0.1', 1),
(1043, 1, 1, 'number', '1', '% of households - Landless', '% of households - Landless', '% of households - Landless', NULL, 'text-04072024821', 'desimal', 10, NULL, 100, 'form-control', 'landless', NULL, '688', NULL, NULL, NULL, NULL, NULL, 63, 0, 1, '2024-07-04 00:00:00', '127.0.0.1', 1),
(1044, 1, 1, 'number', '1', '% of households managed by gender - Female Landless', '% of households managed by gender - Female', '% of households managed by gender - Female', NULL, 'text-04072024831', 'desimal', 10, NULL, 100, 'form-control', 'landless_female', NULL, '688', NULL, NULL, NULL, NULL, NULL, 64, 0, 1, '2024-10-10 00:00:00', '127.0.0.1', 1),
(1045, 1, 1, 'number', '1', '% of households managed by gender - Male Landless', '% of households managed by gender - Male', '% of households managed by gender - Male', NULL, 'text-04072024841', 'desimal', 10, NULL, 100, 'form-control', 'landless_male', NULL, '688', NULL, NULL, NULL, NULL, NULL, 65, 0, 1, '2024-10-10 00:00:00', '127.0.0.1', 1),
(1046, 1, 1, 'header', '1', 'Small farm', 'Small farm', 'Small farm', NULL, 'text-040720247370', 'h4', NULL, NULL, NULL, 'form-control', NULL, NULL, '688', NULL, NULL, NULL, NULL, NULL, 70, 0, 1, '2024-10-10 00:00:00', '127.0.0.1', 1),
(1047, 1, 1, 'header', '1', 'Medium farm', 'Medium farm', 'Medium farm', NULL, 'text-040720247377', 'h4', NULL, NULL, NULL, 'form-control', NULL, NULL, '688', NULL, NULL, NULL, NULL, NULL, 77, 0, 1, '2024-10-10 00:00:00', '127.0.0.1', 1),
(1048, 1, 1, 'header', '1', 'Large farm', 'Large farm', 'Large farm', NULL, 'text-040720247386', 'h4', NULL, NULL, NULL, 'form-control', NULL, NULL, '688', NULL, NULL, NULL, NULL, NULL, 86, 0, 1, '2024-10-10 00:00:00', '127.0.0.1', 1),
(1049, 1, 1, 'header', '1', 'January', 'January', 'January', NULL, 'text-040720241151', 'h4', NULL, NULL, NULL, 'form-control', 'add_season', NULL, '703', NULL, NULL, NULL, NULL, NULL, 152, 0, 1, '2024-10-11 00:00:00', '127.0.0.1', 1),
(1050, 1, 1, 'header', '1', 'February', 'February', 'February', NULL, 'text-2708202411511', 'h4', NULL, NULL, NULL, 'form-control', NULL, NULL, '703', NULL, NULL, NULL, NULL, NULL, 161, 0, 1, '2024-10-11 00:00:00', '127.0.0.1', 1),
(1051, 1, 1, 'header', '1', 'March', 'March', 'March', NULL, 'text-2708202411521', 'h4', NULL, NULL, NULL, 'form-control', NULL, NULL, '703', NULL, NULL, NULL, NULL, NULL, 164, 0, 1, '2024-10-11 00:00:00', '127.0.0.1', 1),
(1052, 1, 1, 'header', '1', 'April', 'April', 'April', NULL, 'text-2708202411531', 'h4', NULL, NULL, NULL, 'form-control', NULL, NULL, '703', NULL, NULL, NULL, NULL, NULL, 171, 0, 1, '2024-10-11 00:00:00', '127.0.0.1', 1),
(1053, 1, 1, 'header', '1', 'May', 'May', 'May', NULL, 'text-2708202411541', 'h4', NULL, NULL, NULL, 'form-control', NULL, NULL, '703', NULL, NULL, NULL, NULL, NULL, 174, 0, 1, '2024-10-11 00:00:00', '127.0.0.1', 1),
(1054, 1, 1, 'header', '1', 'June', 'June', 'June', NULL, 'text-2708202411561', 'h4', NULL, NULL, NULL, 'form-control', NULL, NULL, '703', NULL, NULL, NULL, NULL, NULL, 181, 0, 1, '2024-10-11 00:00:00', '127.0.0.1', 1),
(1055, 1, 1, 'header', '1', 'July', 'July', 'July', NULL, 'text-2708202411571', 'h4', NULL, NULL, NULL, 'form-control', NULL, NULL, '703', NULL, NULL, NULL, NULL, NULL, 184, 0, 1, '2024-10-11 00:00:00', '127.0.0.1', 1),
(1056, 1, 1, 'header', '1', 'August', 'August', 'August', NULL, 'text-2708202411581', 'h4', NULL, NULL, NULL, 'form-control', NULL, NULL, '703', NULL, NULL, NULL, NULL, NULL, 191, 0, 1, '2024-10-11 00:00:00', '127.0.0.1', 1),
(1057, 1, 1, 'header', '1', 'September', 'September', 'September', NULL, 'text-2708202411591', 'h4', NULL, NULL, NULL, 'form-control', NULL, NULL, '703', NULL, NULL, NULL, NULL, NULL, 194, 0, 1, '2024-08-27 00:00:00', '127.0.0.1', 1),
(1058, 1, 1, 'header', '1', 'October', 'October', 'October', NULL, 'text-2708202411601', 'h4', NULL, NULL, NULL, 'form-control', NULL, NULL, '703', NULL, NULL, NULL, NULL, NULL, 201, 0, 1, '2024-08-27 00:00:00', '127.0.0.1', 1),
(1059, 1, 1, 'header', '1', 'November', 'November', 'November', NULL, 'text-2708202411611', 'h4', NULL, NULL, NULL, 'form-control', NULL, NULL, '703', NULL, NULL, NULL, NULL, NULL, 204, 0, 1, '2024-10-11 00:00:00', '127.0.0.1', 1),
(1060, 1, 1, 'header', '1', 'December', 'December', 'December', NULL, 'text-2708202411621', 'h4', NULL, NULL, NULL, 'form-control', NULL, NULL, '703', NULL, NULL, NULL, NULL, NULL, 211, 0, 1, '2024-10-11 00:00:00', '127.0.0.1', 1),
(1061, 1, 1, 'header', '1', 'Availability of water in growing season', 'Availability of water in growing season', 'Availability of water in growing season', NULL, 'text-040720241311', NULL, NULL, NULL, NULL, 'form-control', NULL, NULL, '708', NULL, NULL, NULL, NULL, NULL, 245, 0, 1, '2024-10-11 00:00:00', '127.0.0.1', 1),
(1062, 1, 1, 'header', '1', 'Availability of knowledge/skill', 'Availability of knowledge/skill', 'Availability of knowledge/skill', NULL, 'text-040720241321', NULL, NULL, NULL, NULL, 'form-control', NULL, NULL, '708', NULL, NULL, NULL, NULL, NULL, 252, 0, 1, '2024-10-11 00:00:00', '127.0.0.1', 1),
(1063, 1, 1, 'header', '1', 'Availability of labor', 'Availability of labor', 'Availability of labor', NULL, 'text-040720241331', 'h4', NULL, NULL, NULL, 'form-control', NULL, NULL, '708', NULL, NULL, NULL, NULL, NULL, 254, 0, 1, '2024-10-11 00:00:00', '127.0.0.1', 1),
(1064, 1, 1, 'header', '1', 'Availability of cash/credit', 'Availability of cash/credit', 'Availability of cash/credit', NULL, 'text-040720241341', 'h4', NULL, NULL, NULL, 'form-control', NULL, NULL, '708', NULL, NULL, NULL, NULL, NULL, 261, 0, 1, '2024-07-04 00:00:00', '127.0.0.1', 1),
(1065, 1, 1, 'header', '1', 'Availability of land for fodder cultivation', 'Availability of land for fodder cultivation', 'Availability of land for fodder cultivation', NULL, 'text-040720241351', 'h4', NULL, NULL, NULL, 'form-control', NULL, NULL, '708', NULL, NULL, NULL, NULL, NULL, 263, 0, 1, '2024-10-11 00:00:00', '127.0.0.1', 1),
(1066, 1, 1, 'header', '1', 'Availability of input delivery', 'Availability of input delivery', 'Availability of input delivery', NULL, 'text-040720241411', 'h4', NULL, NULL, NULL, 'form-control', NULL, NULL, '708', NULL, NULL, NULL, NULL, NULL, 265, 0, 1, '2024-10-11 00:00:00', '127.0.0.1', 1),
(1067, 1, 1, 'header', '1', 'Scarcity of feed in the dry/cool season a problem', 'Scarcity of feed in the dry/cool season a problem', 'Scarcity of feed in the dry/cool season a problem', NULL, 'text-040720241421', 'h4', NULL, NULL, NULL, 'form-control', NULL, NULL, '708', NULL, NULL, NULL, NULL, NULL, 272, 0, 1, '2024-10-11 00:00:00', '127.0.0.1', 1),
(1068, 1, 1, 'header', '1', 'Scarcity of feed in the growing season a problem', 'Scarcity of feed in the growing season a problem', 'Scarcity of feed in the growing season a problem', NULL, 'text-040720241431', 'h4', NULL, NULL, NULL, 'form-control', NULL, NULL, '708', NULL, NULL, NULL, NULL, NULL, 274, 0, 1, '2024-10-11 00:00:00', '127.0.0.1', 1),
(1069, 1, 1, 'header', '1', 'Overall feed availability a problem', 'Overall feed availability a problem', 'Overall feed availability a problem', NULL, 'text-040720241441', 'h4', NULL, NULL, NULL, 'form-control', NULL, NULL, '708', NULL, NULL, NULL, NULL, NULL, 281, 0, 1, '2024-10-11 00:00:00', '127.0.0.1', 1),
(1070, 1, 1, 'header', '1', 'Overall feed quality a problem', 'Overall feed quality a problem', 'Overall feed quality a problem', NULL, 'text-040720241451', 'h4', NULL, NULL, NULL, 'form-control', NULL, NULL, '708', NULL, NULL, NULL, NULL, NULL, 283, 0, 1, '2024-07-04 00:00:00', '127.0.0.1', 1),
(1071, 1, 1, 'header', '1', 'Cash crops', 'Cash crops', 'Cash crops', NULL, 'text-040720241841', 'h4', NULL, NULL, NULL, 'form-control', NULL, NULL, '722', NULL, NULL, NULL, NULL, NULL, 332, 0, 1, '2024-10-11 00:00:00', '127.0.0.1', 1),
(1072, 1, 1, 'header', '1', 'Subsistence', 'Subsistence', 'Subsistence', NULL, 'text-040720241851', 'h4', NULL, NULL, NULL, 'form-control', NULL, NULL, '722', NULL, NULL, NULL, NULL, NULL, 334, 0, 1, '2024-10-11 00:00:00', '127.0.0.1', 1),
(1073, 1, 1, 'header', '1', 'Fodder', 'Fodder', 'Fodder', NULL, 'text-040720241861', 'h4', NULL, NULL, NULL, 'form-control', NULL, NULL, '722', NULL, NULL, NULL, NULL, NULL, 341, 0, 1, '2024-10-11 00:00:00', '127.0.0.1', 1),
(1074, 1, 1, 'header', '1', 'Female %', 'Female %', 'Female %', NULL, 'text-0407202419511', 'h4', NULL, NULL, NULL, 'form-control', NULL, NULL, '722', NULL, NULL, NULL, NULL, NULL, 352, 0, 1, '2024-10-11 00:00:00', '127.0.0.1', 1),
(1075, 1, 1, 'header', '1', 'Male %', 'Male %', 'Male %', NULL, 'text-0407202419531', 'h4', NULL, NULL, NULL, 'form-control', NULL, NULL, '722', NULL, NULL, NULL, NULL, NULL, 354, 0, 1, '2024-10-11 00:00:00', '127.0.0.1', 1),
(1076, 4, 1, 'header', '1', 'Cash crops', 'Cash crops', 'Cash crops', NULL, 'text-270620241041', 'h4', NULL, NULL, NULL, 'form-control', NULL, NULL, '746', NULL, 'Cash crops', NULL, NULL, NULL, 93, 0, 1, '2024-10-14 00:00:00', '127.0.0.1', 0),
(1077, 4, 1, 'header', '1', 'Charcoal making', 'Charcoal making', 'Charcoal making', NULL, 'text-270620241951', 'h4', NULL, NULL, NULL, 'form-control', NULL, NULL, '746', NULL, 'Charcoal making', NULL, NULL, NULL, 95, 0, 1, '2024-10-14 00:00:00', '127.0.0.1', 0),
(1078, 4, 1, 'header', '1', 'Dairying', 'Dairying', 'Dairying', NULL, 'text-270620241961', 'h4', NULL, NULL, NULL, 'form-control', NULL, NULL, '746', NULL, 'Dairying', NULL, NULL, NULL, 102, 0, 1, '2024-10-14 00:00:00', '127.0.0.1', 0),
(1079, 4, 1, 'header', '1', 'Draft animals', 'Draft animals', 'Draft animals', NULL, 'text-270620241971', 'h4', NULL, NULL, NULL, 'form-control', NULL, NULL, '746', NULL, 'Draft animals', NULL, NULL, NULL, 104, 0, 1, '2024-10-14 00:00:00', '127.0.0.1', 0),
(1080, 4, 1, 'header', '1', 'Fattening - cattle', 'Fattening - cattle', 'Fattening - cattle', NULL, 'text-270620241981', 'h4', NULL, NULL, NULL, 'form-control', NULL, NULL, '746', NULL, 'Fattening - cattle', NULL, NULL, NULL, 110, 0, 1, '2024-10-14 00:00:00', '127.0.0.1', 0),
(1081, 4, 1, 'header', '1', 'Fattening - sheep and goats', 'Fattening - sheep and goats', 'Fattening - sheep and goats', NULL, 'text-270620241991', 'h4', NULL, NULL, NULL, 'form-control', NULL, NULL, '746', NULL, 'Fattening - sheep and goats', NULL, NULL, NULL, 113, 0, 1, '2024-10-14 00:00:00', '127.0.0.1', 0),
(1082, 4, 1, 'header', '1', 'Food crops', 'Food crops', 'Food crops', NULL, 'text-2706202411031', 'h4', NULL, NULL, NULL, 'form-control', NULL, NULL, '746', NULL, 'Food crops', NULL, NULL, NULL, 120, 0, 1, '2024-10-14 00:00:00', '127.0.0.1', 0),
(1083, 4, 1, 'header', '1', 'Handicrafts', 'Handicrafts', 'Handicrafts', NULL, 'text-2706202411041', 'h4', NULL, NULL, NULL, 'form-control', NULL, NULL, '746', NULL, 'Handicrafts', NULL, NULL, NULL, 122, 0, 1, '2024-10-14 00:00:00', '127.0.0.1', 0),
(1084, 4, 1, 'header', '1', 'Laboring/service', 'Laboring/service', 'Laboring/service', NULL, 'text-2706202411051', 'h4', NULL, NULL, NULL, 'form-control', NULL, NULL, '746', NULL, 'Laboring/service', NULL, NULL, NULL, 124, 0, 1, '2024-10-14 00:00:00', '127.0.0.1', 0),
(1085, 4, 1, 'header', '1', 'Off- farm business', 'Off- farm business', 'Off- farm business', NULL, 'text-2706202411061', 'h4', NULL, NULL, NULL, 'form-control', NULL, NULL, '746', NULL, 'Off- farm business', NULL, NULL, NULL, 131, 0, 1, '2024-10-14 00:00:00', '127.0.0.1', 0),
(1086, 4, 1, 'header', '1', 'Pigs', 'Pigs', 'Pigs', NULL, 'text-2706202411071', 'h4', NULL, NULL, NULL, 'form-control', NULL, NULL, '746', NULL, 'Pigs', NULL, NULL, NULL, 133, 0, 1, '2024-10-14 00:00:00', '127.0.0.1', 0),
(1087, 4, 1, 'header', '1', 'Poultry (eggs)', 'Poultry (eggs)', 'Poultry (eggs)', NULL, 'text-2706202411081', 'h4', NULL, NULL, NULL, 'form-control', NULL, NULL, '746', NULL, 'Poultry (eggs)', NULL, NULL, NULL, 135, 0, 1, '2024-10-14 00:00:00', '127.0.0.1', 0),
(1088, 4, 1, 'header', '1', 'Poultry (meat)', 'Poultry (meat)', 'Poultry (meat)', NULL, 'text-2706202411081', 'h4', NULL, NULL, NULL, 'form-control', NULL, NULL, '746', NULL, 'Poultry (meat)', NULL, NULL, NULL, 142, 0, 1, '2024-10-14 00:00:00', '127.0.0.1', 0),
(1089, 4, 1, 'header', '1', 'Priest', 'Priest', 'Priest', NULL, 'text-2706202411101', 'h4', NULL, NULL, NULL, 'form-control', NULL, NULL, '746', NULL, 'Priest', NULL, NULL, NULL, 144, 0, 1, '2024-10-14 00:00:00', '127.0.0.1', 0),
(1090, 4, 1, 'header', '1', 'Remittances', 'Remittances', 'Remittances', NULL, 'text-2706202411111', 'h4', NULL, NULL, NULL, 'form-control', NULL, NULL, '746', NULL, 'Remittances', NULL, NULL, NULL, 151, 0, 1, '2024-10-14 00:00:00', '127.0.0.1', 0),
(1091, 4, 1, 'header', '1', 'Timber', 'Timber', 'Timber', NULL, 'text-2706202411121', 'h4', NULL, NULL, NULL, 'form-control', NULL, NULL, '746', NULL, 'Timber', NULL, NULL, NULL, 153, 0, 1, '2024-10-14 00:00:00', '127.0.0.1', 0),
(1092, 4, 1, 'header', '1', 'Other', 'Other', 'Other', NULL, 'text-270620241031', 'h4', NULL, NULL, NULL, 'form-control', NULL, NULL, '746', NULL, 'Other', NULL, NULL, NULL, 155, 0, 1, '2024-10-14 00:00:00', '127.0.0.1', 0),
(1093, 4, 1, 'header', '1', 'Fattening & draught cattle', 'Fattening & draught cattle', 'Fattening & draught cattle', NULL, 'text-2706202413311', 'h4', NULL, NULL, NULL, 'form-control', NULL, NULL, '750', NULL, '5', NULL, NULL, NULL, 303, 0, 1, '2024-10-14 00:00:00', '127.0.0.1', 0),
(1094, 4, 1, 'header', '1', 'Local dairy cattle', 'Local dairy cattle', 'Local dairy cattle', NULL, 'text-270620241331', 'h4', NULL, NULL, NULL, 'form-control', NULL, NULL, '750', NULL, '12', NULL, NULL, NULL, 313, 0, 1, '2024-10-14 00:00:00', '127.0.0.1', 0),
(1095, 4, 1, 'header', '1', 'Improved dairy cattle', 'Improved dairy cattle', 'Improved dairy cattle', NULL, 'text-270620241341', 'h4', NULL, NULL, NULL, 'form-control', NULL, NULL, '750', NULL, '9', NULL, NULL, NULL, 323, 0, 1, '2024-10-14 00:00:00', '127.0.0.1', 0),
(1096, 4, 1, 'header', '1', 'Local Buffalo', 'Local Buffalo', 'Local Buffalo', NULL, 'text-270620241351', 'h4', NULL, NULL, NULL, 'form-control', NULL, NULL, '750', NULL, '11', NULL, NULL, NULL, 334, 0, 1, '2024-10-14 00:00:00', '127.0.0.1', 0),
(1097, 4, 1, 'header', '1', 'Improved Buffalo', 'Improved Buffalo', 'Improved Buffalo', NULL, 'text-270620241411', 'h4', NULL, NULL, NULL, 'form-control', NULL, NULL, '750', NULL, '8', NULL, NULL, NULL, 348, 0, 1, '2024-10-14 00:00:00', '127.0.0.1', 0),
(1098, 4, 1, 'header', '1', 'Sheep', 'Sheep', 'Sheep', NULL, 'text-2706202414111', 'h4', NULL, NULL, NULL, 'form-control', NULL, NULL, '750', NULL, '16', NULL, NULL, NULL, 358, 0, 1, '2024-10-14 00:00:00', '127.0.0.1', 0),
(1099, 4, 1, 'header', '1', 'Goat', 'Goat', 'Goat', NULL, 'text-2706202414121', 'h4', NULL, NULL, NULL, 'form-control', NULL, NULL, '750', NULL, '6', NULL, NULL, NULL, 363, 0, 1, '2024-10-14 00:00:00', '127.0.0.1', 0),
(1100, 4, 1, 'header', '1', 'Pig', 'Pig', 'Pig', NULL, 'text-2706202414131', 'h4', NULL, NULL, NULL, 'form-control', NULL, NULL, '750', NULL, '13', NULL, NULL, NULL, 373, 0, 1, '2024-10-14 00:00:00', '127.0.0.1', 0),
(1101, 4, 1, 'header', '1', 'Poultry commercial', 'Poultry commercial', 'Poultry commercial', NULL, 'text-2706202414141', 'h4', NULL, NULL, NULL, 'form-control', NULL, NULL, '750', NULL, '15', NULL, NULL, NULL, 388, 0, 1, '2024-10-14 00:00:00', '127.0.0.1', 0),
(1102, 4, 1, 'header', '1', 'Poultry village conditions', 'Poultry village conditions', 'Poultry village conditions', NULL, 'text-2706202414151', 'h4', NULL, NULL, NULL, 'form-control', NULL, NULL, '750', NULL, '14', NULL, NULL, NULL, 393, 0, 1, '2024-10-14 00:00:00', '127.0.0.1', 0),
(1103, 4, 1, 'header', '1', 'Camel', 'Camel', 'Camel', NULL, 'text-2706202414161', 'h4', NULL, NULL, NULL, 'form-control', NULL, NULL, '750', NULL, '2', NULL, NULL, NULL, 403, 0, 1, '2024-10-14 00:00:00', '127.0.0.1', 0),
(1104, 4, 1, 'header', '1', 'Horse', 'Horse', 'Horse', NULL, 'text-2706202414171', 'h4', NULL, NULL, NULL, 'form-control', NULL, NULL, '750', NULL, '7', NULL, NULL, NULL, 413, 0, 1, '2024-10-14 00:00:00', '127.0.0.1', 0),
(1105, 4, 1, 'header', '1', 'Donkey', 'Donkey', 'Donkey', NULL, 'text-2706202414181', 'h4', NULL, NULL, NULL, 'form-control', NULL, NULL, '750', NULL, '4', NULL, NULL, NULL, 423, 0, 1, '2024-10-14 00:00:00', '127.0.0.1', 0),
(1106, 4, 1, 'header', '1', 'LIAMA', 'LIAMA', 'LIAMA', NULL, 'text-2706202414191', 'h4', NULL, NULL, NULL, 'form-control', NULL, NULL, '750', NULL, '10', NULL, NULL, NULL, 433, 0, 1, '2024-10-14 00:00:00', '127.0.0.1', 0),
(1107, 4, 1, 'number', '1', 'Headcount - Improved Buffalo', 'Headcount', 'Headcount', NULL, 'text-050620241521', 'number', 10, NULL, NULL, 'form-control', NULL, NULL, '750', NULL, '8', NULL, NULL, NULL, 350, 0, 1, '2024-10-15 00:00:00', '127.0.0.1', 0),
(1108, 4, 1, 'radio-group', NULL, 'Dominant breed - Improved Buffalo', 'Dominant breed', 'Dominant breed', NULL, 'text-270620241531', NULL, NULL, NULL, NULL, 'form-control', NULL, NULL, '750', NULL, '8', NULL, NULL, NULL, 351, 0, 1, '2024-10-15 00:00:00', '127.0.0.1', 0),
(1109, 4, 1, 'number', NULL, 'Average weight (kg) - Improved buffalo-lactating', 'Average weight (kg)', 'Average weight (kg)', NULL, 'text-030920241541', 'desimal', 10, 300, 1000, 'form-control', NULL, NULL, '754', NULL, 'Improved buffalo-lactating', NULL, NULL, NULL, 352, 0, 1, '2024-10-15 00:00:00', '127.0.0.1', 0),
(1110, 4, 1, 'header', '1', 'Fed to animals', 'Fed to animals', 'Fed to animals', NULL, 'text-270620242161', 'h4', NULL, NULL, NULL, 'form-control', NULL, NULL, '758', NULL, NULL, NULL, NULL, NULL, 495, 0, 1, '2024-10-15 00:00:00', '127.0.0.1', 0),
(1111, 4, 1, 'header', '1', 'Burned', 'Burned', 'Burned', NULL, 'text-2706202422521', 'h4', NULL, NULL, NULL, 'form-control', NULL, NULL, '758', NULL, NULL, NULL, NULL, NULL, 502, 0, 1, '2024-10-15 00:00:00', '127.0.0.1', 0),
(1112, 4, 1, 'header', '1', 'Mulched', 'Mulched', 'Mulched', NULL, 'text-270620242261', 'h4', NULL, NULL, NULL, 'form-control', NULL, NULL, '758', NULL, NULL, NULL, NULL, NULL, 504, 0, 1, '2024-10-15 00:00:00', '127.0.0.1', 0),
(1113, 4, 1, 'header', '1', 'Others', 'Others', 'Others', NULL, 'text-270620242141', 'h4', NULL, NULL, NULL, 'form-control', NULL, NULL, '765', NULL, 'Other', NULL, NULL, NULL, 511, 0, 1, '2024-10-15 00:00:00', '127.0.0.1', 0),
(1114, 4, 1, 'group', '1', 'Feed purchases', 'Feed Purchases', 'Collected fodder', NULL, 'text-270620242631', 'h4', 20, NULL, NULL, 'form-control', NULL, NULL, '772', NULL, NULL, NULL, '782,783,784,785,786,1477', NULL, 700, 0, 1, '2024-10-15 00:00:00', '127.0.0.1', 1),
(1115, 4, 1, 'header', '1', 'Grazing', 'Grazing', 'Grazing', NULL, 'text-270620242641', 'h4', NULL, NULL, NULL, 'form-control', NULL, NULL, '772', NULL, NULL, NULL, NULL, NULL, 555, 0, 1, '2024-10-15 00:00:00', '127.0.0.1', 0),
(1116, 4, 1, 'header', '1', 'Cultivated fodder', 'Cultivated fodder', 'Cultivated fodder', NULL, 'text-270620242651', 'h4', NULL, NULL, NULL, 'form-control', NULL, NULL, '772', NULL, NULL, NULL, NULL, NULL, 562, 0, 1, '2024-10-15 00:00:00', '127.0.0.1', 0),
(1117, 4, 1, 'header', '1', 'Crop residue', 'Crop residue', 'Crop residue', NULL, 'text-270620242711', 'h4', NULL, NULL, NULL, 'form-control', NULL, NULL, '772', NULL, NULL, NULL, NULL, NULL, 564, 0, 1, '2024-10-15 00:00:00', '127.0.0.1', 0),
(1118, 4, 1, 'header', '1', 'Purchased feed', 'Purchased feed', 'Purchased feed', NULL, 'text-270620242711', 'h4', NULL, NULL, NULL, 'form-control', NULL, NULL, '772', NULL, NULL, NULL, NULL, NULL, 571, 0, 1, '2024-10-15 00:00:00', '127.0.0.1', 0),
(1119, 4, 1, 'header', '1', 'Cattle – Male', 'Cattle – Male', 'Cattle – Male', NULL, 'text-270620243241', 'h4', NULL, NULL, NULL, 'form-control', NULL, NULL, '789', NULL, 'Cattle – Male', NULL, NULL, NULL, 854, 0, 1, '2024-10-15 00:00:00', '127.0.0.1', 0),
(1120, 4, 1, 'header', '1', 'Cattle – Female', 'Cattle – Female', 'Cattle – Female', NULL, 'text-270620243251', 'h4', NULL, NULL, NULL, 'form-control', NULL, NULL, '789', NULL, 'Cattle – Female', NULL, NULL, NULL, 862, 0, 1, '2024-10-15 00:00:00', '127.0.0.1', 0),
(1121, 4, 1, 'header', '1', 'Sheep – Male', 'Sheep – Male', 'Sheep – Male', NULL, 'text-270620243311', 'h4', NULL, NULL, NULL, 'form-control', NULL, NULL, '789', NULL, 'Sheep – Male', NULL, NULL, NULL, 870, 0, 1, '2024-10-15 00:00:00', '127.0.0.1', 0),
(1122, 4, 1, 'header', '1', 'Sheep – Female', 'Sheep – Female', 'Sheep – Female', NULL, 'text-2706202433511', 'h4', NULL, NULL, NULL, 'form-control', NULL, NULL, '789', NULL, 'Sheep – Female', NULL, NULL, NULL, 873, 0, 1, '2024-10-15 00:00:00', '127.0.0.1', 0),
(1123, 4, 1, 'header', '1', 'Goat- Male', 'Goat- Male', 'Goat- Male', NULL, 'text-270620243421', 'h4', NULL, NULL, NULL, 'form-control', NULL, NULL, '789', NULL, 'Goat- Male', NULL, NULL, NULL, 881, 0, 1, '2024-10-15 00:00:00', '127.0.0.1', 0),
(1124, 4, 1, 'header', '1', 'Goat-Female', 'Goat-Female', 'Goat-Female', NULL, 'text-270620243441', 'h4', NULL, NULL, NULL, 'form-control', NULL, NULL, '789', NULL, 'Goat-Female', NULL, NULL, NULL, 884, 0, 1, '2024-10-15 00:00:00', '127.0.0.1', 0),
(1125, 4, 1, 'header', '1', 'January', 'January', 'January', NULL, 'text-270620243571', 'h4', NULL, NULL, NULL, 'form-control', NULL, NULL, '787', NULL, NULL, NULL, NULL, NULL, 893, 0, 1, '2024-10-15 00:00:00', '127.0.0.1', 1),
(1126, 4, 1, 'header', '1', 'Cattle', 'Cattle', 'Cattle', NULL, 'text-270620243581', 'h4', NULL, NULL, NULL, 'form-control', NULL, NULL, '787', NULL, NULL, NULL, NULL, NULL, 895, 0, 1, '2024-10-15 00:00:00', '127.0.0.1', 0),
(1127, 4, 1, 'header', '1', 'Sheep', 'Sheep', 'Sheep', NULL, 'text-270620243571', 'h4', NULL, NULL, NULL, 'form-control', NULL, NULL, '787', NULL, NULL, NULL, NULL, NULL, 903, 0, 1, '2024-09-03 00:00:00', '127.0.0.1', 0),
(1128, 4, 1, 'header', '1', 'Goats', 'Goats', 'Goats', NULL, 'text-270620243571', 'h4', NULL, NULL, NULL, 'form-control', NULL, NULL, '787', NULL, NULL, NULL, NULL, NULL, 911, 0, 1, '2024-10-15 00:00:00', '127.0.0.1', 0),
(1129, 4, 1, 'header', '1', 'February', 'February', 'February', NULL, 'text-270620243641', 'h4', NULL, NULL, NULL, 'form-control', NULL, NULL, '787', NULL, NULL, NULL, NULL, NULL, 914, 0, 1, '2024-10-15 00:00:00', '127.0.0.1', 1),
(1130, 4, 1, 'header', '1', 'Cattle', 'Cattle', 'Cattle', NULL, 'text-270620243581', 'h4', NULL, NULL, NULL, 'form-control', NULL, NULL, '912', NULL, 'Cattle', NULL, NULL, NULL, 921, 0, 1, '2024-10-15 00:00:00', '127.0.0.1', 0),
(1131, 4, 1, 'header', '1', 'Sheep', 'Sheep', 'Sheep', NULL, 'text-270620243661', 'h4', NULL, NULL, NULL, 'form-control', NULL, NULL, '912', NULL, 'Sheep', NULL, NULL, NULL, 924, 0, 1, '2024-10-15 00:00:00', '127.0.0.1', 0),
(1132, 4, 1, 'header', '1', 'Goats', 'Goats', 'Goats', NULL, 'text-2706202436661', 'h4', NULL, NULL, NULL, 'form-control', NULL, NULL, '912', NULL, 'Goats', NULL, NULL, NULL, 932, 0, 1, '2024-10-15 00:00:00', '127.0.0.1', 0),
(1133, 4, 1, 'header', '1', 'March', 'March', 'March', NULL, 'text-270620243641', 'h4', NULL, NULL, NULL, 'form-control', NULL, NULL, '787', NULL, NULL, NULL, NULL, NULL, 935, 0, 1, '2024-10-15 00:00:00', '127.0.0.1', 1),
(1134, 4, 1, 'header', '1', 'Cattle', 'Cattle', 'Cattle', NULL, 'text-270620243581', 'h4', NULL, NULL, NULL, 'form-control', NULL, NULL, '916', NULL, 'Cattle', NULL, NULL, NULL, 942, 0, 1, '2024-10-15 00:00:00', '127.0.0.1', 0),
(1135, 4, 1, 'header', '1', 'Sheep', 'Sheep', 'Sheep', NULL, 'text-270620243661', 'h4', NULL, NULL, NULL, 'form-control', NULL, NULL, '916', NULL, 'Sheep', NULL, NULL, NULL, 945, 0, 1, '2024-10-15 00:00:00', '127.0.0.1', 0),
(1136, 4, 1, 'header', '1', 'Goats', 'Goats', 'Goats', NULL, 'text-2706202436661', 'h4', NULL, NULL, NULL, 'form-control', NULL, NULL, '916', NULL, 'Goats', NULL, NULL, NULL, 953, 0, 1, '2024-10-15 00:00:00', '127.0.0.1', 0),
(1137, 4, 1, 'header', '1', 'April', 'April', 'April', NULL, 'text-270620243641', 'h4', NULL, NULL, NULL, 'form-control', NULL, NULL, '787', NULL, NULL, NULL, NULL, NULL, 961, 0, 1, '2024-10-15 00:00:00', '127.0.0.1', 1),
(1138, 4, 1, 'header', '1', 'Cattle', 'Cattle', 'Cattle', NULL, 'text-270620243581', 'h4', NULL, NULL, NULL, 'form-control', NULL, NULL, '920', NULL, 'Cattle', NULL, NULL, NULL, 963, 0, 1, '2024-10-15 00:00:00', '127.0.0.1', 0),
(1139, 4, 1, 'header', '1', 'Sheep', 'Sheep', 'Sheep', NULL, 'text-270620243661', 'h4', NULL, NULL, NULL, 'form-control', NULL, NULL, '920', NULL, 'Sheep', NULL, NULL, NULL, 971, 0, 1, '2024-10-15 00:00:00', '127.0.0.1', 0),
(1140, 4, 1, 'header', '1', 'Goats', 'Goats', 'Goats', NULL, 'text-2706202436661', 'h4', NULL, NULL, NULL, 'form-control', NULL, NULL, '920', NULL, 'Goats', NULL, NULL, NULL, 974, 0, 1, '2024-10-15 00:00:00', '127.0.0.1', 0),
(1141, 4, 1, 'header', '1', 'May', 'May', 'May', NULL, 'text-270620243641', 'h4', NULL, NULL, NULL, 'form-control', NULL, NULL, '787', NULL, NULL, NULL, NULL, NULL, 982, 0, 1, '2024-10-15 00:00:00', '127.0.0.1', 1),
(1142, 4, 1, 'header', '1', 'Cattle', 'Cattle', 'Cattle', NULL, 'text-270620243581', 'h4', NULL, NULL, NULL, 'form-control', NULL, NULL, '924', NULL, 'Cattle', NULL, NULL, NULL, 984, 0, 1, '2024-10-15 00:00:00', '127.0.0.1', 0),
(1143, 4, 1, 'header', '1', 'Sheep', 'Sheep', 'Sheep', NULL, 'text-270620243661', 'h4', NULL, NULL, NULL, 'form-control', NULL, NULL, '924', NULL, 'Sheep', NULL, NULL, NULL, 991, 0, 1, '2024-10-15 00:00:00', '127.0.0.1', 0),
(1144, 4, 1, 'header', '1', 'Goats', 'Goats', 'Goats', NULL, 'text-2706202436661', 'h4', NULL, NULL, NULL, 'form-control', NULL, NULL, '924', NULL, 'Goats', NULL, NULL, NULL, 994, 0, 1, '2024-10-15 00:00:00', '127.0.0.1', 0),
(1145, 4, 1, 'header', '1', 'June', 'June', 'June', NULL, 'text-270620243641', 'h4', NULL, NULL, NULL, 'form-control', NULL, NULL, '787', NULL, NULL, NULL, NULL, NULL, 1011, 0, 1, '2024-10-15 00:00:00', '127.0.0.1', 1),
(1146, 4, 1, 'header', '1', 'Cattle', 'Cattle', 'Cattle', NULL, 'text-270620243581', 'h4', NULL, NULL, NULL, 'form-control', NULL, NULL, '928', NULL, 'Cattle', NULL, NULL, NULL, 1013, 0, 1, '2024-10-15 00:00:00', '127.0.0.1', 0),
(1147, 4, 1, 'header', '1', 'Sheep', 'Sheep', 'Sheep', NULL, 'text-270620243661', 'h4', NULL, NULL, NULL, 'form-control', NULL, NULL, '928', NULL, 'Sheep', NULL, NULL, NULL, 1021, 0, 1, '2024-10-15 00:00:00', '127.0.0.1', 0),
(1148, 4, 1, 'header', '1', 'Goats', 'Goats', 'Goats', NULL, 'text-2706202436661', 'h4', NULL, NULL, NULL, 'form-control', NULL, NULL, '928', NULL, 'Goats', NULL, NULL, NULL, 1023, 0, 1, '2024-10-15 00:00:00', '127.0.0.1', 0),
(1149, 4, 1, 'header', '1', 'July', 'July', 'July', NULL, 'text-270620243641', 'h4', NULL, NULL, NULL, 'form-control', NULL, NULL, '787', NULL, NULL, NULL, NULL, NULL, 1032, 0, 1, '2024-10-15 00:00:00', '127.0.0.1', 1),
(1150, 4, 1, 'header', '1', 'Cattle', 'Cattle', 'Cattle', NULL, 'text-270620243581', 'h4', NULL, NULL, NULL, 'form-control', NULL, NULL, '932', NULL, 'Cattle', NULL, NULL, NULL, 1034, 0, 1, '2024-10-15 00:00:00', '127.0.0.1', 0),
(1151, 4, 1, 'header', '1', 'Sheep', 'Sheep', 'Sheep', NULL, 'text-270620243661', 'h4', NULL, NULL, NULL, 'form-control', NULL, NULL, '932', NULL, 'Sheep', NULL, NULL, NULL, 1042, 0, 1, '2024-10-15 00:00:00', '127.0.0.1', 0),
(1152, 4, 1, 'header', '1', 'Goats', 'Goats', 'Goats', NULL, 'text-2706202436661', 'h4', NULL, NULL, NULL, 'form-control', NULL, NULL, '932', NULL, 'Goats', NULL, NULL, NULL, 1045, 0, 1, '2024-10-15 00:00:00', '127.0.0.1', 0),
(1153, 4, 1, 'header', '1', 'August', 'August', 'August', NULL, 'text-270620243641', 'h4', NULL, NULL, NULL, 'form-control', NULL, NULL, '787', NULL, NULL, NULL, NULL, NULL, 1053, 0, 1, '2024-10-15 00:00:00', '127.0.0.1', 1),
(1154, 4, 1, 'header', '1', 'Cattle', 'Cattle', 'Cattle', NULL, 'text-270620243581', 'h4', NULL, NULL, NULL, 'form-control', NULL, NULL, '936', NULL, 'Cattle', NULL, NULL, NULL, 1055, 0, 1, '2024-10-15 00:00:00', '127.0.0.1', 0),
(1155, 4, 1, 'header', '1', 'Sheep', 'Sheep', 'Sheep', NULL, 'text-270620243661', 'h4', NULL, NULL, NULL, 'form-control', NULL, NULL, '936', NULL, 'Sheep', NULL, NULL, NULL, 1063, 0, 1, '2024-10-15 00:00:00', '127.0.0.1', 0),
(1156, 4, 1, 'header', '1', 'Goats', 'Goats', 'Goats', NULL, 'text-2706202436661', 'h4', NULL, NULL, NULL, 'form-control', NULL, NULL, '936', NULL, 'Goats', NULL, NULL, NULL, 1071, 0, 1, '2024-10-15 00:00:00', '127.0.0.1', 0),
(1157, 4, 1, 'header', '1', 'September', 'September', 'September', NULL, 'text-270620243641', 'h4', NULL, NULL, NULL, 'form-control', NULL, NULL, '787', NULL, NULL, NULL, NULL, NULL, 1074, 0, 1, '2024-10-15 00:00:00', '127.0.0.1', 1),
(1158, 4, 1, 'header', '1', 'Cattle', 'Cattle', 'Cattle', NULL, 'text-270620243581', 'h4', NULL, NULL, NULL, 'form-control', NULL, NULL, '940', NULL, 'Cattle', NULL, NULL, NULL, 1081, 0, 1, '2024-10-15 00:00:00', '127.0.0.1', 0),
(1159, 4, 1, 'header', '1', 'Sheep', 'Sheep', 'Sheep', NULL, 'text-270620243661', 'h4', NULL, NULL, NULL, 'form-control', NULL, NULL, '940', NULL, 'Sheep', NULL, NULL, NULL, 1084, 0, 1, '2024-10-15 00:00:00', '127.0.0.1', 0),
(1160, 4, 1, 'header', '1', 'Goats', 'Goats', 'Goats', NULL, 'text-2706202436661', 'h4', NULL, NULL, NULL, 'form-control', NULL, NULL, '940', NULL, 'Goats', NULL, NULL, NULL, 1092, 0, 1, '2024-10-15 00:00:00', '127.0.0.1', 0),
(1161, 4, 1, 'header', '1', 'October', 'October', 'October', NULL, 'text-270620243641', 'h4', NULL, NULL, NULL, 'form-control', NULL, NULL, '787', NULL, NULL, NULL, NULL, NULL, 1095, 0, 1, '2024-10-15 00:00:00', '127.0.0.1', 1),
(1162, 4, 1, 'header', '1', 'Cattle', 'Cattle', 'Cattle', NULL, 'text-270620243581', NULL, 10, NULL, NULL, 'form-control', NULL, NULL, '944', NULL, 'Cattle', NULL, NULL, NULL, 1102, 0, 1, '2024-10-15 00:00:00', '127.0.0.1', 0),
(1163, 4, 1, 'header', '1', 'Sheep', 'Sheep', 'Sheep', NULL, 'text-270620243661', 'h4', NULL, NULL, NULL, 'form-control', NULL, NULL, '944', NULL, 'Sheep', NULL, NULL, NULL, 1105, 0, 1, '2024-10-15 00:00:00', '127.0.0.1', 0),
(1164, 4, 1, 'header', '1', 'Goats', 'Goats', 'Goats', NULL, 'text-2706202436661', 'h4', NULL, NULL, NULL, 'form-control', NULL, NULL, '944', NULL, 'Goats', NULL, NULL, NULL, 1113, 0, 1, '2024-10-15 00:00:00', '127.0.0.1', 0),
(1165, 4, 1, 'header', '1', 'November', 'November', 'November', NULL, 'text-270620243641', 'h4', NULL, NULL, NULL, 'form-control', NULL, NULL, '787', NULL, NULL, NULL, NULL, NULL, 1121, 0, 1, '2024-10-15 00:00:00', '127.0.0.1', 1),
(1166, 4, 1, 'header', '1', 'Cattle', 'Cattle', 'Cattle', NULL, 'text-270620243581', 'h4', NULL, NULL, NULL, 'form-control', NULL, NULL, '948', NULL, 'Cattle', NULL, NULL, NULL, 1123, 0, 1, '2024-10-15 00:00:00', '127.0.0.1', 0),
(1167, 4, 1, 'header', '1', 'Sheep', 'Sheep', 'Sheep', NULL, 'text-270620243661', 'h4', NULL, NULL, NULL, 'form-control', NULL, NULL, '948', NULL, 'Sheep', NULL, NULL, NULL, 1131, 0, 1, '2024-10-15 00:00:00', '127.0.0.1', 0),
(1168, 4, 1, 'header', '1', 'Goats', 'Goats', 'Goats', NULL, 'text-2706202436661', 'h4', NULL, NULL, NULL, 'form-control', NULL, NULL, '948', NULL, 'Goats', NULL, NULL, NULL, 1134, 0, 1, '2024-10-15 00:00:00', '127.0.0.1', 0),
(1169, 4, 1, 'header', '1', 'December', 'December', 'December', NULL, 'text-270620243641', 'h4', NULL, NULL, NULL, 'form-control', NULL, NULL, '787', NULL, NULL, NULL, NULL, NULL, 1142, 0, 1, '2024-10-15 00:00:00', '127.0.0.1', 1),
(1170, 4, 1, 'header', '1', 'Cattle', 'Cattle', 'Cattle', NULL, 'text-270620243581', 'h4', NULL, NULL, NULL, 'form-control', NULL, NULL, '952', NULL, 'Cattle', NULL, NULL, NULL, 1144, 0, 1, '2024-10-15 00:00:00', '127.0.0.1', 0),
(1171, 4, 1, 'header', '1', 'Sheep', 'Sheep', 'Sheep', NULL, 'text-270620243661', 'h4', NULL, NULL, NULL, 'form-control', NULL, NULL, '952', NULL, 'Sheep', NULL, NULL, NULL, 1152, 0, 1, '2024-10-15 00:00:00', '127.0.0.1', 0);
INSERT INTO `form_field` (`field_id`, `form_id`, `fieldvalue_set`, `type`, `required`, `label`, `label_hindi`, `label_odiya`, `description`, `name`, `subtype`, `maxlength`, `min_val`, `max_val`, `className`, `inline`, `multiple`, `parent_id`, `parent_relation`, `parent_value`, `parent_multiple_value`, `child_id`, `field_count`, `slno`, `filter`, `added_by`, `added_datetime`, `ip_address`, `status`) VALUES
(1172, 4, 1, 'header', '1', 'Goats', 'Goats', 'Goats', NULL, 'text-2706202436661', 'h4', NULL, NULL, NULL, 'form-control', NULL, NULL, '952', NULL, 'Goats', NULL, NULL, NULL, 1155, 0, 1, '2024-10-15 00:00:00', '127.0.0.1', 0),
(1173, 4, 1, 'header', '1', 'January - Monthly milk data', 'January', 'January', NULL, 'text-270620243831', 'h4', NULL, NULL, NULL, 'form-control', NULL, NULL, '807', NULL, 'January', NULL, NULL, NULL, 1203, 0, 1, '2024-10-15 00:00:00', '127.0.0.1', 1),
(1174, 4, 1, 'header', '1', 'February - Monthly milk data', 'February', 'February', NULL, 'text-270620243911', 'h4', NULL, NULL, NULL, 'form-control', NULL, NULL, '807', NULL, 'February', NULL, NULL, NULL, 1211, 0, 1, '2024-10-15 00:00:00', '127.0.0.1', 1),
(1175, 4, 1, 'header', '1', 'March - Monthly milk data', 'March', 'March', NULL, 'text-270620243941', 'h4', NULL, NULL, NULL, 'form-control', NULL, NULL, '807', NULL, 'March', NULL, NULL, NULL, 1220, 0, 1, '2024-10-15 00:00:00', '127.0.0.1', 1),
(1176, 4, 1, 'header', '1', 'April - Monthly milk data', 'April', 'April', NULL, 'text-270620243971', 'h4', NULL, NULL, NULL, 'form-control', NULL, NULL, '807', NULL, 'April', NULL, NULL, NULL, 1228, 0, 1, '2024-10-15 00:00:00', '127.0.0.1', 1),
(1177, 4, 1, 'header', '1', 'May - Monthly milk data', 'May', 'May', NULL, 'text-270620244061', 'h4', NULL, NULL, NULL, 'form-control', NULL, NULL, '807', NULL, 'May', NULL, NULL, NULL, 1233, 0, 1, '2024-10-15 00:00:00', '127.0.0.1', 1),
(1178, 4, 1, 'header', '1', 'June - Monthly milk data', 'June', 'June', NULL, 'text-270620244091', 'h4', NULL, NULL, NULL, 'form-control', NULL, NULL, '807', NULL, 'June', NULL, NULL, NULL, 1242, 0, 1, '2024-10-15 00:00:00', '127.0.0.1', 1),
(1179, 4, 1, 'header', '1', 'July - Monthly milk data', 'July', 'July', NULL, 'text-270620244161', 'h4', NULL, NULL, NULL, 'form-control', NULL, NULL, '807', NULL, 'July', NULL, NULL, NULL, 1251, 0, 1, '2024-10-15 00:00:00', '127.0.0.1', 1),
(1180, 4, 1, 'header', '1', 'August - Monthly milk data', 'August', 'August', NULL, 'text-270620244191', 'h4', NULL, NULL, NULL, 'form-control', NULL, NULL, '807', NULL, 'August', NULL, NULL, NULL, 1260, 0, 1, '2024-10-15 00:00:00', '127.0.0.1', 1),
(1181, 4, 1, 'header', '1', 'September - Monthly milk data', 'September', 'September', NULL, 'text-270620244261', 'h4', NULL, NULL, NULL, 'form-control', NULL, NULL, '807', NULL, 'September', NULL, NULL, NULL, 1268, 0, 1, '2024-10-15 00:00:00', '127.0.0.1', 1),
(1182, 4, 1, 'header', '1', 'October - Monthly milk data', 'October', 'October', NULL, 'text-270620244291', 'h4', NULL, NULL, NULL, 'form-control', NULL, NULL, '807', NULL, 'October', NULL, NULL, NULL, 1273, 0, 1, '2024-10-15 00:00:00', '127.0.0.1', 1),
(1183, 4, 1, 'header', '1', 'November - Monthly milk data', 'November', 'November', NULL, 'text-270620244361', 'h4', NULL, NULL, NULL, 'form-control', NULL, NULL, '807', NULL, 'November', NULL, NULL, NULL, 1282, 0, 1, '2024-10-15 00:00:00', '127.0.0.1', 1),
(1184, 4, 1, 'header', '1', 'December - Monthly milk data', 'December', 'December', NULL, 'text-270620244401', 'h4', NULL, NULL, NULL, 'form-control', NULL, NULL, '807', NULL, 'December', NULL, NULL, NULL, 1291, 0, 1, '2024-10-15 00:00:00', '127.0.0.1', 1),
(1185, 4, 1, 'header', '1', 'Cereal crop residues', 'Cereal crop residues', 'Cereal crop residues', NULL, 'text-270620244741', 'h4', NULL, NULL, NULL, 'form-control', NULL, NULL, '847', NULL, 'Cereal crop residues', NULL, NULL, NULL, 1345, 0, 1, '2024-10-15 00:00:00', '127.0.0.1', 0),
(1186, 4, 1, 'header', '1', 'Leguminous crop residues', 'Leguminous crop residues', 'Leguminous crop residues', NULL, 'text-270620244821', 'h4', NULL, NULL, NULL, 'form-control', NULL, NULL, '847', NULL, 'Leguminous crop residues', NULL, NULL, NULL, 1352, 0, 1, '2024-10-15 00:00:00', '127.0.0.1', 0),
(1187, 4, 1, 'header', '1', 'Grazing', 'Grazing', 'Grazing', NULL, 'text-270620244831', 'h4', NULL, NULL, NULL, 'form-control', NULL, NULL, '847', NULL, 'Grazing', NULL, NULL, NULL, 1354, 0, 1, '2024-10-15 00:00:00', '127.0.0.1', 0),
(1188, 4, 1, 'header', '1', 'Concentrates', 'Concentrates', 'Concentrates', NULL, 'text-270620244841', 'h4', NULL, NULL, NULL, 'form-control', NULL, NULL, '847', NULL, 'Concentrates', NULL, NULL, NULL, 1361, 0, 1, '2024-10-15 00:00:00', '127.0.0.1', 0),
(1189, 4, 1, 'header', '1', 'Green forage (e.g., weeds,)', 'Green forage (e.g., weeds,)', 'Green forage (e.g., weeds,)', NULL, 'text-270620244851', 'h4', NULL, NULL, NULL, 'form-control', NULL, NULL, '847', NULL, 'Green forage (e.g., weeds,)', NULL, NULL, NULL, 1363, 0, 1, '2024-10-15 00:00:00', '127.0.0.1', 0),
(1190, 4, 1, 'header', '1', 'Other', 'Other', 'Other', NULL, 'text-270620244751', 'h4', NULL, NULL, NULL, 'form-control', NULL, NULL, '847', NULL, 'Other', NULL, NULL, NULL, 1365, 0, 1, '2024-10-15 00:00:00', '127.0.0.1', 0),
(1191, 1, 1, 'lkp_project', '1', 'Project name', 'Project name', 'Project name', NULL, 'text-20062024121', 'text', 250, NULL, NULL, 'form-control', NULL, NULL, '501', NULL, NULL, NULL, NULL, NULL, 9, 0, 1, '2024-10-15 00:00:00', '127.0.0.1', 1),
(1192, 1, 1, 'lkp_site', '1', 'Site name', 'Site name', 'Site name', NULL, 'text-200620241211', 'text', 250, NULL, NULL, 'form-control', NULL, NULL, '501', NULL, NULL, NULL, NULL, NULL, 10, 0, 1, '2024-10-15 00:00:00', '127.0.0.1', 1),
(1193, 1, 1, 'lkp_add_season', '1', 'Name the seasons that occur in the area? - feb', 'Name the seasons that occur in the area? - feb', 'Name the seasons that occur in the area? - feb', NULL, 'text-2708202411512', 'text', 250, NULL, NULL, 'form-control', NULL, NULL, '703', NULL, NULL, NULL, NULL, NULL, 162, 0, 1, '2024-10-18 00:00:00', '127.0.0.1', 1),
(1194, 1, 1, 'lkp_add_season', '1', 'Name the seasons that occur in the area? - march', 'Name the seasons that occur in the area? - march', 'Name the seasons that occur in the area? - march', NULL, 'text-2708202411522', 'text', 250, NULL, NULL, 'form-control', NULL, NULL, '703', NULL, NULL, NULL, NULL, NULL, 165, 0, 1, '2024-10-18 00:00:00', '127.0.0.1', 1),
(1195, 1, 1, 'lkp_add_season', '1', 'Name the seasons that occur in the area? - April', 'Name the seasons that occur in the area? - April', 'Name the seasons that occur in the area? - April', NULL, 'text-27082024115312', 'text', 250, NULL, NULL, 'form-control', NULL, NULL, '703', NULL, NULL, NULL, NULL, NULL, 172, 0, 1, '2024-10-18 00:00:00', '127.0.0.1', 1),
(1196, 1, 1, 'lkp_add_season', '1', 'Name the seasons that occur in the area? - May', 'Name the seasons that occur in the area? - May', 'Name the seasons that occur in the area? - May', NULL, 'text-27082024115412', 'text', 250, NULL, NULL, 'form-control', NULL, NULL, '703', NULL, NULL, NULL, NULL, NULL, 175, 0, 1, '2024-10-18 00:00:00', '127.0.0.1', 1),
(1197, 1, 1, 'lkp_add_season', '1', 'Name the seasons that occur in the area? - June', 'Name the seasons that occur in the area? - June', 'Name the seasons that occur in the area? - June', NULL, 'text-27082024115612', 'text', 250, NULL, NULL, 'form-control', NULL, NULL, '703', NULL, NULL, NULL, NULL, NULL, 182, 0, 1, '2024-10-18 00:00:00', '127.0.0.1', 1),
(1198, 1, 1, 'lkp_add_season', '1', 'Name the seasons that occur in the area? - July', 'Name the seasons that occur in the area? - July', 'Name the seasons that occur in the area? - July', NULL, 'text-27082024115712', 'text', 250, NULL, NULL, 'form-control', NULL, NULL, '703', NULL, NULL, NULL, NULL, NULL, 185, 0, 1, '2024-10-18 00:00:00', '127.0.0.1', 1),
(1199, 1, 1, 'lkp_add_season', '1', 'Name the seasons that occur in the area? -August', 'Name the seasons that occur in the area? -August', 'Name the seasons that occur in the area? -August', NULL, 'text-27082024115812', 'text', 250, NULL, NULL, 'form-control', NULL, NULL, '703', NULL, NULL, NULL, NULL, NULL, 192, 0, 1, '2024-10-18 00:00:00', '127.0.0.1', 1),
(1200, 1, 1, 'lkp_add_season', '1', 'Name the seasons that occur in the area? -September', 'Name the seasons that occur in the area? -September', 'Name the seasons that occur in the area? -September', NULL, 'text-27082024115912', 'text', 250, NULL, NULL, 'form-control', NULL, NULL, '703', NULL, NULL, NULL, NULL, NULL, 195, 0, 1, '2024-10-18 00:00:00', '127.0.0.1', 1),
(1201, 1, 1, 'lkp_add_season', '1', 'Name the seasons that occur in the area? -October', 'Name the seasons that occur in the area? -October', 'Name the seasons that occur in the area? -October', NULL, 'text-27082024116012', 'text', 250, NULL, NULL, 'form-control', NULL, NULL, '703', NULL, NULL, NULL, NULL, NULL, 202, 0, 1, '2024-10-18 00:00:00', '127.0.0.1', 1),
(1202, 1, 1, 'lkp_add_season', '1', 'Name the seasons that occur in the area? -November', 'Name the seasons that occur in the area? -November', 'Name the seasons that occur in the area? -November', NULL, 'text-27082024116112', 'text', 250, NULL, NULL, 'form-control', NULL, NULL, '703', NULL, NULL, NULL, NULL, NULL, 205, 0, 1, '2024-10-18 00:00:00', '127.0.0.1', 1),
(1203, 1, 1, 'lkp_add_season', '1', 'Name the seasons that occur in the area? -December', 'Name the seasons that occur in the area? -December', 'Name the seasons that occur in the area? -December', NULL, 'text-2708202411622', 'text', 250, NULL, NULL, 'form-control', NULL, NULL, '703', NULL, NULL, NULL, NULL, NULL, 212, 0, 1, '2024-10-18 00:00:00', '127.0.0.1', 1),
(1204, 4, 1, 'text', '1', 'Cooperative/Organization Name', 'Cooperative/Organization Name', 'Cooperative/Organization Affiliations', NULL, 'text-27062024581', 'text', 1000, NULL, NULL, 'form-control', NULL, NULL, '659', NULL, NULL, NULL, NULL, NULL, 44, 0, 1, '2024-10-21 00:00:00', '127.0.0.1', 1),
(1205, 4, 1, 'number', '1', 'Male household members', 'Male household members', 'Cooperative/Organization Affiliations', NULL, 'text-270620245811', 'number', 10, NULL, NULL, 'form-control', NULL, NULL, '659', NULL, NULL, NULL, NULL, NULL, 45, 0, 1, '2024-10-21 00:00:00', '127.0.0.1', 1),
(1206, 4, 1, 'number', '1', 'Female household members', 'Female household members', 'Cooperative/Organization Affiliations', NULL, 'text-270620245812', 'number', 10, NULL, NULL, 'form-control', NULL, NULL, '659', NULL, NULL, NULL, NULL, NULL, 46, 0, 1, '2024-10-21 00:00:00', '127.0.0.1', 1),
(1207, 4, 1, 'header', '1', 'Land Ownership', 'Land Ownership', 'Land Ownership', NULL, 'text-27062024102', 'h4', NULL, NULL, NULL, 'form-control', NULL, NULL, '682', NULL, NULL, NULL, NULL, NULL, 82, 0, 1, '2024-10-21 00:00:00', '127.0.0.1', 1),
(1208, 4, 1, 'number', '1', 'Jointly-owned land', 'Jointly-owned land', 'Jointly-owned land', NULL, 'text-27062024103', 'desimal', 10, NULL, NULL, 'form-control', NULL, NULL, '682', NULL, NULL, NULL, NULL, NULL, 83, 0, 1, '2024-10-21 00:00:00', '127.0.0.1', 1),
(1209, 4, 1, 'number', '1', 'Individually owned by the man', 'Individually owned by the man', 'Individually owned by the man', NULL, 'text-27062024104', 'desimal', 10, NULL, NULL, 'form-control', NULL, NULL, '682', NULL, NULL, NULL, NULL, NULL, 84, 0, 1, '2024-10-21 00:00:00', '127.0.0.1', 1),
(1210, 4, 1, 'number', '1', 'Individually owned by the woman', 'Individually owned by the woman', 'Individually owned by the woman', NULL, 'text-27062024105', 'desimal', 10, NULL, NULL, 'form-control', NULL, NULL, '682', NULL, NULL, NULL, NULL, NULL, 85, 0, 1, '2024-10-21 00:00:00', '127.0.0.1', 1),
(1211, 4, 1, 'header', '1', 'Cooperative/Organization Affiliations', 'Cooperative/Organization Affiliations', 'Cooperative/Organization Affiliations', NULL, 'text-270620245812', 'h4', NULL, NULL, NULL, 'form-control', NULL, NULL, '659', NULL, NULL, NULL, NULL, NULL, 43, 0, 1, '2024-10-22 00:00:00', '127.0.0.1', 1),
(1212, 4, 1, 'select', '1', 'Who can access / decides the use of this income?', 'Who can access / decides the use of this income? - Cash crops', 'Who can access / decides the use of this income? - Cash crops', NULL, 'text-270620241041', NULL, NULL, NULL, NULL, 'form-control', NULL, NULL, '745', NULL, NULL, NULL, NULL, NULL, 95, 0, 1, '2024-10-22 00:00:00', '127.0.0.1', 1),
(1213, 4, 1, 'select', '1', 'Who can access / decides the use of this income? - Dairying', 'Who can access / decides the use of this income? - Dairying', 'Who can access / decides the use of this income? - Cash crops', NULL, 'text-270620241042', NULL, NULL, NULL, NULL, 'form-control', NULL, NULL, '746', NULL, 'Dairying', NULL, NULL, NULL, 104, 0, 1, '2024-10-22 00:00:00', '127.0.0.1', 0),
(1214, 4, 1, 'select', '1', 'Who can access / decides the use of this income? - Fattening - cattle', 'Who can access / decides the use of this income? - Dairying', 'Who can access / decides the use of this income? - Cash crops', NULL, 'text-270620241043', NULL, NULL, NULL, NULL, 'form-control', NULL, NULL, '746', NULL, 'Fattening - cattle', NULL, NULL, NULL, 112, 0, 1, '2024-10-22 00:00:00', '127.0.0.1', 0),
(1215, 4, 1, 'select', '1', 'Who can access / decides the use of this income? - Fattening - sheep and goats', 'Who can access / decides the use of this income? - Dairying', 'Who can access / decides the use of this income? - Cash crops', NULL, 'text-270620241044', NULL, NULL, NULL, NULL, 'form-control', NULL, NULL, '746', NULL, 'Fattening - sheep and goats', NULL, NULL, NULL, 115, 0, 1, '2024-10-22 00:00:00', '127.0.0.1', 0),
(1216, 4, 1, 'select', '1', 'Who can access / decides the use of this income? - Fattening - sheep and goats', 'Who can access / decides the use of this income? - Dairying', 'Who can access / decides the use of this income? - Cash crops', NULL, 'text-270620241045', NULL, NULL, NULL, NULL, 'form-control', NULL, NULL, '746', NULL, 'Food crops', NULL, NULL, NULL, 122, 0, 1, '2024-10-22 00:00:00', '127.0.0.1', 0),
(1217, 4, 1, 'select', '1', 'Who can access / decides the use of this income? - Laboring/service', 'Who can access / decides the use of this income? - Dairying', 'Who can access / decides the use of this income? - Cash crops', NULL, 'text-270620241046', NULL, NULL, NULL, NULL, 'form-control', NULL, NULL, '746', NULL, 'Laboring/service', NULL, NULL, NULL, 126, 0, 1, '2024-10-22 00:00:00', '127.0.0.1', 0),
(1218, 4, 1, 'select', '1', 'Who can access / decides the use of this income? - Off- farm business', 'Who can access / decides the use of this income? - Dairying', 'Who can access / decides the use of this income? - Cash crops', NULL, 'text-2706202410461', NULL, NULL, NULL, NULL, 'form-control', NULL, NULL, '746', NULL, 'Off- farm business', NULL, NULL, NULL, 133, 0, 1, '2024-10-22 00:00:00', '127.0.0.1', 0),
(1219, 4, 1, 'select', '1', 'Who can access / decides the use of this income? - Poultry (eggs)', 'Who can access / decides the use of this income? - Dairying', 'Who can access / decides the use of this income? - Cash crops', NULL, 'text-2706202410462', NULL, NULL, NULL, NULL, 'form-control', NULL, NULL, '746', NULL, 'Poultry (eggs)', NULL, NULL, NULL, 137, 0, 1, '2024-10-22 00:00:00', '127.0.0.1', 0),
(1220, 4, 1, 'select', '1', 'Who can access / decides the use of this income? - Poultry (meat)', 'Who can access / decides the use of this income? - Dairying', 'Who can access / decides the use of this income? - Cash crops', NULL, 'text-2706202410463', NULL, NULL, NULL, NULL, 'form-control', NULL, NULL, '746', NULL, 'Poultry (meat)', NULL, NULL, NULL, 144, 0, 1, '2024-10-22 00:00:00', '127.0.0.1', 0),
(1221, 4, 1, 'select', '1', 'Who can access / decides the use of this income? - Remittances', 'Who can access / decides the use of this income? - Dairying', 'Who can access / decides the use of this income? - Cash crops', NULL, 'text-2706202410464', NULL, NULL, NULL, NULL, 'form-control', NULL, NULL, '746', NULL, 'Remittances', NULL, NULL, NULL, 153, 0, 1, '2024-10-22 00:00:00', '127.0.0.1', 0),
(1222, 4, 1, 'select', '1', 'Who can access / decides the use of this income? - Other', 'Who can access / decides the use of this income? - Dairying', 'Who can access / decides the use of this income? - Cash crops', NULL, 'text-2706202410465', NULL, NULL, NULL, NULL, 'form-control', NULL, NULL, '746', NULL, 'Other', NULL, NULL, NULL, 164, 0, 1, '2024-10-22 00:00:00', '127.0.0.1', 0),
(1223, 4, 1, 'group', '1', 'Women\'s income (%)', 'Women\'s income (%)', 'Women\'s income (%)', NULL, 'text-27062024171', 'h4', 20, NULL, NULL, 'form-control', NULL, NULL, '682', NULL, NULL, NULL, '1224,1228', NULL, 171, 0, 1, '2024-10-22 00:00:00', '127.0.0.1', 1),
(1224, 4, 1, 'lkp_income_activities', '1', 'What are the four main sources of women\'s income?', 'What are the four main sources of women\'s income?', 'What are the four main sources of women\'s income?', NULL, 'text-27062024172', NULL, NULL, NULL, 4, 'form-control', NULL, NULL, '1223', NULL, NULL, NULL, NULL, NULL, 173, 0, 1, '2024-10-22 00:00:00', '127.0.0.1', 1),
(1225, 4, 1, 'group', '1', 'Mens\'s income (%)', 'Mens\'s income (%)', 'Mens\'s income (%)', NULL, 'text-270620241712', 'h4', 20, NULL, NULL, 'form-control', NULL, NULL, '682', NULL, NULL, NULL, '1226,1251', NULL, 241, 0, 1, '2024-10-22 00:00:00', '127.0.0.1', 1),
(1226, 4, 1, 'lkp_income_activities', '1', 'What are the four main sources of men\'s income?', 'What are the four main sources of men\'s income?', 'What are the four main sources of men\'s income?', NULL, 'text-22102024174', NULL, NULL, NULL, 4, 'form-control', NULL, NULL, '1225', NULL, NULL, NULL, NULL, NULL, 242, 0, 1, '2024-10-22 00:00:00', '127.0.0.1', 1),
(1227, 4, 1, 'header', '1', 'Cash crops', 'Cash crops', 'Cash crops', NULL, 'text-27062024176', 'h4', NULL, NULL, NULL, 'form-control', NULL, NULL, '1224', NULL, 'Cash crops', NULL, NULL, NULL, 176, 0, 1, '2024-10-22 00:00:00', '127.0.0.1', 0),
(1228, 4, 1, 'number', '1', '% Contribution to women\'s income', 'Contribution to household income (%)', 'Contribution to household income (%)', NULL, 'text-22102024177', 'desimal', 10, NULL, NULL, 'form-control', NULL, NULL, '1223', NULL, NULL, NULL, NULL, NULL, 177, 0, 1, '2024-10-22 00:00:00', '127.0.0.1', 1),
(1229, 4, 1, 'number', '1', '% Contribution to women\'s income - Dairying', 'Contribution to household income (%)', 'Contribution to household income (%)', NULL, 'text-22102024178', 'desimal', 10, NULL, NULL, 'form-control', NULL, NULL, '1224', NULL, 'Dairying', NULL, NULL, NULL, 179, 0, 1, '2024-10-22 00:00:00', '127.0.0.1', 0),
(1230, 4, 1, 'header', '1', 'Dairying', 'Dairying', 'Dairying', NULL, 'text-27062024178', 'h4', NULL, NULL, NULL, 'form-control', NULL, NULL, '1224', NULL, 'Dairying', NULL, NULL, NULL, 178, 0, 1, '2024-10-22 00:00:00', '127.0.0.1', 0),
(1231, 4, 1, 'header', '1', 'Fattening - cattle', 'Fattening - cattle', 'Fattening - cattle', NULL, 'text-27062024184', 'h4', NULL, NULL, NULL, 'form-control', NULL, NULL, '1224', NULL, 'Fattening - cattle', NULL, NULL, NULL, 184, 0, 1, '2024-10-22 00:00:00', '127.0.0.1', 0),
(1232, 4, 1, 'number', '1', '% Contribution to women\'s income - Fattening - cattle', 'Contribution to household income (%)', 'Contribution to household income (%)', NULL, 'text-22102024185', 'desimal', 10, NULL, NULL, 'form-control', NULL, NULL, '1224', NULL, 'Fattening - cattle', NULL, NULL, NULL, 185, 0, 1, '2024-10-22 00:00:00', '127.0.0.1', 0),
(1233, 4, 1, 'header', '1', 'Fattening - sheep and goats', 'Fattening - sheep and goats', 'Fattening - sheep and goats', NULL, 'text-27062024188', 'h4', NULL, NULL, NULL, 'form-control', NULL, NULL, '1224', NULL, 'Fattening - cattle', NULL, NULL, NULL, 188, 0, 1, '2024-10-22 00:00:00', '127.0.0.1', 0),
(1234, 4, 1, 'number', '1', '% Contribution to women\'s income - Fattening - sheep and goats', 'Contribution to household income (%)', 'Contribution to household income (%)', NULL, 'text-22102024189', 'desimal', 10, NULL, NULL, 'form-control', NULL, NULL, '1224', NULL, 'Fattening - sheep and goats', NULL, NULL, NULL, 189, 0, 1, '2024-10-22 00:00:00', '127.0.0.1', 0),
(1235, 4, 1, 'header', '1', 'Food crops', 'Food crops', 'Food crops', NULL, 'text-27062024192', 'h4', NULL, NULL, NULL, 'form-control', NULL, NULL, '1224', NULL, 'Food crops', NULL, NULL, NULL, 192, 0, 1, '2024-10-22 00:00:00', '127.0.0.1', 0),
(1236, 4, 1, 'number', '1', '% Contribution to women\'s income - Food crops', 'Contribution to household income (%)', 'Contribution to household income (%)', NULL, 'text-221020241893', 'desimal', 10, NULL, NULL, 'form-control', NULL, NULL, '1224', NULL, 'Food crops', NULL, NULL, NULL, 194, 0, 1, '2024-10-22 00:00:00', '127.0.0.1', 0),
(1237, 4, 1, 'header', '1', 'Laboring/service', 'Laboring/service', 'Laboring/service', NULL, 'text-27062024197', 'h4', NULL, NULL, NULL, 'form-control', NULL, NULL, '1224', NULL, 'Laboring/service', NULL, NULL, NULL, 197, 0, 1, '2024-10-22 00:00:00', '127.0.0.1', 0),
(1238, 4, 1, 'number', '1', '% Contribution to women\'s income - Laboring/service', 'Contribution to household income (%)', 'Contribution to household income (%)', NULL, 'text-221020241898', 'desimal', 10, NULL, NULL, 'form-control', NULL, NULL, '1224', NULL, 'Laboring/service', NULL, NULL, NULL, 198, 0, 1, '2024-10-22 00:00:00', '127.0.0.1', 0),
(1239, 4, 1, 'header', '1', 'Off- farm business', 'Off- farm business', 'Off- farm business', NULL, 'text-27062024203', 'h4', NULL, NULL, NULL, 'form-control', NULL, NULL, '1224', NULL, 'Off- farm business', NULL, NULL, NULL, 203, 0, 1, '2024-10-22 00:00:00', '127.0.0.1', 0),
(1240, 4, 1, 'number', '1', '% Contribution to women\'s income - Off- farm business', 'Contribution to household income (%)', 'Contribution to household income (%)', NULL, 'text-221020241204', 'desimal', 10, NULL, NULL, 'form-control', NULL, NULL, '1224', NULL, 'Off- farm business', NULL, NULL, NULL, 204, 0, 1, '2024-10-22 00:00:00', '127.0.0.1', 0),
(1241, 4, 1, 'header', '1', 'Poultry (eggs)', 'Poultry (eggs)', 'Poultry (eggs)', NULL, 'text-27062024211', 'h4', NULL, NULL, NULL, 'form-control', NULL, NULL, '1224', NULL, 'Poultry (eggs)', NULL, NULL, NULL, 211, 0, 1, '2024-10-22 00:00:00', '127.0.0.1', 0),
(1242, 4, 1, 'number', '1', '% Contribution to women\'s income - Poultry (eggs)', 'Contribution to household income (%)', 'Contribution to household income (%)', NULL, 'text-221020241212', 'desimal', 10, NULL, NULL, 'form-control', NULL, NULL, '1224', NULL, 'Poultry (eggs)', NULL, NULL, NULL, 212, 0, 1, '2024-10-22 00:00:00', '127.0.0.1', 0),
(1243, 4, 1, 'header', '1', 'Poultry (meat)', 'Poultry (meat)', 'Poultry (meat)', NULL, 'text-27062024215', 'h4', NULL, NULL, NULL, 'form-control', NULL, NULL, '1224', NULL, 'Poultry (meat)', NULL, NULL, NULL, 215, 0, 1, '2024-10-22 00:00:00', '127.0.0.1', 0),
(1244, 4, 1, 'number', '1', '% Contribution to women\'s income - Poultry (meat)', 'Contribution to household income (%)', 'Contribution to household income (%)', NULL, 'text-221020241216', 'desimal', 10, NULL, NULL, 'form-control', NULL, NULL, '1224', NULL, 'Poultry (meat)', NULL, NULL, NULL, 216, 0, 1, '2024-10-22 00:00:00', '127.0.0.1', 0),
(1245, 4, 1, 'header', '1', 'Remittances', 'Remittances', 'Remittances', NULL, 'text-27062024221', 'h4', NULL, NULL, NULL, 'form-control', NULL, NULL, '1224', NULL, 'Remittances', NULL, NULL, NULL, 221, 0, 1, '2024-10-22 00:00:00', '127.0.0.1', 0),
(1246, 4, 1, 'number', '1', '% Contribution to women\'s income - Remittances', 'Contribution to household income (%)', 'Contribution to household income (%)', NULL, 'text-221020241222', 'desimal', 10, NULL, NULL, 'form-control', NULL, NULL, '1224', NULL, 'Remittances', NULL, NULL, NULL, 222, 0, 1, '2024-10-22 00:00:00', '127.0.0.1', 0),
(1247, 4, 1, 'header', '1', 'Other', 'Other', 'Other', NULL, 'text-27062024224', 'h4', NULL, NULL, NULL, 'form-control', NULL, NULL, '1224', NULL, 'Other', NULL, NULL, NULL, 224, 0, 1, '2024-10-22 00:00:00', '127.0.0.1', 0),
(1248, 4, 1, 'text', '1', 'Other specify', 'Other specify', 'Other', NULL, 'text-27062024225', 'h4', NULL, NULL, NULL, 'form-control', NULL, NULL, '1224', NULL, 'Other', NULL, NULL, NULL, 225, 0, 1, '2024-10-22 00:00:00', '127.0.0.1', 0),
(1249, 4, 1, 'number', '1', '% Contribution to women\'s income - Other', 'Contribution to household income (%)', 'Contribution to household income (%)', NULL, 'text-221020241226', 'desimal', 10, NULL, NULL, 'form-control', NULL, NULL, '1224', NULL, 'Other', NULL, NULL, NULL, 226, 0, 1, '2024-10-22 00:00:00', '127.0.0.1', 0),
(1250, 4, 1, 'header', '1', 'Cash crops', 'Cash crops', 'Cash crops', NULL, 'text-27062024243', 'h4', NULL, NULL, NULL, 'form-control', NULL, NULL, '1226', NULL, NULL, NULL, NULL, NULL, 243, 0, 1, '2024-10-22 00:00:00', '127.0.0.1', 0),
(1251, 4, 1, 'number', '1', '% Contribution to men\'s income', 'Contribution to household income (%)', 'Contribution to household income (%)', NULL, 'text-22102024244', 'desimal', 10, NULL, NULL, 'form-control', NULL, NULL, '1225', NULL, NULL, NULL, NULL, NULL, 244, 0, 1, '2024-10-22 00:00:00', '127.0.0.1', 1),
(1252, 4, 1, 'header', '1', 'Dairying', 'Dairying', 'Dairying', NULL, 'text-27062024247', 'h4', NULL, NULL, NULL, 'form-control', NULL, NULL, '1226', NULL, 'Dairying', NULL, NULL, NULL, 247, 0, 1, '2024-10-22 00:00:00', '127.0.0.1', 0),
(1253, 4, 1, 'number', '1', '% Contribution to men\'s income - Dairying', 'Contribution to household income (%)', 'Contribution to household income (%)', NULL, 'text-22102024248', 'desimal', 10, NULL, NULL, 'form-control', NULL, NULL, '1226', NULL, 'Dairying', NULL, NULL, NULL, 248, 0, 1, '2024-10-22 00:00:00', '127.0.0.1', 0),
(1254, 4, 1, 'header', '1', 'Fattening - cattle', 'Fattening - cattle', 'Fattening - cattle', NULL, 'text-27062024251', 'h4', NULL, NULL, NULL, 'form-control', NULL, NULL, '1226', NULL, 'Fattening - cattle', NULL, NULL, NULL, 251, 0, 1, '2024-10-22 00:00:00', '127.0.0.1', 0),
(1255, 4, 1, 'number', '1', '% Contribution to men\'s income - Fattening - cattle', 'Contribution to household income (%)', 'Contribution to household income (%)', NULL, 'text-22102024252', 'desimal', 10, NULL, NULL, 'form-control', NULL, NULL, '1226', NULL, 'Fattening - cattle', NULL, NULL, NULL, 252, 0, 1, '2024-10-22 00:00:00', '127.0.0.1', 0),
(1256, 4, 1, 'header', '1', 'Fattening - sheep and goats', 'Fattening - cattle', 'Fattening - cattle', NULL, 'text-27062024255', 'h4', NULL, NULL, NULL, 'form-control', NULL, NULL, '1226', NULL, 'Fattening - sheep and goats', NULL, NULL, NULL, 255, 0, 1, '2024-10-22 00:00:00', '127.0.0.1', 0),
(1257, 4, 1, 'number', '1', '% Contribution to men\'s income - Fattening - sheep and goats', 'Contribution to household income (%)', 'Contribution to household income (%)', NULL, 'text-22102024256', 'desimal', 10, NULL, NULL, 'form-control', NULL, NULL, '1226', NULL, 'Fattening - sheep and goats', NULL, NULL, NULL, 256, 0, 1, '2024-10-22 00:00:00', '127.0.0.1', 0),
(1258, 4, 1, 'header', '1', 'Food crops', 'Food crops', 'Food crops', NULL, 'text-27062024259', 'h4', NULL, NULL, NULL, 'form-control', NULL, NULL, '1226', NULL, 'Food crops', NULL, NULL, NULL, 259, 0, 1, '2024-10-22 00:00:00', '127.0.0.1', 0),
(1259, 4, 1, 'number', '1', '% Contribution to men\'s income - Food crops', 'Contribution to household income (%)', 'Contribution to household income (%)', NULL, 'text-22102024260', 'desimal', 10, NULL, NULL, 'form-control', NULL, NULL, '1226', NULL, 'Food crops', NULL, NULL, NULL, 260, 0, 1, '2024-10-22 00:00:00', '127.0.0.1', 0),
(1260, 4, 1, 'header', '1', 'Laboring/service', 'Laboring/service', 'Laboring/service', NULL, 'text-27062024263', 'h4', NULL, NULL, NULL, 'form-control', NULL, NULL, '1226', NULL, 'Laboring/service', NULL, NULL, NULL, 263, 0, 1, '2024-10-22 00:00:00', '127.0.0.1', 0),
(1261, 4, 1, 'number', '1', '% Contribution to men\'s income - Laboring/service', 'Contribution to household income (%)', 'Contribution to household income (%)', NULL, 'text-22102024264', 'desimal', 10, NULL, NULL, 'form-control', NULL, NULL, '1226', NULL, 'Laboring/service', NULL, NULL, NULL, 264, 0, 1, '2024-10-22 00:00:00', '127.0.0.1', 0),
(1262, 4, 1, 'header', '1', 'Off- farm business', 'Off- farm business', 'Off- farm business', NULL, 'text-27062024265', 'h4', NULL, NULL, NULL, 'form-control', NULL, NULL, '1226', NULL, 'Off- farm business', NULL, NULL, NULL, 265, 0, 1, '2024-10-22 00:00:00', '127.0.0.1', 0),
(1263, 4, 1, 'number', '1', '% Contribution to men\'s income - Off- farm business', 'Contribution to household income (%)', 'Contribution to household income (%)', NULL, 'text-22102024266', 'desimal', 10, NULL, NULL, 'form-control', NULL, NULL, '1226', NULL, 'Off- farm business', NULL, NULL, NULL, 266, 0, 1, '2024-10-22 00:00:00', '127.0.0.1', 0),
(1264, 4, 1, 'header', '1', 'Poultry (eggs)', 'Poultry (eggs)', 'Poultry (eggs)', NULL, 'text-27062024269', 'h4', NULL, NULL, NULL, 'form-control', NULL, NULL, '1226', NULL, 'Poultry (eggs)', NULL, NULL, NULL, 269, 0, 1, '2024-10-22 00:00:00', '127.0.0.1', 0),
(1265, 4, 1, 'number', '1', '% Contribution to men\'s income - Poultry (eggs)', 'Contribution to household income (%)', 'Contribution to household income (%)', NULL, 'text-22102024270', 'desimal', 10, NULL, NULL, 'form-control', NULL, NULL, '1226', NULL, 'Poultry (eggs)', NULL, NULL, NULL, 270, 0, 1, '2024-10-22 00:00:00', '127.0.0.1', 0),
(1266, 4, 1, 'header', '1', 'Poultry (meat)', 'Poultry (meat)', 'Poultry (meat)', NULL, 'text-27062024273', 'h4', NULL, NULL, NULL, 'form-control', NULL, NULL, '1226', NULL, 'Poultry (meat)', NULL, NULL, NULL, 273, 0, 1, '2024-10-22 00:00:00', '127.0.0.1', 0),
(1267, 4, 1, 'number', '1', '% Contribution to men\'s income - Poultry (meat)', 'Contribution to household income (%)', 'Contribution to household income (%)', NULL, 'text-22102024274', 'desimal', 10, NULL, NULL, 'form-control', NULL, NULL, '1226', NULL, 'Poultry (meat)', NULL, NULL, NULL, 274, 0, 1, '2024-10-22 00:00:00', '127.0.0.1', 0),
(1268, 4, 1, 'header', '1', 'Remittances', 'Remittances', 'Remittances', NULL, 'text-27062024276', 'h4', NULL, NULL, NULL, 'form-control', NULL, NULL, '1226', NULL, 'Remittances', NULL, NULL, NULL, 276, 0, 1, '2024-10-22 00:00:00', '127.0.0.1', 0),
(1269, 4, 1, 'number', '1', '% Contribution to men\'s income - Remittances', 'Contribution to household income (%)', 'Contribution to household income (%)', NULL, 'text-22102024277', 'desimal', 10, NULL, NULL, 'form-control', NULL, NULL, '1226', NULL, 'Remittances', NULL, NULL, NULL, 277, 0, 1, '2024-10-22 00:00:00', '127.0.0.1', 0),
(1270, 4, 1, 'header', '1', 'Other', 'Other', 'Other', NULL, 'text-27062024279', 'h4', NULL, NULL, NULL, 'form-control', NULL, NULL, '1226', NULL, 'Other', NULL, NULL, NULL, 279, 0, 1, '2024-10-22 00:00:00', '127.0.0.1', 0),
(1271, 4, 1, 'text', '1', 'Other specify', 'Other', 'Other', NULL, 'text-27062024280', 'h4', NULL, NULL, NULL, 'form-control', NULL, NULL, '1226', NULL, 'Other', NULL, NULL, NULL, 280, 0, 1, '2024-10-22 00:00:00', '127.0.0.1', 0),
(1272, 4, 1, 'number', '1', '% Contribution to men\'s income - Other', 'Contribution to household income (%)', 'Contribution to household income (%)', NULL, 'text-22102024281', 'desimal', 10, NULL, NULL, 'form-control', NULL, NULL, '1226', NULL, 'Other', NULL, NULL, NULL, 281, 0, 1, '2024-10-22 00:00:00', '127.0.0.1', 0),
(1273, 4, 1, 'header', '1', 'January', 'January', 'January', NULL, 'text-270620244734', 'h4', NULL, NULL, NULL, 'form-control', NULL, NULL, '845', NULL, 'January', NULL, NULL, NULL, 1342, 0, 1, '2024-10-22 00:00:00', '127.0.0.1', 1),
(1274, 4, 1, 'header', '1', 'February', 'February', 'February', NULL, 'text-270620241381', 'h4', NULL, NULL, NULL, 'form-control', NULL, NULL, '845', NULL, 'February', NULL, NULL, NULL, 1381, 0, 1, '2024-10-22 00:00:00', '127.0.0.1', 1),
(1275, 4, 1, 'select', '1', 'Overall feed availability - February', 'Overall feed availability', 'Overall feed availability', NULL, 'text-270620241382', NULL, NULL, NULL, NULL, 'form-control', NULL, NULL, '845', NULL, 'February', NULL, NULL, NULL, 1382, 0, 1, '2024-07-26 00:00:00', '127.0.0.1', 1),
(1276, 4, 1, 'header', '1', 'Monthly diet composition - February', 'Monthly diet composition - Select a source', 'Monthly diet composition - Select a source', NULL, 'text-270620241383', 'h4', NULL, NULL, NULL, 'form-control', NULL, NULL, '845', NULL, 'February', NULL, NULL, NULL, 1383, 0, 1, '2024-07-26 00:00:00', '127.0.0.1', 1),
(1277, 4, 1, 'header', '1', 'Cereal crop residues', 'Cereal crop residues', 'Cereal crop residues', NULL, 'text-270620241384', 'h4', NULL, NULL, NULL, 'form-control', NULL, NULL, '1276', NULL, 'Cereal crop residues', NULL, NULL, NULL, 1384, 0, 1, '2024-10-15 00:00:00', '127.0.0.1', 0),
(1278, 4, 1, 'select', '1', 'Availability - Cereal crop residues', 'Availability - Cereal crop residues', 'Availability - Cereal crop residues', NULL, 'text-270620241385', NULL, NULL, NULL, NULL, 'form-control', NULL, NULL, '845', NULL, 'February', NULL, NULL, NULL, 1385, 0, 1, '2024-07-26 00:00:00', '127.0.0.1', 1),
(1279, 4, 1, 'header', '1', 'Leguminous crop residues', 'Leguminous crop residues', 'Leguminous crop residues', NULL, 'text-270620241391', 'h4', NULL, NULL, NULL, 'form-control', NULL, NULL, '1276', NULL, 'Leguminous crop residues', NULL, NULL, NULL, 1391, 0, 1, '2024-10-15 00:00:00', '127.0.0.1', 0),
(1280, 4, 1, 'select', '1', 'Availability - Leguminous crop residues', 'Availability - Leguminous crop residues', 'Availability - Leguminous crop residues', NULL, 'text-270620241382', NULL, NULL, NULL, NULL, 'form-control', NULL, NULL, '845', NULL, 'February', NULL, NULL, NULL, 1392, 0, 1, '2024-07-26 00:00:00', '127.0.0.1', 1),
(1281, 4, 1, 'header', '1', 'Grazing', 'Grazing', 'Grazing', NULL, 'text-270620241393', 'h4', NULL, NULL, NULL, 'form-control', NULL, NULL, '1276', NULL, 'Grazing', NULL, NULL, NULL, 1393, 0, 1, '2024-10-15 00:00:00', '127.0.0.1', 0),
(1282, 4, 1, 'select', '1', 'Availability - Grazing', 'Availability - Grazing', 'Availability - Grazing', NULL, 'text-270620241394', NULL, NULL, NULL, NULL, 'form-control', NULL, NULL, '845', NULL, 'February', NULL, NULL, NULL, 1394, 0, 1, '2024-07-26 00:00:00', '127.0.0.1', 1),
(1283, 4, 1, 'header', '1', 'Concentrates', 'Concentrates', 'Concentrates', NULL, 'text-270620241395', 'h4', NULL, NULL, NULL, 'form-control', NULL, NULL, '1276', NULL, 'Concentrates', NULL, NULL, NULL, 1395, 0, 1, '2024-10-15 00:00:00', '127.0.0.1', 0),
(1284, 4, 1, 'select', '1', 'Availability - Concentrates', 'Availability - Concentrates', 'Availability - Concentrates', NULL, 'text-270620241401', NULL, NULL, NULL, NULL, 'form-control', NULL, NULL, '845', NULL, 'February', NULL, NULL, NULL, 1401, 0, 1, '2024-07-26 00:00:00', '127.0.0.1', 1),
(1285, 4, 1, 'header', '1', 'Green forage (e.g., weeds,)', 'Green forage (e.g., weeds,)', 'Green forage (e.g., weeds,)', NULL, 'text-270620241402', 'h4', NULL, NULL, NULL, 'form-control', NULL, NULL, '1276', NULL, 'Green forage (e.g., weeds,)', NULL, NULL, NULL, 1402, 0, 1, '2024-10-15 00:00:00', '127.0.0.1', 0),
(1286, 4, 1, 'select', '1', 'Availability - Green forage (e.g., weeds,)', 'Availability - Green forage (e.g., weeds,)', 'Availability - Green forage (e.g., weeds,)', NULL, 'text-270620241403', NULL, NULL, NULL, NULL, 'form-control', NULL, NULL, '845', NULL, 'February', NULL, NULL, NULL, 1403, 0, 1, '2024-07-26 00:00:00', '127.0.0.1', 1),
(1287, 4, 1, 'header', '1', 'Other', 'Other', 'Other', NULL, 'text-270620241404', 'h4', NULL, NULL, NULL, 'form-control', NULL, NULL, '1276', NULL, 'Other', NULL, NULL, NULL, 1404, 0, 1, '2024-10-15 00:00:00', '127.0.0.1', 0),
(1288, 4, 1, 'text', '1', 'Other specify', 'Other specify', 'Other specify', NULL, 'text-270620241405', 'text', 250, NULL, NULL, 'form-control', NULL, NULL, '1276', NULL, 'Other', NULL, NULL, NULL, 1405, 0, 1, '2024-07-26 00:00:00', '127.0.0.1', 0),
(1289, 4, 1, 'select', '1', 'Availability - Other', 'Availability - Other', 'Availability - Other', NULL, 'text-270620241406', NULL, NULL, NULL, NULL, 'form-control', NULL, NULL, '845', NULL, 'February', NULL, NULL, NULL, 1406, 0, 1, '2024-07-26 00:00:00', '127.0.0.1', 1),
(1290, 4, 1, 'header', '1', 'March', 'March', 'March', NULL, 'text-270620241411', 'h4', NULL, NULL, NULL, 'form-control', NULL, NULL, '845', NULL, 'March', NULL, NULL, NULL, 1411, 0, 1, '2024-10-22 00:00:00', '127.0.0.1', 1),
(1291, 4, 1, 'select', '1', 'Overall feed availability - March', 'Overall feed availability', 'Overall feed availability', NULL, 'text-270620241412', NULL, NULL, NULL, NULL, 'form-control', NULL, NULL, '845', NULL, 'March', NULL, NULL, NULL, 1412, 0, 1, '2024-07-26 00:00:00', '127.0.0.1', 1),
(1292, 4, 1, 'header', '1', 'Monthly diet composition - March', 'Monthly diet composition - Select a source', 'Monthly diet composition - Select a source', NULL, 'text-270620241413', 'h4', NULL, NULL, NULL, 'form-control', NULL, NULL, '845', NULL, 'March', NULL, NULL, NULL, 1413, 0, 1, '2024-07-26 00:00:00', '127.0.0.1', 1),
(1293, 4, 1, 'header', '1', 'Cereal crop residues', 'Cereal crop residues', 'Cereal crop residues', NULL, 'text-270620241414', 'h4', NULL, NULL, NULL, 'form-control', NULL, NULL, '1292', NULL, 'Cereal crop residues', NULL, NULL, NULL, 1414, 0, 1, '2024-10-15 00:00:00', '127.0.0.1', 0),
(1294, 4, 1, 'select', '1', 'Availability - Cereal crop residues', 'Availability - Cereal crop residues', 'Availability - Cereal crop residues', NULL, 'text-270620241415', NULL, NULL, NULL, NULL, 'form-control', NULL, NULL, '845', NULL, 'March', NULL, NULL, NULL, 1415, 0, 1, '2024-07-26 00:00:00', '127.0.0.1', 1),
(1295, 4, 1, 'header', '1', 'Leguminous crop residues', 'Leguminous crop residues', 'Leguminous crop residues', NULL, 'text-270620241421', 'h4', NULL, NULL, NULL, 'form-control', NULL, NULL, '1292', NULL, 'Leguminous crop residues', NULL, NULL, NULL, 1421, 0, 1, '2024-10-15 00:00:00', '127.0.0.1', 0),
(1296, 4, 1, 'select', '1', 'Availability - Leguminous crop residues', 'Availability - Leguminous crop residues', 'Availability - Leguminous crop residues', NULL, 'text-270620241422', NULL, NULL, NULL, NULL, 'form-control', NULL, NULL, '845', NULL, 'March', NULL, NULL, NULL, 1422, 0, 1, '2024-07-26 00:00:00', '127.0.0.1', 1),
(1297, 4, 1, 'header', '1', 'Grazing', 'Grazing', 'Grazing', NULL, 'text-270620241423', 'h4', NULL, NULL, NULL, 'form-control', NULL, NULL, '1292', NULL, 'Grazing', NULL, NULL, NULL, 1423, 0, 1, '2024-10-15 00:00:00', '127.0.0.1', 0),
(1298, 4, 1, 'select', '1', 'Availability - Grazing', 'Availability - Grazing', 'Availability - Grazing', NULL, 'text-270620241424', NULL, NULL, NULL, NULL, 'form-control', NULL, NULL, '845', NULL, 'March', NULL, NULL, NULL, 1424, 0, 1, '2024-07-26 00:00:00', '127.0.0.1', 1),
(1299, 4, 1, 'header', '1', 'Concentrates', 'Concentrates', 'Concentrates', NULL, 'text-270620241425', 'h4', NULL, NULL, NULL, 'form-control', NULL, NULL, '1292', NULL, 'Concentrates', NULL, NULL, NULL, 1425, 0, 1, '2024-10-15 00:00:00', '127.0.0.1', 0),
(1300, 4, 1, 'select', '1', 'Availability - Concentrates', 'Availability - Concentrates', 'Availability - Concentrates', NULL, 'text-270620241431', NULL, NULL, NULL, NULL, 'form-control', NULL, NULL, '845', NULL, 'March', NULL, NULL, NULL, 1431, 0, 1, '2024-07-26 00:00:00', '127.0.0.1', 1),
(1301, 4, 1, 'header', '1', 'Green forage (e.g., weeds,)', 'Green forage (e.g., weeds,)', 'Green forage (e.g., weeds,)', NULL, 'text-270620241432', 'h4', NULL, NULL, NULL, 'form-control', NULL, NULL, '1292', NULL, 'Green forage (e.g., weeds,)', NULL, NULL, NULL, 1432, 0, 1, '2024-10-15 00:00:00', '127.0.0.1', 0),
(1302, 4, 1, 'select', '1', 'Availability - Green forage (e.g., weeds,)', 'Availability - Green forage (e.g., weeds,)', 'Availability - Green forage (e.g., weeds,)', NULL, 'text-270620241433', NULL, NULL, NULL, NULL, 'form-control', NULL, NULL, '845', NULL, 'March', NULL, NULL, NULL, 1433, 0, 1, '2024-07-26 00:00:00', '127.0.0.1', 1),
(1303, 4, 1, 'header', '1', 'Other', 'Other', 'Other', NULL, 'text-270620241434', 'h4', NULL, NULL, NULL, 'form-control', NULL, NULL, '1292', NULL, 'Other', NULL, NULL, NULL, 1434, 0, 1, '2024-10-15 00:00:00', '127.0.0.1', 0),
(1304, 4, 1, 'text', '1', 'Other specify', 'Other specify', 'Other specify', NULL, 'text-270620241435', 'text', 250, NULL, NULL, 'form-control', NULL, NULL, '1292', NULL, 'Other', NULL, NULL, NULL, 1435, 0, 1, '2024-07-26 00:00:00', '127.0.0.1', 0),
(1305, 4, 1, 'select', '1', 'Availability - Other', 'Availability - Other', 'Availability - Other', NULL, 'text-270620241436', NULL, NULL, NULL, NULL, 'form-control', NULL, NULL, '845', NULL, 'March', NULL, NULL, NULL, 1436, 0, 1, '2024-07-26 00:00:00', '127.0.0.1', 1),
(1306, 4, 1, 'header', '1', 'April', 'April', 'April', NULL, 'text-270620241441', 'h4', NULL, NULL, NULL, 'form-control', NULL, NULL, '845', NULL, 'April', NULL, NULL, NULL, 1441, 0, 1, '2024-10-22 00:00:00', '127.0.0.1', 1),
(1307, 4, 1, 'select', '1', 'Overall feed availability - April', 'Overall feed availability', 'Overall feed availability', NULL, 'text-270620241442', NULL, NULL, NULL, NULL, 'form-control', NULL, NULL, '845', NULL, 'April', NULL, NULL, NULL, 1442, 0, 1, '2024-07-26 00:00:00', '127.0.0.1', 1),
(1308, 4, 1, 'header', '1', 'Monthly diet composition - April', 'Monthly diet composition - Select a source', 'Monthly diet composition - Select a source', NULL, 'text-270620241443', 'h4', NULL, NULL, NULL, 'form-control', NULL, NULL, '845', NULL, 'April', NULL, NULL, NULL, 1443, 0, 1, '2024-07-26 00:00:00', '127.0.0.1', 1),
(1309, 4, 1, 'header', '1', 'Cereal crop residues', 'Cereal crop residues', 'Cereal crop residues', NULL, 'text-270620241444', 'h4', NULL, NULL, NULL, 'form-control', NULL, NULL, '1308', NULL, 'Cereal crop residues', NULL, NULL, NULL, 1444, 0, 1, '2024-10-15 00:00:00', '127.0.0.1', 0),
(1310, 4, 1, 'select', '1', 'Availability - Cereal crop residues', 'Availability - Cereal crop residues', 'Availability - Cereal crop residues', NULL, 'text-270620241445', NULL, NULL, NULL, NULL, 'form-control', NULL, NULL, '845', NULL, 'April', NULL, NULL, NULL, 1445, 0, 1, '2024-07-26 00:00:00', '127.0.0.1', 1),
(1311, 4, 1, 'header', '1', 'Leguminous crop residues', 'Leguminous crop residues', 'Leguminous crop residues', NULL, 'text-270620241451', 'h4', NULL, NULL, NULL, 'form-control', NULL, NULL, '1308', NULL, 'Leguminous crop residues', NULL, NULL, NULL, 1451, 0, 1, '2024-10-15 00:00:00', '127.0.0.1', 0),
(1312, 4, 1, 'select', '1', 'Availability - Leguminous crop residues', 'Availability - Leguminous crop residues', 'Availability - Leguminous crop residues', NULL, 'text-270620241452', NULL, NULL, NULL, NULL, 'form-control', NULL, NULL, '845', NULL, 'April', NULL, NULL, NULL, 1452, 0, 1, '2024-07-26 00:00:00', '127.0.0.1', 1),
(1313, 4, 1, 'header', '1', 'Grazing', 'Grazing', 'Grazing', NULL, 'text-270620241453', 'h4', NULL, NULL, NULL, 'form-control', NULL, NULL, '1308', NULL, 'Grazing', NULL, NULL, NULL, 1453, 0, 1, '2024-10-15 00:00:00', '127.0.0.1', 0),
(1314, 4, 1, 'select', '1', 'Availability - Grazing', 'Availability - Grazing', 'Availability - Grazing', NULL, 'text-270620241454', NULL, NULL, NULL, NULL, 'form-control', NULL, NULL, '845', NULL, 'April', NULL, NULL, NULL, 1454, 0, 1, '2024-07-26 00:00:00', '127.0.0.1', 1),
(1315, 4, 1, 'header', '1', 'Concentrates', 'Concentrates', 'Concentrates', NULL, 'text-270620241455', 'h4', NULL, NULL, NULL, 'form-control', NULL, NULL, '1308', NULL, 'Concentrates', NULL, NULL, NULL, 1455, 0, 1, '2024-10-15 00:00:00', '127.0.0.1', 0),
(1316, 4, 1, 'select', '1', 'Availability - Concentrates', 'Availability - Concentrates', 'Availability - Concentrates', NULL, 'text-270620241461', NULL, NULL, NULL, NULL, 'form-control', NULL, NULL, '845', NULL, 'April', NULL, NULL, NULL, 1461, 0, 1, '2024-07-26 00:00:00', '127.0.0.1', 1),
(1317, 4, 1, 'header', '1', 'Green forage (e.g., weeds,)', 'Green forage (e.g., weeds,)', 'Green forage (e.g., weeds,)', NULL, 'text-270620241462', 'h4', NULL, NULL, NULL, 'form-control', NULL, NULL, '1308', NULL, 'Green forage (e.g., weeds,)', NULL, NULL, NULL, 1462, 0, 1, '2024-10-15 00:00:00', '127.0.0.1', 0),
(1318, 4, 1, 'select', '1', 'Availability - Green forage (e.g., weeds,)', 'Availability - Green forage (e.g., weeds,)', 'Availability - Green forage (e.g., weeds,)', NULL, 'text-270620241463', NULL, NULL, NULL, NULL, 'form-control', NULL, NULL, '845', NULL, 'April', NULL, NULL, NULL, 1463, 0, 1, '2024-07-26 00:00:00', '127.0.0.1', 1),
(1319, 4, 1, 'header', '1', 'Other', 'Other', 'Other', NULL, 'text-270620241464', 'h4', NULL, NULL, NULL, 'form-control', NULL, NULL, '1308', NULL, 'Other', NULL, NULL, NULL, 1464, 0, 1, '2024-10-15 00:00:00', '127.0.0.1', 0),
(1320, 4, 1, 'text', '1', 'Other specify', 'Other specify', 'Other specify', NULL, 'text-270620241465', 'text', 250, NULL, NULL, 'form-control', NULL, NULL, '1308', NULL, 'Other', NULL, NULL, NULL, 1465, 0, 1, '2024-07-26 00:00:00', '127.0.0.1', 0),
(1321, 4, 1, 'select', '1', 'Availability - Other', 'Availability - Other', 'Availability - Other', NULL, 'text-270620241466', NULL, NULL, NULL, NULL, 'form-control', NULL, NULL, '845', NULL, 'April', NULL, NULL, NULL, 1466, 0, 1, '2024-07-26 00:00:00', '127.0.0.1', 1),
(1322, 4, 1, 'header', '1', 'May', 'May', 'May', NULL, 'text-270620241471', 'h4', NULL, NULL, NULL, 'form-control', NULL, NULL, '845', NULL, 'May', NULL, NULL, NULL, 1471, 0, 1, '2024-10-22 00:00:00', '127.0.0.1', 1),
(1323, 4, 1, 'select', '1', 'Overall feed availability - May', 'Overall feed availability', 'Overall feed availability', NULL, 'text-270620241472', NULL, NULL, NULL, NULL, 'form-control', NULL, NULL, '845', NULL, 'May', NULL, NULL, NULL, 1472, 0, 1, '2024-07-26 00:00:00', '127.0.0.1', 1),
(1324, 4, 1, 'header', '1', 'Monthly diet composition - May', 'Monthly diet composition - Select a source', 'Monthly diet composition - Select a source', NULL, 'text-270620241473', 'h4', NULL, NULL, NULL, 'form-control', NULL, NULL, '845', NULL, 'May', NULL, NULL, NULL, 1473, 0, 1, '2024-07-26 00:00:00', '127.0.0.1', 1),
(1325, 4, 1, 'header', '1', 'Cereal crop residues', 'Cereal crop residues', 'Cereal crop residues', NULL, 'text-270620241474', 'h4', NULL, NULL, NULL, 'form-control', NULL, NULL, '1324', NULL, 'Cereal crop residues', NULL, NULL, NULL, 1474, 0, 1, '2024-10-15 00:00:00', '127.0.0.1', 0),
(1326, 4, 1, 'select', '1', 'Availability - Cereal crop residues', 'Availability - Cereal crop residues', 'Availability - Cereal crop residues', NULL, 'text-270620241475', NULL, NULL, NULL, NULL, 'form-control', NULL, NULL, '845', NULL, 'May', NULL, NULL, NULL, 1475, 0, 1, '2024-07-26 00:00:00', '127.0.0.1', 1),
(1327, 4, 1, 'header', '1', 'Leguminous crop residues', 'Leguminous crop residues', 'Leguminous crop residues', NULL, 'text-270620241481', 'h4', NULL, NULL, NULL, 'form-control', NULL, NULL, '1324', NULL, 'Leguminous crop residues', NULL, NULL, NULL, 1481, 0, 1, '2024-10-15 00:00:00', '127.0.0.1', 0),
(1328, 4, 1, 'select', '1', 'Availability - Leguminous crop residues', 'Availability - Leguminous crop residues', 'Availability - Leguminous crop residues', NULL, 'text-270620241482', NULL, NULL, NULL, NULL, 'form-control', NULL, NULL, '845', NULL, 'May', NULL, NULL, NULL, 1482, 0, 1, '2024-07-26 00:00:00', '127.0.0.1', 1),
(1329, 4, 1, 'header', '1', 'Grazing', 'Grazing', 'Grazing', NULL, 'text-270620241483', 'h4', NULL, NULL, NULL, 'form-control', NULL, NULL, '1324', NULL, 'Grazing', NULL, NULL, NULL, 1483, 0, 1, '2024-10-15 00:00:00', '127.0.0.1', 0),
(1330, 4, 1, 'select', '1', 'Availability - Grazing', 'Availability - Grazing', 'Availability - Grazing', NULL, 'text-270620241484', NULL, NULL, NULL, NULL, 'form-control', NULL, NULL, '845', NULL, 'May', NULL, NULL, NULL, 1484, 0, 1, '2024-07-26 00:00:00', '127.0.0.1', 1),
(1331, 4, 1, 'header', '1', 'Concentrates', 'Concentrates', 'Concentrates', NULL, 'text-270620241485', 'h4', NULL, NULL, NULL, 'form-control', NULL, NULL, '1324', NULL, 'Concentrates', NULL, NULL, NULL, 1485, 0, 1, '2024-10-15 00:00:00', '127.0.0.1', 0),
(1332, 4, 1, 'select', '1', 'Availability - Concentrates', 'Availability - Concentrates', 'Availability - Concentrates', NULL, 'text-270620241491', NULL, NULL, NULL, NULL, 'form-control', NULL, NULL, '845', NULL, 'May', NULL, NULL, NULL, 1491, 0, 1, '2024-07-26 00:00:00', '127.0.0.1', 1),
(1333, 4, 1, 'header', '1', 'Green forage (e.g., weeds,)', 'Green forage (e.g., weeds,)', 'Green forage (e.g., weeds,)', NULL, 'text-270620241492', 'h4', NULL, NULL, NULL, 'form-control', NULL, NULL, '1324', NULL, 'Green forage (e.g., weeds,)', NULL, NULL, NULL, 1492, 0, 1, '2024-10-15 00:00:00', '127.0.0.1', 0),
(1334, 4, 1, 'select', '1', 'Availability - Green forage (e.g., weeds,)', 'Availability - Green forage (e.g., weeds,)', 'Availability - Green forage (e.g., weeds,)', NULL, 'text-270620241493', NULL, NULL, NULL, NULL, 'form-control', NULL, NULL, '845', NULL, 'May', NULL, NULL, NULL, 1493, 0, 1, '2024-07-26 00:00:00', '127.0.0.1', 1),
(1335, 4, 1, 'header', '1', 'Other', 'Other', 'Other', NULL, 'text-270620241494', 'h4', NULL, NULL, NULL, 'form-control', NULL, NULL, '1324', NULL, 'Other', NULL, NULL, NULL, 1494, 0, 1, '2024-10-15 00:00:00', '127.0.0.1', 0),
(1336, 4, 1, 'text', '1', 'Other specify', 'Other specify', 'Other specify', NULL, 'text-270620241495', 'text', 250, NULL, NULL, 'form-control', NULL, NULL, '1324', NULL, 'Other', NULL, NULL, NULL, 1495, 0, 1, '2024-07-26 00:00:00', '127.0.0.1', 0),
(1337, 4, 1, 'select', '1', 'Availability - Other', 'Availability - Other', 'Availability - Other', NULL, 'text-270620241496', NULL, NULL, NULL, NULL, 'form-control', NULL, NULL, '845', NULL, 'May', NULL, NULL, NULL, 1496, 0, 1, '2024-07-26 00:00:00', '127.0.0.1', 1),
(1338, 4, 1, 'header', '1', 'June', 'June', 'June', NULL, 'text-2706202414711', 'h4', NULL, NULL, NULL, 'form-control', NULL, NULL, '845', NULL, 'June', NULL, NULL, NULL, 1511, 0, 1, '2024-10-22 00:00:00', '127.0.0.1', 1),
(1339, 4, 1, 'select', '1', 'Overall feed availability - June', 'Overall feed availability', 'Overall feed availability', NULL, 'text-2706202414722', NULL, NULL, NULL, NULL, 'form-control', NULL, NULL, '845', NULL, 'June', NULL, NULL, NULL, 1512, 0, 1, '2024-07-26 00:00:00', '127.0.0.1', 1);
INSERT INTO `form_field` (`field_id`, `form_id`, `fieldvalue_set`, `type`, `required`, `label`, `label_hindi`, `label_odiya`, `description`, `name`, `subtype`, `maxlength`, `min_val`, `max_val`, `className`, `inline`, `multiple`, `parent_id`, `parent_relation`, `parent_value`, `parent_multiple_value`, `child_id`, `field_count`, `slno`, `filter`, `added_by`, `added_datetime`, `ip_address`, `status`) VALUES
(1340, 4, 1, 'header', '1', 'Monthly diet composition - June', 'Monthly diet composition - Select a source', 'Monthly diet composition - Select a source', NULL, 'text-2706202414733', 'h4', NULL, NULL, NULL, 'form-control', NULL, NULL, '845', NULL, 'June', NULL, NULL, NULL, 1513, 0, 1, '2024-07-26 00:00:00', '127.0.0.1', 1),
(1341, 4, 1, 'header', '1', 'Cereal crop residues', 'Cereal crop residues', 'Cereal crop residues', NULL, 'text-2706202414744', 'h4', NULL, NULL, NULL, 'form-control', NULL, NULL, '1340', NULL, 'Cereal crop residues', NULL, NULL, NULL, 1514, 0, 1, '2024-10-15 00:00:00', '127.0.0.1', 0),
(1342, 4, 1, 'select', '1', 'Availability - Cereal crop residues', 'Availability - Cereal crop residues', 'Availability - Cereal crop residues', NULL, 'text-2706202414755', NULL, NULL, NULL, NULL, 'form-control', NULL, NULL, '845', NULL, 'June', NULL, NULL, NULL, 1515, 0, 1, '2024-07-26 00:00:00', '127.0.0.1', 1),
(1343, 4, 1, 'header', '1', 'Leguminous crop residues', 'Leguminous crop residues', 'Leguminous crop residues', NULL, 'text-2706202414816', 'h4', NULL, NULL, NULL, 'form-control', NULL, NULL, '1340', NULL, 'Leguminous crop residues', NULL, NULL, NULL, 1521, 0, 1, '2024-10-15 00:00:00', '127.0.0.1', 0),
(1344, 4, 1, 'select', '1', 'Availability - Leguminous crop residues', 'Availability - Leguminous crop residues', 'Availability - Leguminous crop residues', NULL, 'text-2706202414827', NULL, NULL, NULL, NULL, 'form-control', NULL, NULL, '845', NULL, 'June', NULL, NULL, NULL, 1522, 0, 1, '2024-07-26 00:00:00', '127.0.0.1', 1),
(1345, 4, 1, 'header', '1', 'Grazing', 'Grazing', 'Grazing', NULL, 'text-2706202414838', 'h4', NULL, NULL, NULL, 'form-control', NULL, NULL, '1340', NULL, 'Grazing', NULL, NULL, NULL, 1523, 0, 1, '2024-10-15 00:00:00', '127.0.0.1', 0),
(1346, 4, 1, 'select', '1', 'Availability - Grazing', 'Availability - Grazing', 'Availability - Grazing', NULL, 'text-2706202414849', NULL, NULL, NULL, NULL, 'form-control', NULL, NULL, '845', NULL, 'June', NULL, NULL, NULL, 1524, 0, 1, '2024-07-26 00:00:00', '127.0.0.1', 1),
(1347, 4, 1, 'header', '1', 'Concentrates', 'Concentrates', 'Concentrates', NULL, 'text-2706202414851', 'h4', NULL, NULL, NULL, 'form-control', NULL, NULL, '1340', NULL, 'Concentrates', NULL, NULL, NULL, 1525, 0, 1, '2024-10-15 00:00:00', '127.0.0.1', 0),
(1348, 4, 1, 'select', '1', 'Availability - Concentrates', 'Availability - Concentrates', 'Availability - Concentrates', NULL, 'text-2706202414912', NULL, NULL, NULL, NULL, 'form-control', NULL, NULL, '845', NULL, 'June', NULL, NULL, NULL, 1531, 0, 1, '2024-07-26 00:00:00', '127.0.0.1', 1),
(1349, 4, 1, 'header', '1', 'Green forage (e.g., weeds,)', 'Green forage (e.g., weeds,)', 'Green forage (e.g., weeds,)', NULL, 'text-2706202414923', 'h4', NULL, NULL, NULL, 'form-control', NULL, NULL, '1340', NULL, 'Green forage (e.g., weeds,)', NULL, NULL, NULL, 1532, 0, 1, '2024-10-15 00:00:00', '127.0.0.1', 0),
(1350, 4, 1, 'select', '1', 'Availability - Green forage (e.g., weeds,)', 'Availability - Green forage (e.g., weeds,)', 'Availability - Green forage (e.g., weeds,)', NULL, 'text-2706202414934', NULL, NULL, NULL, NULL, 'form-control', NULL, NULL, '845', NULL, 'June', NULL, NULL, NULL, 1533, 0, 1, '2024-07-26 00:00:00', '127.0.0.1', 1),
(1351, 4, 1, 'header', '1', 'Other', 'Other', 'Other', NULL, 'text-2706202414945', 'h4', NULL, NULL, NULL, 'form-control', NULL, NULL, '1340', NULL, 'Other', NULL, NULL, NULL, 1534, 0, 1, '2024-10-15 00:00:00', '127.0.0.1', 0),
(1352, 4, 1, 'text', '1', 'Other specify', 'Other specify', 'Other specify', NULL, 'text-2706202414956', 'text', 250, NULL, NULL, 'form-control', NULL, NULL, '1340', NULL, 'Other', NULL, NULL, NULL, 1535, 0, 1, '2024-07-26 00:00:00', '127.0.0.1', 0),
(1353, 4, 1, 'select', '1', 'Availability - Other', 'Availability - Other', 'Availability - Other', NULL, 'text-2706202414967', NULL, NULL, NULL, NULL, 'form-control', NULL, NULL, '845', NULL, 'June', NULL, NULL, NULL, 1536, 0, 1, '2024-07-26 00:00:00', '127.0.0.1', 1),
(1354, 4, 1, 'header', '1', 'July', 'July', 'July', NULL, 'text-270620241541', 'h4', NULL, NULL, NULL, 'form-control', NULL, NULL, '845', NULL, 'July', NULL, NULL, NULL, 1541, 0, 1, '2024-10-22 00:00:00', '127.0.0.1', 1),
(1355, 4, 1, 'select', '1', 'Overall feed availability - July', 'Overall feed availability', 'Overall feed availability', NULL, 'text-270620241542', NULL, NULL, NULL, NULL, 'form-control', NULL, NULL, '845', NULL, 'July', NULL, NULL, NULL, 1542, 0, 1, '2024-07-26 00:00:00', '127.0.0.1', 1),
(1356, 4, 1, 'header', '1', 'Monthly diet composition - July', 'Monthly diet composition - Select a source', 'Monthly diet composition - Select a source', NULL, 'text-270620241543', 'h4', NULL, NULL, NULL, 'form-control', NULL, NULL, '845', NULL, 'July', NULL, NULL, NULL, 1543, 0, 1, '2024-07-26 00:00:00', '127.0.0.1', 1),
(1357, 4, 1, 'header', '1', 'Cereal crop residues', 'Cereal crop residues', 'Cereal crop residues', NULL, 'text-270620241544', 'h4', NULL, NULL, NULL, 'form-control', NULL, NULL, '1356', NULL, 'Cereal crop residues', NULL, NULL, NULL, 1544, 0, 1, '2024-10-15 00:00:00', '127.0.0.1', 0),
(1358, 4, 1, 'select', '1', 'Availability - Cereal crop residues', 'Availability - Cereal crop residues', 'Availability - Cereal crop residues', NULL, 'text-270620241545', NULL, NULL, NULL, NULL, 'form-control', NULL, NULL, '845', NULL, 'July', NULL, NULL, NULL, 1545, 0, 1, '2024-07-26 00:00:00', '127.0.0.1', 1),
(1359, 4, 1, 'header', '1', 'Leguminous crop residues', 'Leguminous crop residues', 'Leguminous crop residues', NULL, 'text-270620241551', 'h4', NULL, NULL, NULL, 'form-control', NULL, NULL, '1356', NULL, 'Leguminous crop residues', NULL, NULL, NULL, 1551, 0, 1, '2024-10-15 00:00:00', '127.0.0.1', 0),
(1360, 4, 1, 'select', '1', 'Availability - Leguminous crop residues', 'Availability - Leguminous crop residues', 'Availability - Leguminous crop residues', NULL, 'text-270620241552', NULL, NULL, NULL, NULL, 'form-control', NULL, NULL, '845', NULL, 'July', NULL, NULL, NULL, 1552, 0, 1, '2024-07-26 00:00:00', '127.0.0.1', 1),
(1361, 4, 1, 'header', '1', 'Grazing', 'Grazing', 'Grazing', NULL, 'text-270620241553', 'h4', NULL, NULL, NULL, 'form-control', NULL, NULL, '1356', NULL, 'Grazing', NULL, NULL, NULL, 1553, 0, 1, '2024-10-15 00:00:00', '127.0.0.1', 0),
(1362, 4, 1, 'select', '1', 'Availability - Grazing', 'Availability - Grazing', 'Availability - Grazing', NULL, 'text-270620241554', NULL, NULL, NULL, NULL, 'form-control', NULL, NULL, '845', NULL, 'July', NULL, NULL, NULL, 1554, 0, 1, '2024-07-26 00:00:00', '127.0.0.1', 1),
(1363, 4, 1, 'header', '1', 'Concentrates', 'Concentrates', 'Concentrates', NULL, 'text-270620241555', 'h4', NULL, NULL, NULL, 'form-control', NULL, NULL, '1356', NULL, 'Concentrates', NULL, NULL, NULL, 1555, 0, 1, '2024-10-15 00:00:00', '127.0.0.1', 0),
(1364, 4, 1, 'select', '1', 'Availability - Concentrates', 'Availability - Concentrates', 'Availability - Concentrates', NULL, 'text-270620241561', NULL, NULL, NULL, NULL, 'form-control', NULL, NULL, '845', NULL, 'July', NULL, NULL, NULL, 1561, 0, 1, '2024-07-26 00:00:00', '127.0.0.1', 1),
(1365, 4, 1, 'header', '1', 'Green forage (e.g., weeds,)', 'Green forage (e.g., weeds,)', 'Green forage (e.g., weeds,)', NULL, 'text-270620241562', 'h4', NULL, NULL, NULL, 'form-control', NULL, NULL, '1356', NULL, 'Green forage (e.g., weeds,)', NULL, NULL, NULL, 1562, 0, 1, '2024-10-15 00:00:00', '127.0.0.1', 0),
(1366, 4, 1, 'select', '1', 'Availability - Green forage (e.g., weeds,)', 'Availability - Green forage (e.g., weeds,)', 'Availability - Green forage (e.g., weeds,)', NULL, 'text-270620241563', NULL, NULL, NULL, NULL, 'form-control', NULL, NULL, '845', NULL, 'July', NULL, NULL, NULL, 1563, 0, 1, '2024-07-26 00:00:00', '127.0.0.1', 1),
(1367, 4, 1, 'header', '1', 'Other', 'Other', 'Other', NULL, 'text-270620241564', 'h4', NULL, NULL, NULL, 'form-control', NULL, NULL, '1356', NULL, 'Other', NULL, NULL, NULL, 1564, 0, 1, '2024-10-15 00:00:00', '127.0.0.1', 0),
(1368, 4, 1, 'text', '1', 'Other specify', 'Other specify', 'Other specify', NULL, 'text-270620241565', 'text', 250, NULL, NULL, 'form-control', NULL, NULL, '1356', NULL, 'Other', NULL, NULL, NULL, 1565, 0, 1, '2024-07-26 00:00:00', '127.0.0.1', 0),
(1369, 4, 1, 'select', '1', 'Availability - Other', 'Availability - Other', 'Availability - Other', NULL, 'text-270620241566', NULL, NULL, NULL, NULL, 'form-control', NULL, NULL, '845', NULL, 'July', NULL, NULL, NULL, 1566, 0, 1, '2024-07-26 00:00:00', '127.0.0.1', 1),
(1370, 4, 1, 'header', '1', 'August', 'August', 'August', NULL, 'text-270620241571', 'h4', NULL, NULL, NULL, 'form-control', NULL, NULL, '845', NULL, 'August', NULL, NULL, NULL, 1571, 0, 1, '2024-10-22 00:00:00', '127.0.0.1', 1),
(1371, 4, 1, 'select', '1', 'Overall feed availability - August', 'Overall feed availability', 'Overall feed availability', NULL, 'text-270620241572', NULL, NULL, NULL, NULL, 'form-control', NULL, NULL, '845', NULL, 'August', NULL, NULL, NULL, 1572, 0, 1, '2024-07-26 00:00:00', '127.0.0.1', 1),
(1372, 4, 1, 'header', '1', 'Monthly diet composition - August', 'Monthly diet composition - Select a source', 'Monthly diet composition - Select a source', NULL, 'text-270620241573', 'h4', NULL, NULL, NULL, 'form-control', NULL, NULL, '845', NULL, 'August', NULL, NULL, NULL, 1573, 0, 1, '2024-07-26 00:00:00', '127.0.0.1', 1),
(1373, 4, 1, 'header', '1', 'Cereal crop residues', 'Cereal crop residues', 'Cereal crop residues', NULL, 'text-270620241574', 'h4', NULL, NULL, NULL, 'form-control', NULL, NULL, '1372', NULL, 'Cereal crop residues', NULL, NULL, NULL, 1574, 0, 1, '2024-10-15 00:00:00', '127.0.0.1', 0),
(1374, 4, 1, 'select', '1', 'Availability - Cereal crop residues', 'Availability - Cereal crop residues', 'Availability - Cereal crop residues', NULL, 'text-270620241575', NULL, NULL, NULL, NULL, 'form-control', NULL, NULL, '845', NULL, 'August', NULL, NULL, NULL, 1575, 0, 1, '2024-07-26 00:00:00', '127.0.0.1', 1),
(1375, 4, 1, 'header', '1', 'Leguminous crop residues', 'Leguminous crop residues', 'Leguminous crop residues', NULL, 'text-270620241581', 'h4', NULL, NULL, NULL, 'form-control', NULL, NULL, '1372', NULL, 'Leguminous crop residues', NULL, NULL, NULL, 1581, 0, 1, '2024-10-15 00:00:00', '127.0.0.1', 0),
(1376, 4, 1, 'select', '1', 'Availability - Leguminous crop residues', 'Availability - Leguminous crop residues', 'Availability - Leguminous crop residues', NULL, 'text-270620241582', NULL, NULL, NULL, NULL, 'form-control', NULL, NULL, '845', NULL, 'August', NULL, NULL, NULL, 1582, 0, 1, '2024-07-26 00:00:00', '127.0.0.1', 1),
(1377, 4, 1, 'header', '1', 'Grazing', 'Grazing', 'Grazing', NULL, 'text-270620241583', 'h4', NULL, NULL, NULL, 'form-control', NULL, NULL, '1372', NULL, 'Grazing', NULL, NULL, NULL, 1583, 0, 1, '2024-10-15 00:00:00', '127.0.0.1', 0),
(1378, 4, 1, 'select', '1', 'Availability - Grazing', 'Availability - Grazing', 'Availability - Grazing', NULL, 'text-270620241584', NULL, NULL, NULL, NULL, 'form-control', NULL, NULL, '845', NULL, 'August', NULL, NULL, NULL, 1584, 0, 1, '2024-07-26 00:00:00', '127.0.0.1', 1),
(1379, 4, 1, 'header', '1', 'Concentrates', 'Concentrates', 'Concentrates', NULL, 'text-270620241585', 'h4', NULL, NULL, NULL, 'form-control', NULL, NULL, '1372', NULL, 'Concentrates', NULL, NULL, NULL, 1585, 0, 1, '2024-10-15 00:00:00', '127.0.0.1', 0),
(1380, 4, 1, 'select', '1', 'Availability - Concentrates', 'Availability - Concentrates', 'Availability - Concentrates', NULL, 'text-270620241591', NULL, NULL, NULL, NULL, 'form-control', NULL, NULL, '845', NULL, 'August', NULL, NULL, NULL, 1591, 0, 1, '2024-07-26 00:00:00', '127.0.0.1', 1),
(1381, 4, 1, 'header', '1', 'Green forage (e.g., weeds,)', 'Green forage (e.g., weeds,)', 'Green forage (e.g., weeds,)', NULL, 'text-270620241592', 'h4', NULL, NULL, NULL, 'form-control', NULL, NULL, '1372', NULL, 'Green forage (e.g., weeds,)', NULL, NULL, NULL, 1592, 0, 1, '2024-10-15 00:00:00', '127.0.0.1', 0),
(1382, 4, 1, 'select', '1', 'Availability - Green forage (e.g., weeds,)', 'Availability - Green forage (e.g., weeds,)', 'Availability - Green forage (e.g., weeds,)', NULL, 'text-270620241593', NULL, NULL, NULL, NULL, 'form-control', NULL, NULL, '845', NULL, 'August', NULL, NULL, NULL, 1593, 0, 1, '2024-07-26 00:00:00', '127.0.0.1', 1),
(1383, 4, 1, 'header', '1', 'Other', 'Other', 'Other', NULL, 'text-270620241594', 'h4', NULL, NULL, NULL, 'form-control', NULL, NULL, '1372', NULL, 'Other', NULL, NULL, NULL, 1594, 0, 1, '2024-10-15 00:00:00', '127.0.0.1', 0),
(1384, 4, 1, 'text', '1', 'Other specify', 'Other specify', 'Other specify', NULL, 'text-270620241595', 'text', 250, NULL, NULL, 'form-control', NULL, NULL, '1372', NULL, 'Other', NULL, NULL, NULL, 1595, 0, 1, '2024-07-26 00:00:00', '127.0.0.1', 0),
(1385, 4, 1, 'select', '1', 'Availability - Other', 'Availability - Other', 'Availability - Other', NULL, 'text-270620241596', NULL, NULL, NULL, NULL, 'form-control', NULL, NULL, '845', NULL, 'August', NULL, NULL, NULL, 1596, 0, 1, '2024-07-26 00:00:00', '127.0.0.1', 1),
(1386, 4, 1, 'header', '1', 'September', 'September', 'September', NULL, 'text-270620241611', 'h4', NULL, NULL, NULL, 'form-control', NULL, NULL, '845', NULL, 'September', NULL, NULL, NULL, 1611, 0, 1, '2024-10-22 00:00:00', '127.0.0.1', 1),
(1387, 4, 1, 'select', '1', 'Overall feed availability - September', 'Overall feed availability', 'Overall feed availability', NULL, 'text-270620241612', NULL, NULL, NULL, NULL, 'form-control', NULL, NULL, '845', NULL, 'September', NULL, NULL, NULL, 1612, 0, 1, '2024-07-26 00:00:00', '127.0.0.1', 1),
(1388, 4, 1, 'header', '1', 'Monthly diet composition - September', 'Monthly diet composition - Select a source', 'Monthly diet composition - Select a source', NULL, 'text-270620241613', 'h4', NULL, NULL, NULL, 'form-control', NULL, NULL, '845', NULL, 'September', NULL, NULL, NULL, 1613, 0, 1, '2024-07-26 00:00:00', '127.0.0.1', 1),
(1389, 4, 1, 'header', '1', 'Cereal crop residues', 'Cereal crop residues', 'Cereal crop residues', NULL, 'text-270620241614', 'h4', NULL, NULL, NULL, 'form-control', NULL, NULL, '1388', NULL, 'Cereal crop residues', NULL, NULL, NULL, 1614, 0, 1, '2024-10-15 00:00:00', '127.0.0.1', 0),
(1390, 4, 1, 'select', '1', 'Availability - Cereal crop residues', 'Availability - Cereal crop residues', 'Availability - Cereal crop residues', NULL, 'text-270620241615', NULL, NULL, NULL, NULL, 'form-control', NULL, NULL, '845', NULL, 'September', NULL, NULL, NULL, 1615, 0, 1, '2024-07-26 00:00:00', '127.0.0.1', 1),
(1391, 4, 1, 'header', '1', 'Leguminous crop residues', 'Leguminous crop residues', 'Leguminous crop residues', NULL, 'text-270620241621', 'h4', NULL, NULL, NULL, 'form-control', NULL, NULL, '1388', NULL, 'Leguminous crop residues', NULL, NULL, NULL, 1621, 0, 1, '2024-10-15 00:00:00', '127.0.0.1', 0),
(1392, 4, 1, 'select', '1', 'Availability - Leguminous crop residues', 'Availability - Leguminous crop residues', 'Availability - Leguminous crop residues', NULL, 'text-270620241622', NULL, NULL, NULL, NULL, 'form-control', NULL, NULL, '845', NULL, 'September', NULL, NULL, NULL, 1622, 0, 1, '2024-07-26 00:00:00', '127.0.0.1', 1),
(1393, 4, 1, 'header', '1', 'Grazing', 'Grazing', 'Grazing', NULL, 'text-270620241623', 'h4', NULL, NULL, NULL, 'form-control', NULL, NULL, '1388', NULL, 'Grazing', NULL, NULL, NULL, 1623, 0, 1, '2024-10-15 00:00:00', '127.0.0.1', 0),
(1394, 4, 1, 'select', '1', 'Availability - Grazing', 'Availability - Grazing', 'Availability - Grazing', NULL, 'text-270620241624', NULL, NULL, NULL, NULL, 'form-control', NULL, NULL, '845', NULL, 'September', NULL, NULL, NULL, 1624, 0, 1, '2024-07-26 00:00:00', '127.0.0.1', 1),
(1395, 4, 1, 'header', '1', 'Concentrates', 'Concentrates', 'Concentrates', NULL, 'text-270620241625', 'h4', NULL, NULL, NULL, 'form-control', NULL, NULL, '1388', NULL, 'Concentrates', NULL, NULL, NULL, 1625, 0, 1, '2024-10-15 00:00:00', '127.0.0.1', 0),
(1396, 4, 1, 'select', '1', 'Availability - Concentrates', 'Availability - Concentrates', 'Availability - Concentrates', NULL, 'text-270620241631', NULL, NULL, NULL, NULL, 'form-control', NULL, NULL, '845', NULL, 'September', NULL, NULL, NULL, 1631, 0, 1, '2024-07-26 00:00:00', '127.0.0.1', 1),
(1397, 4, 1, 'header', '1', 'Green forage (e.g., weeds,)', 'Green forage (e.g., weeds,)', 'Green forage (e.g., weeds,)', NULL, 'text-270620241632', 'h4', NULL, NULL, NULL, 'form-control', NULL, NULL, '1388', NULL, 'Green forage (e.g., weeds,)', NULL, NULL, NULL, 1632, 0, 1, '2024-10-15 00:00:00', '127.0.0.1', 0),
(1398, 4, 1, 'select', '1', 'Availability - Green forage (e.g., weeds,)', 'Availability - Green forage (e.g., weeds,)', 'Availability - Green forage (e.g., weeds,)', NULL, 'text-270620241633', NULL, NULL, NULL, NULL, 'form-control', NULL, NULL, '845', NULL, 'September', NULL, NULL, NULL, 1633, 0, 1, '2024-07-26 00:00:00', '127.0.0.1', 1),
(1399, 4, 1, 'header', '1', 'Other', 'Other', 'Other', NULL, 'text-270620241634', 'h4', NULL, NULL, NULL, 'form-control', NULL, NULL, '1388', NULL, 'Other', NULL, NULL, NULL, 1634, 0, 1, '2024-10-15 00:00:00', '127.0.0.1', 0),
(1400, 4, 1, 'text', '1', 'Other specify', 'Other specify', 'Other specify', NULL, 'text-270620241635', 'text', 250, NULL, NULL, 'form-control', NULL, NULL, '1388', NULL, 'Other', NULL, NULL, NULL, 1635, 0, 1, '2024-07-26 00:00:00', '127.0.0.1', 0),
(1401, 4, 1, 'select', '1', 'Availability - Other', 'Availability - Other', 'Availability - Other', NULL, 'text-270620241636', NULL, NULL, NULL, NULL, 'form-control', NULL, NULL, '845', NULL, 'September', NULL, NULL, NULL, 1636, 0, 1, '2024-07-26 00:00:00', '127.0.0.1', 1),
(1402, 4, 1, 'header', '1', 'October', 'October', 'October', NULL, 'text-270620241641', 'h4', NULL, NULL, NULL, 'form-control', NULL, NULL, '845', NULL, 'October', NULL, NULL, NULL, 1641, 0, 1, '2024-10-22 00:00:00', '127.0.0.1', 1),
(1403, 4, 1, 'select', '1', 'Overall feed availability - October', 'Overall feed availability', 'Overall feed availability', NULL, 'text-270620241642', NULL, NULL, NULL, NULL, 'form-control', NULL, NULL, '845', NULL, 'October', NULL, NULL, NULL, 1642, 0, 1, '2024-07-26 00:00:00', '127.0.0.1', 1),
(1404, 4, 1, 'header', '1', 'Monthly diet composition - October', 'Monthly diet composition - Select a source', 'Monthly diet composition - Select a source', NULL, 'text-270620241643', 'h4', NULL, NULL, NULL, 'form-control', NULL, NULL, '845', NULL, 'October', NULL, NULL, NULL, 1643, 0, 1, '2024-07-26 00:00:00', '127.0.0.1', 1),
(1405, 4, 1, 'header', '1', 'Cereal crop residues', 'Cereal crop residues', 'Cereal crop residues', NULL, 'text-270620241644', 'h4', NULL, NULL, NULL, 'form-control', NULL, NULL, '1404', NULL, 'Cereal crop residues', NULL, NULL, NULL, 1644, 0, 1, '2024-10-15 00:00:00', '127.0.0.1', 0),
(1406, 4, 1, 'select', '1', 'Availability - Cereal crop residues', 'Availability - Cereal crop residues', 'Availability - Cereal crop residues', NULL, 'text-270620241645', NULL, NULL, NULL, NULL, 'form-control', NULL, NULL, '845', NULL, 'October', NULL, NULL, NULL, 1645, 0, 1, '2024-07-26 00:00:00', '127.0.0.1', 1),
(1407, 4, 1, 'header', '1', 'Leguminous crop residues', 'Leguminous crop residues', 'Leguminous crop residues', NULL, 'text-270620241651', 'h4', NULL, NULL, NULL, 'form-control', NULL, NULL, '1404', NULL, 'Leguminous crop residues', NULL, NULL, NULL, 1651, 0, 1, '2024-10-15 00:00:00', '127.0.0.1', 0),
(1408, 4, 1, 'select', '1', 'Availability - Leguminous crop residues', 'Availability - Leguminous crop residues', 'Availability - Leguminous crop residues', NULL, 'text-270620241652', NULL, NULL, NULL, NULL, 'form-control', NULL, NULL, '845', NULL, 'October', NULL, NULL, NULL, 1652, 0, 1, '2024-07-26 00:00:00', '127.0.0.1', 1),
(1409, 4, 1, 'header', '1', 'Grazing', 'Grazing', 'Grazing', NULL, 'text-270620241653', 'h4', NULL, NULL, NULL, 'form-control', NULL, NULL, '1404', NULL, 'Grazing', NULL, NULL, NULL, 1653, 0, 1, '2024-10-15 00:00:00', '127.0.0.1', 0),
(1410, 4, 1, 'select', '1', 'Availability - Grazing', 'Availability - Grazing', 'Availability - Grazing', NULL, 'text-270620241654', NULL, NULL, NULL, NULL, 'form-control', NULL, NULL, '845', NULL, 'October', NULL, NULL, NULL, 1654, 0, 1, '2024-07-26 00:00:00', '127.0.0.1', 1),
(1411, 4, 1, 'header', '1', 'Concentrates', 'Concentrates', 'Concentrates', NULL, 'text-270620241655', 'h4', NULL, NULL, NULL, 'form-control', NULL, NULL, '1404', NULL, 'Concentrates', NULL, NULL, NULL, 1655, 0, 1, '2024-10-15 00:00:00', '127.0.0.1', 0),
(1412, 4, 1, 'select', '1', 'Availability - Concentrates', 'Availability - Concentrates', 'Availability - Concentrates', NULL, 'text-270620241661', NULL, NULL, NULL, NULL, 'form-control', NULL, NULL, '845', NULL, 'October', NULL, NULL, NULL, 1661, 0, 1, '2024-07-26 00:00:00', '127.0.0.1', 1),
(1413, 4, 1, 'header', '1', 'Green forage (e.g., weeds,)', 'Green forage (e.g., weeds,)', 'Green forage (e.g., weeds,)', NULL, 'text-270620241662', 'h4', NULL, NULL, NULL, 'form-control', NULL, NULL, '1404', NULL, 'Green forage (e.g., weeds,)', NULL, NULL, NULL, 1662, 0, 1, '2024-10-15 00:00:00', '127.0.0.1', 0),
(1414, 4, 1, 'select', '1', 'Availability - Green forage (e.g., weeds,)', 'Availability - Green forage (e.g., weeds,)', 'Availability - Green forage (e.g., weeds,)', NULL, 'text-270620241663', NULL, NULL, NULL, NULL, 'form-control', NULL, NULL, '845', NULL, 'October', NULL, NULL, NULL, 1663, 0, 1, '2024-07-26 00:00:00', '127.0.0.1', 1),
(1415, 4, 1, 'header', '1', 'Other', 'Other', 'Other', NULL, 'text-270620241664', 'h4', NULL, NULL, NULL, 'form-control', NULL, NULL, '1404', NULL, 'Other', NULL, NULL, NULL, 1664, 0, 1, '2024-10-15 00:00:00', '127.0.0.1', 0),
(1416, 4, 1, 'text', '1', 'Other specify', 'Other specify', 'Other specify', NULL, 'text-270620241665', 'text', 250, NULL, NULL, 'form-control', NULL, NULL, '1404', NULL, 'Other', NULL, NULL, NULL, 1665, 0, 1, '2024-07-26 00:00:00', '127.0.0.1', 0),
(1417, 4, 1, 'select', '1', 'Availability - Other', 'Availability - Other', 'Availability - Other', NULL, 'text-270620241666', NULL, NULL, NULL, NULL, 'form-control', NULL, NULL, '845', NULL, 'October', NULL, NULL, NULL, 1666, 0, 1, '2024-07-26 00:00:00', '127.0.0.1', 1),
(1418, 4, 1, 'header', '1', 'November', 'November', 'November', NULL, 'text-270620241671', 'h4', NULL, NULL, NULL, 'form-control', NULL, NULL, '845', NULL, 'November', NULL, NULL, NULL, 1671, 0, 1, '2024-10-22 00:00:00', '127.0.0.1', 1),
(1419, 4, 1, 'select', '1', 'Overall feed availability - November', 'Overall feed availability', 'Overall feed availability', NULL, 'text-270620241672', NULL, NULL, NULL, NULL, 'form-control', NULL, NULL, '845', NULL, 'November', NULL, NULL, NULL, 1672, 0, 1, '2024-07-26 00:00:00', '127.0.0.1', 1),
(1420, 4, 1, 'header', '1', 'Monthly diet composition - November', 'Monthly diet composition - Select a source', 'Monthly diet composition - Select a source', NULL, 'text-270620241673', 'h4', NULL, NULL, NULL, 'form-control', NULL, NULL, '845', NULL, 'November', NULL, NULL, NULL, 1673, 0, 1, '2024-07-26 00:00:00', '127.0.0.1', 1),
(1421, 4, 1, 'header', '1', 'Cereal crop residues', 'Cereal crop residues', 'Cereal crop residues', NULL, 'text-270620241674', 'h4', NULL, NULL, NULL, 'form-control', NULL, NULL, '1420', NULL, 'Cereal crop residues', NULL, NULL, NULL, 1674, 0, 1, '2024-10-15 00:00:00', '127.0.0.1', 0),
(1422, 4, 1, 'select', '1', 'Availability - Cereal crop residues', 'Availability - Cereal crop residues', 'Availability - Cereal crop residues', NULL, 'text-270620241675', NULL, NULL, NULL, NULL, 'form-control', NULL, NULL, '845', NULL, 'November', NULL, NULL, NULL, 1675, 0, 1, '2024-07-26 00:00:00', '127.0.0.1', 1),
(1423, 4, 1, 'header', '1', 'Leguminous crop residues', 'Leguminous crop residues', 'Leguminous crop residues', NULL, 'text-270620241681', 'h4', NULL, NULL, NULL, 'form-control', NULL, NULL, '1420', NULL, 'Leguminous crop residues', NULL, NULL, NULL, 1681, 0, 1, '2024-10-15 00:00:00', '127.0.0.1', 0),
(1424, 4, 1, 'select', '1', 'Availability - Leguminous crop residues', 'Availability - Leguminous crop residues', 'Availability - Leguminous crop residues', NULL, 'text-270620241682', NULL, NULL, NULL, NULL, 'form-control', NULL, NULL, '845', NULL, 'November', NULL, NULL, NULL, 1682, 0, 1, '2024-07-26 00:00:00', '127.0.0.1', 1),
(1425, 4, 1, 'header', '1', 'Grazing', 'Grazing', 'Grazing', NULL, 'text-270620241683', 'h4', NULL, NULL, NULL, 'form-control', NULL, NULL, '1420', NULL, 'Grazing', NULL, NULL, NULL, 1683, 0, 1, '2024-10-15 00:00:00', '127.0.0.1', 0),
(1426, 4, 1, 'select', '1', 'Availability - Grazing', 'Availability - Grazing', 'Availability - Grazing', NULL, 'text-270620241684', NULL, NULL, NULL, NULL, 'form-control', NULL, NULL, '845', NULL, 'November', NULL, NULL, NULL, 1684, 0, 1, '2024-07-26 00:00:00', '127.0.0.1', 1),
(1427, 4, 1, 'header', '1', 'Concentrates', 'Concentrates', 'Concentrates', NULL, 'text-270620241685', 'h4', NULL, NULL, NULL, 'form-control', NULL, NULL, '1420', NULL, 'Concentrates', NULL, NULL, NULL, 1685, 0, 1, '2024-10-15 00:00:00', '127.0.0.1', 0),
(1428, 4, 1, 'select', '1', 'Availability - Concentrates', 'Availability - Concentrates', 'Availability - Concentrates', NULL, 'text-270620241691', NULL, NULL, NULL, NULL, 'form-control', NULL, NULL, '845', NULL, 'November', NULL, NULL, NULL, 1691, 0, 1, '2024-07-26 00:00:00', '127.0.0.1', 1),
(1429, 4, 1, 'header', '1', 'Green forage (e.g., weeds,)', 'Green forage (e.g., weeds,)', 'Green forage (e.g., weeds,)', NULL, 'text-270620241692', 'h4', NULL, NULL, NULL, 'form-control', NULL, NULL, '1420', NULL, 'Green forage (e.g., weeds,)', NULL, NULL, NULL, 1692, 0, 1, '2024-10-15 00:00:00', '127.0.0.1', 0),
(1430, 4, 1, 'select', '1', 'Availability - Green forage (e.g., weeds,)', 'Availability - Green forage (e.g., weeds,)', 'Availability - Green forage (e.g., weeds,)', NULL, 'text-270620241693', NULL, NULL, NULL, NULL, 'form-control', NULL, NULL, '845', NULL, 'November', NULL, NULL, NULL, 1693, 0, 1, '2024-07-26 00:00:00', '127.0.0.1', 1),
(1431, 4, 1, 'header', '1', 'Other', 'Other', 'Other', NULL, 'text-270620241694', 'h4', NULL, NULL, NULL, 'form-control', NULL, NULL, '1420', NULL, 'Other', NULL, NULL, NULL, 1694, 0, 1, '2024-10-15 00:00:00', '127.0.0.1', 0),
(1432, 4, 1, 'text', '1', 'Other specify', 'Other specify', 'Other specify', NULL, 'text-270620241695', 'text', 250, NULL, NULL, 'form-control', NULL, NULL, '1420', NULL, 'Other', NULL, NULL, NULL, 1695, 0, 1, '2024-07-26 00:00:00', '127.0.0.1', 0),
(1433, 4, 1, 'select', '1', 'Availability - Other', 'Availability - Other', 'Availability - Other', NULL, 'text-270620241696', NULL, NULL, NULL, NULL, 'form-control', NULL, NULL, '845', NULL, 'November', NULL, NULL, NULL, 1696, 0, 1, '2024-07-26 00:00:00', '127.0.0.1', 1),
(1434, 4, 1, 'header', '1', 'December', 'December', 'December', NULL, 'text-270620241711', 'h4', NULL, NULL, NULL, 'form-control', NULL, NULL, '845', NULL, 'December', NULL, NULL, NULL, 1711, 0, 1, '2024-10-22 00:00:00', '127.0.0.1', 1),
(1435, 4, 1, 'select', '1', 'Overall feed availability - December', 'Overall feed availability', 'Overall feed availability', NULL, 'text-270620241712', NULL, NULL, NULL, NULL, 'form-control', NULL, NULL, '845', NULL, 'December', NULL, NULL, NULL, 1712, 0, 1, '2024-07-26 00:00:00', '127.0.0.1', 1),
(1436, 4, 1, 'header', '1', 'Monthly diet composition - December', 'Monthly diet composition - Select a source', 'Monthly diet composition - Select a source', NULL, 'text-270620241713', 'h4', NULL, NULL, NULL, 'form-control', NULL, NULL, '845', NULL, 'December', NULL, NULL, NULL, 1713, 0, 1, '2024-07-26 00:00:00', '127.0.0.1', 1),
(1437, 4, 1, 'header', '1', 'Cereal crop residues', 'Cereal crop residues', 'Cereal crop residues', NULL, 'text-270620241714', 'h4', NULL, NULL, NULL, 'form-control', NULL, NULL, '1436', NULL, 'Cereal crop residues', NULL, NULL, NULL, 1714, 0, 1, '2024-10-15 00:00:00', '127.0.0.1', 0),
(1438, 4, 1, 'select', '1', 'Availability - Cereal crop residues', 'Availability - Cereal crop residues', 'Availability - Cereal crop residues', NULL, 'text-270620241715', NULL, NULL, NULL, NULL, 'form-control', NULL, NULL, '845', NULL, 'December', NULL, NULL, NULL, 1715, 0, 1, '2024-07-26 00:00:00', '127.0.0.1', 1),
(1439, 4, 1, 'header', '1', 'Leguminous crop residues', 'Leguminous crop residues', 'Leguminous crop residues', NULL, 'text-270620241721', 'h4', NULL, NULL, NULL, 'form-control', NULL, NULL, '1436', NULL, 'Leguminous crop residues', NULL, NULL, NULL, 1721, 0, 1, '2024-10-15 00:00:00', '127.0.0.1', 0),
(1440, 4, 1, 'select', '1', 'Availability - Leguminous crop residues', 'Availability - Leguminous crop residues', 'Availability - Leguminous crop residues', NULL, 'text-270620241722', NULL, NULL, NULL, NULL, 'form-control', NULL, NULL, '845', NULL, 'December', NULL, NULL, NULL, 1722, 0, 1, '2024-07-26 00:00:00', '127.0.0.1', 1),
(1441, 4, 1, 'header', '1', 'Grazing', 'Grazing', 'Grazing', NULL, 'text-270620241723', 'h4', NULL, NULL, NULL, 'form-control', NULL, NULL, '1436', NULL, 'Grazing', NULL, NULL, NULL, 1723, 0, 1, '2024-10-15 00:00:00', '127.0.0.1', 0),
(1442, 4, 1, 'select', '1', 'Availability - Grazing', 'Availability - Grazing', 'Availability - Grazing', NULL, 'text-270620241724', NULL, NULL, NULL, NULL, 'form-control', NULL, NULL, '845', NULL, 'December', NULL, NULL, NULL, 1724, 0, 1, '2024-07-26 00:00:00', '127.0.0.1', 1),
(1443, 4, 1, 'header', '1', 'Concentrates', 'Concentrates', 'Concentrates', NULL, 'text-270620241725', 'h4', NULL, NULL, NULL, 'form-control', NULL, NULL, '1436', NULL, 'Concentrates', NULL, NULL, NULL, 1725, 0, 1, '2024-10-15 00:00:00', '127.0.0.1', 0),
(1444, 4, 1, 'select', '1', 'Availability - Concentrates', 'Availability - Concentrates', 'Availability - Concentrates', NULL, 'text-270620241731', NULL, NULL, NULL, NULL, 'form-control', NULL, NULL, '845', NULL, 'December', NULL, NULL, NULL, 1731, 0, 1, '2024-07-26 00:00:00', '127.0.0.1', 1),
(1445, 4, 1, 'header', '1', 'Green forage (e.g., weeds,)', 'Green forage (e.g., weeds,)', 'Green forage (e.g., weeds,)', NULL, 'text-270620241732', 'h4', NULL, NULL, NULL, 'form-control', NULL, NULL, '1436', NULL, 'Green forage (e.g., weeds,)', NULL, NULL, NULL, 1732, 0, 1, '2024-10-15 00:00:00', '127.0.0.1', 0),
(1446, 4, 1, 'select', '1', 'Availability - Green forage (e.g., weeds,)', 'Availability - Green forage (e.g., weeds,)', 'Availability - Green forage (e.g., weeds,)', NULL, 'text-270620241733', NULL, NULL, NULL, NULL, 'form-control', NULL, NULL, '845', NULL, 'December', NULL, NULL, NULL, 1733, 0, 1, '2024-07-26 00:00:00', '127.0.0.1', 1),
(1447, 4, 1, 'header', '1', 'Other', 'Other', 'Other', NULL, 'text-270620241734', 'h4', NULL, NULL, NULL, 'form-control', NULL, NULL, '1436', NULL, 'Other', NULL, NULL, NULL, 1734, 0, 1, '2024-10-15 00:00:00', '127.0.0.1', 0),
(1448, 4, 1, 'text', '1', 'Other specify', 'Other specify', 'Other specify', NULL, 'text-270620241735', 'text', 250, NULL, NULL, 'form-control', NULL, NULL, '1436', NULL, 'Other', NULL, NULL, NULL, 1735, 0, 1, '2024-07-26 00:00:00', '127.0.0.1', 0),
(1449, 4, 1, 'select', '1', 'Availability - Other', 'Availability - Other', 'Availability - Other', NULL, 'text-270620241736', NULL, NULL, NULL, NULL, 'form-control', NULL, NULL, '845', NULL, 'December', NULL, NULL, NULL, 1736, 0, 1, '2024-07-26 00:00:00', '127.0.0.1', 1),
(1450, 4, 1, 'header', '1', 'Sold', 'Sold', 'Sold', NULL, 'text-270620245061', 'h4', NULL, NULL, NULL, 'form-control', NULL, NULL, '758', NULL, NULL, NULL, NULL, NULL, 506, 0, 1, '2024-10-23 00:00:00', '127.0.0.1', 0),
(1451, 4, 1, 'number', NULL, 'Average weight (kg) - Local dairy cows - non lactating (dry)', 'Average weight (kg)', 'Average weight (kg)', NULL, 'text-03092024112', 'desimal', 10, 200, 280, 'form-control', NULL, NULL, '751', NULL, 'Local dairy cows - non lactating (dry)', NULL, NULL, NULL, 318, 0, 1, '2024-10-28 00:00:00', '127.0.0.1', 0),
(1452, 4, 1, 'number', NULL, 'Average weight (kg) -Local dairy heifers (>6 months old – <1st calving)', 'Average weight (kg)', 'Average weight (kg)', NULL, 'text-03092024113', 'desimal', 10, 70, 200, 'form-control', NULL, NULL, '751', NULL, 'Local dairy heifers (>6 months old – <1st calving)', NULL, NULL, NULL, 319, 0, 1, '2024-10-28 00:00:00', '127.0.0.1', 0),
(1453, 4, 1, 'number', NULL, 'Average weight (kg) - Local dairy calves (<6 months old - 6 months old – female)', 'Average weight (kg)', 'Average weight (kg)', NULL, 'text-03092024114', 'desimal', 10, 20, 70, 'form-control', NULL, NULL, '751', NULL, 'Local dairy calves (<6 months old - 6 months old – female)', NULL, NULL, NULL, 320, 0, 1, '2024-10-28 00:00:00', '127.0.0.1', 0),
(1454, 4, 1, 'number', NULL, 'Average weight (kg) - Local dairy calves (<6 months old - 6 months old – male)', 'Average weight (kg)', 'Average weight (kg)', NULL, 'text-03092024115', 'desimal', 10, 20, 75, 'form-control', NULL, NULL, '751', NULL, 'Local dairy calves (<6 months old - 6 months old – male)', NULL, NULL, NULL, 321, 0, 1, '2024-10-28 00:00:00', '127.0.0.1', 0),
(1455, 4, 1, 'number', NULL, 'Average weight (kg) - Improved dairy cows – Non-lactating (dry)', 'Average weight (kg)', 'Average weight (kg)', NULL, 'text-03092024122', 'desimal', 10, 200, 450, 'form-control', NULL, NULL, '752', NULL, 'Improved dairy cows – Non-lactating (dry)', NULL, NULL, NULL, 330, 0, 1, '2024-10-28 00:00:00', '127.0.0.1', 0),
(1456, 4, 1, 'number', NULL, 'Average weight (kg) - Improved Dairy heifers (>6 months old - <1st calving)', 'Average weight (kg)', 'Average weight (kg)', NULL, 'text-03092024123', 'desimal', 10, 100, 250, 'form-control', NULL, NULL, '752', NULL, 'Improved Dairy heifers (>6 months old - <1st calving)', NULL, NULL, NULL, 331, 0, 1, '2024-10-28 00:00:00', '127.0.0.1', 0),
(1457, 4, 1, 'number', NULL, 'Average weight (kg) - Improved dairy calves (<6 months old)-female', 'Average weight (kg)', 'Average weight (kg)', NULL, 'text-03092024124', 'desimal', 10, 30, 100, 'form-control', NULL, NULL, '752', NULL, 'Improved dairy calves (<6 months old)-female', NULL, NULL, NULL, 332, 0, 1, '2024-10-28 00:00:00', '127.0.0.1', 0),
(1458, 4, 1, 'number', NULL, 'Average weight (kg) - Improved dairy calves (<6 months old)-male', 'Average weight (kg)', 'Average weight (kg)', NULL, 'text-03092024125', 'desimal', 10, 30, 100, 'form-control', NULL, NULL, '752', NULL, 'Improved dairy calves (<6 months old)-male', NULL, NULL, NULL, 333, 0, 1, '2024-10-28 00:00:00', '127.0.0.1', 0),
(1459, 4, 1, 'number', NULL, 'Average weight (kg) - Local buffalo cow – non-lactating (dry)', 'Average weight (kg)', 'Average weight (kg)', NULL, 'text-03092024131', 'desimal', 10, 300, 900, 'form-control', NULL, NULL, '753', NULL, 'Local buffalo cow – non-lactating (dry)', NULL, NULL, NULL, 340, 0, 1, '2024-10-28 00:00:00', '127.0.0.1', 0),
(1460, 4, 1, 'number', NULL, 'Average weight (kg) - Local buffalo heifers (>6 months old - <1st calving)', 'Average weight (kg)', 'Average weight (kg)', NULL, 'text-03092024132', 'desimal', 10, 180, 500, 'form-control', NULL, NULL, '753', NULL, 'Local buffalo heifers (>6 months old - <1st calving)', NULL, NULL, NULL, 341, 0, 1, '2024-10-28 00:00:00', '127.0.0.1', 0),
(1461, 4, 1, 'number', NULL, 'Average weight (kg) - Local buffalo calves (<6 months old – female)', 'Average weight (kg)', 'Average weight (kg)', NULL, 'text-03092024133', 'desimal', 10, 35, 300, 'form-control', NULL, NULL, '753', NULL, 'Local buffalo calves (<6 months old – female)', NULL, NULL, NULL, 342, 0, 1, '2024-10-28 00:00:00', '127.0.0.1', 0),
(1462, 4, 1, 'number', NULL, 'Average weight (kg) - Local buffalo calves (<6 months old- Male)', 'Average weight (kg)', 'Average weight (kg)', NULL, 'text-03092024134', 'desimal', 10, 35, 300, 'form-control', NULL, NULL, '753', NULL, 'Local buffalo calves (<6 months old- Male)', NULL, NULL, NULL, 343, 0, 1, '2024-10-28 00:00:00', '127.0.0.1', 0),
(1463, 4, 1, 'number', NULL, 'Average weight (kg) - Bulls or casterated male buffalo (>2 years)', 'Average weight (kg)', 'Average weight (kg)', NULL, 'text-03092024135', 'desimal', 10, 400, 600, 'form-control', NULL, NULL, '753', NULL, 'Bulls or casterated male buffalo (>2 years)', NULL, NULL, NULL, 344, 0, 1, '2024-10-28 00:00:00', '127.0.0.1', 0),
(1464, 4, 1, 'number', NULL, 'Average weight (kg) - Bulls or casterated male buffalo (>6 months old - <2 years )', 'Average weight (kg)', 'Average weight (kg)', NULL, 'text-03092024136', 'desimal', 10, 200, 400, 'form-control', NULL, NULL, '753', NULL, 'Bulls or casterated male buffalo (>6 months old - <2 years )', NULL, NULL, NULL, 345, 0, 1, '2024-10-28 00:00:00', '127.0.0.1', 0),
(1465, 4, 1, 'number', NULL, 'Average weight (kg) - Improved buffalo- non-lactating (dry)', 'Average weight (kg)', 'Average weight (kg)', NULL, 'text-0309202415412', 'desimal', 10, 300, 1000, 'form-control', NULL, NULL, '754', NULL, 'Improved buffalo- non-lactating (dry)', NULL, NULL, NULL, 353, 0, 1, '2024-10-28 00:00:00', '127.0.0.1', 0),
(1466, 4, 1, 'number', NULL, 'Average weight (kg) - Improved buffalo heifers – (>6 months old- <1st calving)', 'Average weight (kg)', 'Average weight (kg)', NULL, 'text-0309202415413', 'desimal', 10, 200, 500, 'form-control', NULL, NULL, '754', NULL, 'Improved buffalo heifers – (>6 months old- <1st calving)', NULL, NULL, NULL, 354, 0, 1, '2024-10-28 00:00:00', '127.0.0.1', 0),
(1467, 4, 1, 'number', NULL, 'Average weight (kg) - Improved buffalo calves ((>6 months old) - female', 'Average weight (kg)', 'Average weight (kg)', NULL, 'text-0309202415414', 'desimal', 10, 35, 300, 'form-control', NULL, NULL, '754', NULL, 'Improved buffalo calves ((>6 months old) - female', NULL, NULL, NULL, 355, 0, 1, '2024-10-28 00:00:00', '127.0.0.1', 0),
(1468, 4, 1, 'number', NULL, 'Average weight (kg) - Improved buffalo calves ((>6 months old) -male', 'Average weight (kg)', 'Average weight (kg)', NULL, 'text-0309202415415', 'desimal', 10, 35, 300, 'form-control', NULL, NULL, '754', NULL, 'Improved buffalo calves ((>6 months old) -male', NULL, NULL, NULL, 356, 0, 1, '2024-10-28 00:00:00', '127.0.0.1', 0),
(1469, 4, 1, 'number', NULL, 'Average weight (kg) - Sows', 'Average weight (kg)', 'Average weight (kg)', NULL, 'text-03092024161', 'desimal', 10, 100, 250, 'form-control', NULL, NULL, '889', NULL, 'Sows', NULL, NULL, NULL, 383, 0, 1, '2024-10-28 00:00:00', '127.0.0.1', 0),
(1470, 4, 1, 'number', NULL, 'Average weight (kg) - Weaners/Piglets', 'Average weight (kg)', 'Average weight (kg)', NULL, 'text-03092024162', 'desimal', 10, 5, 12, 'form-control', NULL, NULL, '889', NULL, 'Weaners/Piglets', NULL, NULL, NULL, 384, 0, 1, '2024-10-28 00:00:00', '127.0.0.1', 0),
(1471, 4, 1, 'number', NULL, 'Average weight (kg) - Gilts', 'Average weight (kg)', 'Average weight (kg)', NULL, 'text-03092024162', 'desimal', 10, 100, 250, 'form-control', NULL, NULL, '889', NULL, 'Gilts', NULL, NULL, NULL, 385, 0, 1, '2024-10-28 00:00:00', '127.0.0.1', 0),
(1472, 4, 1, 'number', NULL, 'Average weight (kg) - Growers', 'Average weight (kg)', 'Average weight (kg)', NULL, 'text-03092024163', 'desimal', 10, 50, 100, 'form-control', NULL, NULL, '889', NULL, 'Growers', NULL, NULL, NULL, 386, 0, 1, '2024-10-28 00:00:00', '127.0.0.1', 0),
(1473, 4, 1, 'number', NULL, 'Average weight (kg) - Finishers (Porkers/baconers)', 'Average weight (kg)', 'Average weight (kg)', NULL, 'text-03092024164', 'desimal', 10, 12, 50, 'form-control', NULL, NULL, '889', NULL, 'Finishers (Porkers/baconers)', NULL, NULL, NULL, 387, 0, 1, '2024-10-28 00:00:00', '127.0.0.1', 0),
(1474, 1, 1, 'header', '1', 'Bull Service', 'Bull Service', 'Bull Service', NULL, 'text-040720242011', 'h4', NULL, NULL, NULL, 'form-control', NULL, NULL, '722', NULL, NULL, NULL, NULL, NULL, 363, 0, 1, '2025-02-03 00:00:00', '127.0.0.1', 1),
(1475, 1, 1, 'number', '1', '% of farmers who use Bull Service', '% of farmers who use Bull Service', '% of farmers who use Bull Service', NULL, 'text-040720242022', 'desimal', 10, NULL, NULL, 'form-control', NULL, NULL, '722', NULL, NULL, NULL, NULL, NULL, 364, 0, 1, '2025-02-03 00:00:00', '127.0.0.1', 1),
(1476, 4, 1, 'radio-group', '1', 'Respondent is head of household', 'Respondent is head of household', 'Respondent is head of household', NULL, 'text-27062024472', NULL, NULL, NULL, NULL, 'form-control', NULL, NULL, '659', NULL, NULL, NULL, NULL, NULL, 27, 0, 1, '2025-02-06 00:00:00', '127.0.0.1', 1),
(1477, 4, 1, 'lkp_currency', '1', 'Price in', 'Price in', 'Price in', NULL, 'text-240320251', NULL, NULL, NULL, NULL, 'form-control', NULL, NULL, '1114', NULL, NULL, NULL, NULL, NULL, 705, 0, 1, '2025-03-24 00:00:00', '127.0.0.1', 1),
(1478, 4, 1, 'lkp_currency', '1', 'Price in - January', 'Price in - January', 'Price in - January', NULL, 'text-2403202512', NULL, NULL, NULL, NULL, 'form-control', NULL, NULL, '807', NULL, 'January', NULL, NULL, NULL, 1207, 0, 1, '2025-03-24 00:00:00', '127.0.0.1', 0),
(1479, 4, 1, 'lkp_currency', '1', 'Price in - Feb', 'Price in - Feb', 'Price in - Feb', NULL, 'text-270620243931', NULL, NULL, NULL, NULL, 'form-control', NULL, NULL, '807', NULL, 'February', NULL, NULL, NULL, 1215, 0, 1, '2025-03-24 00:00:00', '127.0.0.1', 0),
(1480, 4, 1, 'lkp_currency', '1', 'Price in - March', 'Price in - March', 'Price in - March', NULL, 'text-2403202413', NULL, NULL, NULL, NULL, 'form-control', NULL, NULL, '807', NULL, 'March', NULL, NULL, NULL, 1224, 0, 1, '2025-03-24 00:00:00', '127.0.0.1', 0),
(1481, 4, 1, 'lkp_currency', '1', 'Price in - April', 'Price in - April', 'Price in - April', NULL, 'text-24032025143', NULL, NULL, NULL, NULL, 'form-control', NULL, NULL, '807', NULL, 'April', NULL, NULL, NULL, 1232, 0, 1, '2025-03-24 00:00:00', '127.0.0.1', 0),
(1482, 4, 1, 'lkp_currency', '1', 'Price in - May', 'Price in - May', 'Price in - May', NULL, 'text-2403202515', NULL, NULL, NULL, NULL, 'form-control', NULL, NULL, '807', NULL, 'May', NULL, NULL, NULL, 1237, 0, 1, '2025-03-24 00:00:00', '127.0.0.1', 0),
(1483, 4, 1, 'lkp_currency', '1', 'Price in - June', 'Price in - June', 'Price in - June', NULL, 'text-2403202516', NULL, NULL, NULL, NULL, 'form-control', NULL, NULL, '807', NULL, 'June', NULL, NULL, NULL, 1246, 0, 1, '2025-03-24 00:00:00', '127.0.0.1', 0),
(1484, 4, 1, 'lkp_currency', '1', 'Price in - July', 'Price in - July', 'Price in - July', NULL, 'text-2403202517', NULL, NULL, NULL, NULL, 'form-control', NULL, NULL, '807', NULL, 'July', NULL, NULL, NULL, 1255, 0, 1, '2025-03-24 00:00:00', '127.0.0.1', 0),
(1485, 4, 1, 'lkp_currency', '1', 'Price in - August', 'Price in - August', 'Price in - August', NULL, 'text-2403202118', NULL, NULL, NULL, NULL, 'form-control', NULL, NULL, '807', NULL, 'August', NULL, NULL, NULL, 1264, 0, 1, '2025-03-24 00:00:00', '127.0.0.1', 0),
(1486, 4, 1, 'lkp_currency', '1', 'Price in - September', 'Price in - September', 'Price in - September', NULL, 'text-2403202519', NULL, NULL, NULL, NULL, 'form-control', NULL, NULL, '807', NULL, 'September', NULL, NULL, NULL, 1272, 0, 1, '2025-03-24 00:00:00', '127.0.0.1', 0),
(1487, 4, 1, 'lkp_currency', '1', 'Price in - October', 'Price in - October', 'Price in - October', NULL, 'text-24032025110', NULL, NULL, NULL, NULL, 'form-control', NULL, NULL, '807', NULL, 'October', NULL, NULL, NULL, 1277, 0, 1, '2025-03-24 00:00:00', '127.0.0.1', 0),
(1488, 4, 1, 'lkp_currency', '1', 'Price in - November', 'Price in - November', 'Price in - November', NULL, 'text-270620244381', NULL, NULL, NULL, NULL, 'form-control', NULL, NULL, '807', NULL, 'November', NULL, NULL, NULL, 1286, 0, 1, '2025-03-24 00:00:00', '127.0.0.1', 0),
(1489, 4, 1, 'lkp_currency', '1', 'Price in - December', 'Price in - December', 'Price in - December', NULL, 'text-270620244423', NULL, NULL, NULL, NULL, 'form-control', NULL, NULL, '807', NULL, 'December', NULL, NULL, NULL, 1295, 0, 1, '2025-03-24 00:00:00', '127.0.0.1', 0),
(1490, 1, 1, 'text', '1', 'Units - Landless', 'Units  - Landless', 'Units - Landless', NULL, 'text-040720247311', 'text', 10, NULL, NULL, 'form-control', NULL, NULL, '688', NULL, NULL, NULL, NULL, NULL, 62, 0, 1, '2025-04-02 00:00:00', '127.0.0.1', 1);

-- --------------------------------------------------------

--
-- Table structure for table `form_field_multiple`
--

DROP TABLE IF EXISTS `form_field_multiple`;
CREATE TABLE IF NOT EXISTS `form_field_multiple` (
  `multi_id` int UNSIGNED NOT NULL AUTO_INCREMENT,
  `form_id` int UNSIGNED DEFAULT NULL,
  `field_id` int UNSIGNED DEFAULT NULL,
  `label` varchar(255) CHARACTER SET utf8mb3 COLLATE utf8mb3_general_ci DEFAULT NULL,
  `label_hindi` varchar(255) CHARACTER SET utf8mb3 COLLATE utf8mb3_general_ci DEFAULT NULL,
  `label_odiya` varchar(255) CHARACTER SET utf8mb3 COLLATE utf8mb3_general_ci DEFAULT NULL,
  `selected` varchar(255) CHARACTER SET utf8mb3 COLLATE utf8mb3_general_ci DEFAULT NULL,
  `value` varchar(255) CHARACTER SET utf8mb3 COLLATE utf8mb3_general_ci DEFAULT NULL,
  `value_hindi` varchar(255) CHARACTER SET utf8mb3 COLLATE utf8mb3_general_ci DEFAULT NULL,
  `value_odiya` varchar(255) CHARACTER SET utf8mb3 COLLATE utf8mb3_general_ci DEFAULT NULL,
  `order_by` int DEFAULT NULL,
  `added_by` int UNSIGNED DEFAULT NULL,
  `added_datetime` datetime DEFAULT NULL,
  `ip_address` varchar(100) CHARACTER SET utf8mb3 COLLATE utf8mb3_estonian_ci DEFAULT NULL,
  `status` tinyint(1) DEFAULT '1',
  PRIMARY KEY (`multi_id`)
) ENGINE=InnoDB AUTO_INCREMENT=2961 DEFAULT CHARSET=latin1;

--
-- Dumping data for table `form_field_multiple`
--

INSERT INTO `form_field_multiple` (`multi_id`, `form_id`, `field_id`, `label`, `label_hindi`, `label_odiya`, `selected`, `value`, `value_hindi`, `value_odiya`, `order_by`, `added_by`, `added_datetime`, `ip_address`, `status`) VALUES
(1000, 1, 507, 'Male headed households', NULL, NULL, NULL, 'Male headed households', NULL, NULL, 1, 1, '2024-06-20 00:00:00', '127.0.0.1', 1),
(1001, 1, 507, 'Female headed households', NULL, NULL, NULL, 'Female headed households', NULL, NULL, 2, 1, '2024-06-20 00:00:00', '127.0.0.1', 1),
(1002, 1, 508, 'Women only FGD', NULL, NULL, NULL, 'Women only FGD', NULL, NULL, 1, 1, '2024-06-20 00:00:00', '127.0.0.1', 1),
(1003, 1, 508, 'Men only FGD', NULL, NULL, NULL, 'Men only FGD', NULL, NULL, 2, 1, '2024-06-20 00:00:00', '127.0.0.1', 1),
(1004, 1, 518, 'Women', NULL, NULL, NULL, 'Women', NULL, NULL, 1, 1, '2024-06-20 00:00:00', '127.0.0.1', 1),
(1005, 1, 518, 'Men', NULL, NULL, NULL, 'Men', NULL, NULL, 2, 1, '2024-06-20 00:00:00', '127.0.0.1', 1),
(1006, 1, 518, 'Youth', NULL, NULL, NULL, 'Youth', NULL, NULL, 3, 1, '2024-06-20 00:00:00', '127.0.0.1', 1),
(1007, 1, 526, 'Yes', NULL, NULL, NULL, 'Yes', NULL, NULL, 1, 1, '2024-06-20 00:00:00', '127.0.0.1', 1),
(1008, 1, 526, 'No', NULL, NULL, NULL, 'No', NULL, NULL, 2, 1, '2024-06-20 00:00:00', '127.0.0.1', 1),
(1009, 1, 528, 'Minimum', NULL, NULL, NULL, 'Minimum', NULL, NULL, 1, 1, '2024-06-23 00:00:00', '127.0.0.1', 1),
(1010, 1, 528, 'Average', NULL, NULL, NULL, 'Average', NULL, NULL, 2, 1, '2024-06-23 00:00:00', '127.0.0.1', 1),
(1011, 1, 528, 'Maximum', NULL, NULL, NULL, 'Maximum', NULL, NULL, 3, 1, '2024-06-23 00:00:00', '127.0.0.1', 1),
(1012, 1, 530, 'Acres', NULL, NULL, NULL, 'Acres', NULL, NULL, 1, 1, '2024-06-23 00:00:00', '127.0.0.1', 1),
(1013, 1, 530, 'Hectares', NULL, NULL, NULL, 'Hectares', NULL, NULL, 2, 1, '2024-06-23 00:00:00', '127.0.0.1', 1),
(1014, 1, 530, 'Local units', NULL, NULL, NULL, 'Local units', NULL, NULL, 3, 1, '2024-06-23 00:00:00', '127.0.0.1', 1),
(1015, 1, 533, 'Acres', NULL, NULL, NULL, 'Acres', NULL, NULL, 1, 1, '2024-06-23 00:00:00', '127.0.0.1', 1),
(1016, 1, 533, 'Hectares', NULL, NULL, NULL, 'Hectares', NULL, NULL, 2, 1, '2024-06-23 00:00:00', '127.0.0.1', 1),
(1017, 1, 533, 'Local units', NULL, NULL, NULL, 'Local units', NULL, NULL, 3, 1, '2024-06-23 00:00:00', '127.0.0.1', 1),
(1018, 1, 536, 'Acres', NULL, NULL, NULL, 'Acres', NULL, NULL, 1, 1, '2024-06-23 00:00:00', '127.0.0.1', 1),
(1019, 1, 536, 'Hectares', NULL, NULL, NULL, 'Hectares', NULL, NULL, 2, 1, '2024-06-23 00:00:00', '127.0.0.1', 1),
(1020, 1, 536, 'Local units', NULL, NULL, NULL, 'Local units', NULL, NULL, 3, 1, '2024-06-23 00:00:00', '127.0.0.1', 1),
(1021, 1, 539, 'Livestock production', NULL, NULL, NULL, 'Livestock production', NULL, NULL, 1, 1, '2024-06-23 00:00:00', '127.0.0.1', 1),
(1022, 1, 539, 'Fodder production', NULL, NULL, NULL, 'Fodder production', NULL, NULL, 2, 1, '2024-06-23 00:00:00', '127.0.0.1', 1),
(1023, 1, 542, 'Female headed households', NULL, NULL, NULL, 'Female headed households', NULL, NULL, 1, 1, '2024-06-23 00:00:00', '127.0.0.1', 1),
(1024, 1, 542, 'Male headed households', NULL, NULL, NULL, 'Male headed households', NULL, NULL, 2, 1, '2024-06-23 00:00:00', '127.0.0.1', 1),
(1025, 1, 693, 'Landless', NULL, NULL, NULL, 'Landless', NULL, NULL, 1, 1, '2024-06-23 00:00:00', '127.0.0.1', 1),
(1026, 1, 693, 'Small farm', NULL, NULL, NULL, 'Small farm', NULL, NULL, 2, 1, '2024-06-23 00:00:00', '127.0.0.1', 1),
(1027, 1, 693, 'Medium farm', NULL, NULL, NULL, 'Medium farm', NULL, NULL, 3, 1, '2024-06-23 00:00:00', '127.0.0.1', 1),
(1028, 1, 693, 'Large farm', NULL, NULL, NULL, 'Large farm', NULL, NULL, 4, 1, '2024-06-23 00:00:00', '127.0.0.1', 1),
(1029, 1, 545, 'Female headed households', NULL, NULL, NULL, 'Female headed households', NULL, NULL, 1, 1, '2024-06-23 00:00:00', '127.0.0.1', 1),
(1030, 1, 545, 'Male headed households', NULL, NULL, NULL, 'Male headed households', NULL, NULL, 2, 1, '2024-06-23 00:00:00', '127.0.0.1', 1),
(1031, 1, 547, 'Option1', NULL, NULL, NULL, 'Option1', NULL, NULL, 1, 1, '2024-06-23 00:00:00', '127.0.0.1', 1),
(1032, 1, 547, 'Option2', NULL, NULL, NULL, 'Option2', NULL, NULL, 2, 1, '2024-06-23 00:00:00', '127.0.0.1', 1),
(1033, 1, 548, 'Yes', NULL, NULL, NULL, 'Yes', NULL, NULL, 1, 1, '2024-06-23 00:00:00', '127.0.0.1', 1),
(1034, 1, 548, 'No', NULL, NULL, NULL, 'No', NULL, NULL, 2, 1, '2024-06-23 00:00:00', '127.0.0.1', 1),
(1035, 1, 549, 'Yes', NULL, NULL, NULL, 'Yes', NULL, NULL, 1, 1, '2024-06-23 00:00:00', '127.0.0.1', 1),
(1036, 1, 549, 'No', NULL, NULL, NULL, 'No', NULL, NULL, 2, 1, '2024-06-23 00:00:00', '127.0.0.1', 1),
(1037, 1, 552, '0', NULL, NULL, NULL, '0', NULL, NULL, 1, 1, '2024-06-23 00:00:00', '127.0.0.1', 1),
(1038, 1, 552, '1', NULL, NULL, NULL, '1', NULL, NULL, 1, 1, '2024-06-23 00:00:00', '127.0.0.1', 1),
(1039, 1, 552, '2', NULL, NULL, NULL, '2', NULL, NULL, 2, 1, '2024-06-23 00:00:00', '127.0.0.1', 1),
(1040, 1, 552, '3', NULL, NULL, NULL, '3', NULL, NULL, 3, 1, '2024-06-23 00:00:00', '127.0.0.1', 1),
(1041, 1, 552, '4', NULL, NULL, NULL, '4', NULL, NULL, 4, 1, '2024-06-23 00:00:00', '127.0.0.1', 1),
(1042, 1, 552, '5', NULL, NULL, NULL, '5', NULL, NULL, 5, 1, '2024-06-23 00:00:00', '127.0.0.1', 1),
(1043, 1, 554, 'Jan', NULL, NULL, NULL, 'Jan', NULL, NULL, 1, 1, '2024-06-23 00:00:00', '127.0.0.1', 1),
(1044, 1, 554, 'Feb', NULL, NULL, NULL, 'Feb', NULL, NULL, 2, 1, '2024-06-23 00:00:00', '127.0.0.1', 1),
(1045, 1, 554, 'Mar', NULL, NULL, NULL, 'Mar', NULL, NULL, 3, 1, '2024-06-23 00:00:00', '127.0.0.1', 1),
(1046, 1, 554, 'Apr', NULL, NULL, NULL, 'Apr', NULL, NULL, 4, 1, '2024-06-23 00:00:00', '127.0.0.1', 1),
(1047, 1, 554, 'May', NULL, NULL, NULL, 'May', NULL, NULL, 5, 1, '2024-06-23 00:00:00', '127.0.0.1', 1),
(1048, 1, 554, 'June', NULL, NULL, NULL, 'June', NULL, NULL, 6, 1, '2024-06-23 00:00:00', '127.0.0.1', 1),
(1049, 1, 554, 'July', NULL, NULL, NULL, 'July', NULL, NULL, 7, 1, '2024-06-23 00:00:00', '127.0.0.1', 1),
(1050, 1, 554, 'August', NULL, NULL, NULL, 'August', NULL, NULL, 8, 1, '2024-06-23 00:00:00', '127.0.0.1', 1),
(1051, 1, 554, 'September', NULL, NULL, NULL, 'September', NULL, NULL, 9, 1, '2024-06-23 00:00:00', '127.0.0.1', 1),
(1052, 1, 554, 'October', NULL, NULL, NULL, 'October', NULL, NULL, 10, 1, '2024-06-23 00:00:00', '127.0.0.1', 1),
(1053, 1, 554, 'November', NULL, NULL, NULL, 'November', NULL, NULL, 11, 1, '2024-06-23 00:00:00', '127.0.0.1', 1),
(1054, 1, 554, 'December', NULL, NULL, NULL, 'December', NULL, NULL, 12, 1, '2024-06-23 00:00:00', '127.0.0.1', 1),
(1055, 1, 555, 'Jan', NULL, NULL, NULL, 'Jan', NULL, NULL, 1, 1, '2024-06-23 00:00:00', '127.0.0.1', 1),
(1056, 1, 555, 'Feb', NULL, NULL, NULL, 'Feb', NULL, NULL, 2, 1, '2024-06-23 00:00:00', '127.0.0.1', 1),
(1057, 1, 555, 'Mar', NULL, NULL, NULL, 'Mar', NULL, NULL, 3, 1, '2024-06-23 00:00:00', '127.0.0.1', 1),
(1058, 1, 555, 'Apr', NULL, NULL, NULL, 'Apr', NULL, NULL, 4, 1, '2024-06-23 00:00:00', '127.0.0.1', 1),
(1059, 1, 555, 'May', NULL, NULL, NULL, 'May', NULL, NULL, 5, 1, '2024-06-23 00:00:00', '127.0.0.1', 1),
(1060, 1, 555, 'June', NULL, NULL, NULL, 'June', NULL, NULL, 6, 1, '2024-06-23 00:00:00', '127.0.0.1', 1),
(1061, 1, 555, 'July', NULL, NULL, NULL, 'July', NULL, NULL, 7, 1, '2024-06-23 00:00:00', '127.0.0.1', 1),
(1062, 1, 555, 'August', NULL, NULL, NULL, 'August', NULL, NULL, 8, 1, '2024-06-23 00:00:00', '127.0.0.1', 1),
(1063, 1, 555, 'September', NULL, NULL, NULL, 'September', NULL, NULL, 9, 1, '2024-06-23 00:00:00', '127.0.0.1', 1),
(1064, 1, 555, 'October', NULL, NULL, NULL, 'October', NULL, NULL, 10, 1, '2024-06-23 00:00:00', '127.0.0.1', 1),
(1065, 1, 555, 'November', NULL, NULL, NULL, 'November', NULL, NULL, 11, 1, '2024-06-23 00:00:00', '127.0.0.1', 1),
(1066, 1, 555, 'December', NULL, NULL, NULL, 'December', NULL, NULL, 12, 1, '2024-06-23 00:00:00', '127.0.0.1', 1),
(1067, 1, 556, 'Jan', NULL, NULL, NULL, 'Jan', NULL, NULL, 1, 1, '2024-06-23 00:00:00', '127.0.0.1', 1),
(1068, 1, 556, 'Feb', NULL, NULL, NULL, 'Feb', NULL, NULL, 2, 1, '2024-06-23 00:00:00', '127.0.0.1', 1),
(1069, 1, 556, 'Mar', NULL, NULL, NULL, 'Mar', NULL, NULL, 3, 1, '2024-06-23 00:00:00', '127.0.0.1', 1),
(1070, 1, 556, 'Apr', NULL, NULL, NULL, 'Apr', NULL, NULL, 4, 1, '2024-06-23 00:00:00', '127.0.0.1', 1),
(1071, 1, 556, 'May', NULL, NULL, NULL, 'May', NULL, NULL, 5, 1, '2024-06-23 00:00:00', '127.0.0.1', 1),
(1072, 1, 556, 'June', NULL, NULL, NULL, 'June', NULL, NULL, 6, 1, '2024-06-23 00:00:00', '127.0.0.1', 1),
(1073, 1, 556, 'July', NULL, NULL, NULL, 'July', NULL, NULL, 7, 1, '2024-06-23 00:00:00', '127.0.0.1', 1),
(1074, 1, 556, 'August', NULL, NULL, NULL, 'August', NULL, NULL, 8, 1, '2024-06-23 00:00:00', '127.0.0.1', 1),
(1075, 1, 556, 'September', NULL, NULL, NULL, 'September', NULL, NULL, 9, 1, '2024-06-23 00:00:00', '127.0.0.1', 1),
(1076, 1, 556, 'September', NULL, NULL, NULL, 'September', NULL, NULL, 9, 1, '2024-06-23 00:00:00', '127.0.0.1', 0),
(1077, 1, 556, 'September', NULL, NULL, NULL, 'September', NULL, NULL, 9, 1, '2024-06-23 00:00:00', '127.0.0.1', 0),
(1078, 1, 556, 'October', NULL, NULL, NULL, 'October', NULL, NULL, 10, 1, '2024-06-23 00:00:00', '127.0.0.1', 1),
(1079, 1, 556, 'November', NULL, NULL, NULL, 'November', NULL, NULL, 11, 1, '2024-06-23 00:00:00', '127.0.0.1', 1),
(1080, 1, 556, 'December', NULL, NULL, NULL, 'December', NULL, NULL, 12, 1, '2024-06-23 00:00:00', '127.0.0.1', 1),
(1081, 1, 557, '0', NULL, NULL, NULL, '0', NULL, NULL, 1, 1, '2024-06-23 00:00:00', '127.0.0.1', 1),
(1082, 1, 557, '1', NULL, NULL, NULL, '1', NULL, NULL, 2, 1, '2024-06-23 00:00:00', '127.0.0.1', 1),
(1083, 1, 557, '2', NULL, NULL, NULL, '2', NULL, NULL, 3, 1, '2024-06-23 00:00:00', '127.0.0.1', 1),
(1084, 1, 557, '3', NULL, NULL, NULL, '3', NULL, NULL, 4, 1, '2024-06-23 00:00:00', '127.0.0.1', 1),
(1085, 1, 557, '4', NULL, NULL, NULL, '4', NULL, NULL, 5, 1, '2024-06-23 00:00:00', '127.0.0.1', 1),
(1086, 1, 557, '5', NULL, NULL, NULL, '5', NULL, NULL, 6, 1, '2024-06-23 00:00:00', '127.0.0.1', 1),
(1087, 1, 558, '0', NULL, NULL, NULL, '0', NULL, NULL, 1, 1, '2024-06-24 00:00:00', '127.0.0.1', 1),
(1088, 1, 558, '1', NULL, NULL, NULL, '1', NULL, NULL, 2, 1, '2024-06-24 00:00:00', '127.0.0.1', 1),
(1089, 1, 558, '2', NULL, NULL, NULL, '2', NULL, NULL, 3, 1, '2024-06-24 00:00:00', '127.0.0.1', 1),
(1090, 1, 558, '3', NULL, NULL, NULL, '3', NULL, NULL, 4, 1, '2024-06-24 00:00:00', '127.0.0.1', 1),
(1091, 1, 558, '4', NULL, NULL, NULL, '4', NULL, NULL, 5, 1, '2024-06-24 00:00:00', '127.0.0.1', 1),
(1092, 1, 558, '5', NULL, NULL, NULL, '5', NULL, NULL, 6, 1, '2024-06-24 00:00:00', '127.0.0.1', 1),
(1093, 1, 559, '0', NULL, NULL, NULL, '0', NULL, NULL, 1, 1, '2024-06-24 00:00:00', '127.0.0.1', 1),
(1094, 1, 559, '1', NULL, NULL, NULL, '1', NULL, NULL, 2, 1, '2024-06-24 00:00:00', '127.0.0.1', 1),
(1095, 1, 559, '2', NULL, NULL, NULL, '2', NULL, NULL, 3, 1, '2024-06-24 00:00:00', '127.0.0.1', 1),
(1096, 1, 559, '3', NULL, NULL, NULL, '3', NULL, NULL, 4, 1, '2024-06-24 00:00:00', '127.0.0.1', 1),
(1097, 1, 559, '4', NULL, NULL, NULL, '4', NULL, NULL, 5, 1, '2024-06-24 00:00:00', '127.0.0.1', 1),
(1098, 1, 559, '5', NULL, NULL, NULL, '5', NULL, NULL, 6, 1, '2024-06-24 00:00:00', '127.0.0.1', 1),
(1099, 1, 560, '0', NULL, NULL, NULL, '0', NULL, NULL, 1, 1, '2024-06-24 00:00:00', '127.0.0.1', 1),
(1100, 1, 560, '1', NULL, NULL, NULL, '1', NULL, NULL, 2, 1, '2024-06-24 00:00:00', '127.0.0.1', 1),
(1101, 1, 560, '2', NULL, NULL, NULL, '2', NULL, NULL, 3, 1, '2024-06-24 00:00:00', '127.0.0.1', 1),
(1102, 1, 560, '3', NULL, NULL, NULL, '3', NULL, NULL, 4, 1, '2024-06-24 00:00:00', '127.0.0.1', 1),
(1103, 1, 560, '4', NULL, NULL, NULL, '4', NULL, NULL, 5, 1, '2024-06-24 00:00:00', '127.0.0.1', 1),
(1104, 1, 560, '5', NULL, NULL, NULL, '5', NULL, NULL, 6, 1, '2024-06-24 00:00:00', '127.0.0.1', 1),
(1105, 1, 561, '0', NULL, NULL, NULL, '0', NULL, NULL, 1, 1, '2024-06-24 00:00:00', '127.0.0.1', 1),
(1106, 1, 561, '1', NULL, NULL, NULL, '1', NULL, NULL, 2, 1, '2024-06-24 00:00:00', '127.0.0.1', 1),
(1107, 1, 561, '2', NULL, NULL, NULL, '2', NULL, NULL, 3, 1, '2024-06-24 00:00:00', '127.0.0.1', 1),
(1108, 1, 561, '3', NULL, NULL, NULL, '3', NULL, NULL, 4, 1, '2024-06-24 00:00:00', '127.0.0.1', 1),
(1109, 1, 561, '4', NULL, NULL, NULL, '4', NULL, NULL, 5, 1, '2024-06-24 00:00:00', '127.0.0.1', 1),
(1110, 1, 561, '5', NULL, NULL, NULL, '5', NULL, NULL, 6, 1, '2024-06-24 00:00:00', '127.0.0.1', 1),
(1111, 1, 562, '0', NULL, NULL, NULL, '0', NULL, NULL, 1, 1, '2024-06-24 00:00:00', '127.0.0.1', 1),
(1112, 1, 562, '1', NULL, NULL, NULL, '1', NULL, NULL, 2, 1, '2024-06-24 00:00:00', '127.0.0.1', 1),
(1113, 1, 562, '2', NULL, NULL, NULL, '2', NULL, NULL, 3, 1, '2024-06-24 00:00:00', '127.0.0.1', 1),
(1114, 1, 562, '3', NULL, NULL, NULL, '3', NULL, NULL, 4, 1, '2024-06-24 00:00:00', '127.0.0.1', 1),
(1115, 1, 562, '4', NULL, NULL, NULL, '4', NULL, NULL, 5, 1, '2024-06-24 00:00:00', '127.0.0.1', 1),
(1116, 1, 562, '5', NULL, NULL, NULL, '5', NULL, NULL, 6, 1, '2024-06-24 00:00:00', '127.0.0.1', 1),
(1117, 1, 563, '0', NULL, NULL, NULL, '0', NULL, NULL, 1, 1, '2024-06-24 00:00:00', '127.0.0.1', 1),
(1118, 1, 563, '1', NULL, NULL, NULL, '1', NULL, NULL, 2, 1, '2024-06-24 00:00:00', '127.0.0.1', 1),
(1119, 1, 563, '2', NULL, NULL, NULL, '2', NULL, NULL, 3, 1, '2024-06-24 00:00:00', '127.0.0.1', 1),
(1120, 1, 563, '3', NULL, NULL, NULL, '3', NULL, NULL, 4, 1, '2024-06-24 00:00:00', '127.0.0.1', 1),
(1121, 1, 563, '4', NULL, NULL, NULL, '4', NULL, NULL, 5, 1, '2024-06-24 00:00:00', '127.0.0.1', 1),
(1122, 1, 563, '5', NULL, NULL, NULL, '5', NULL, NULL, 6, 1, '2024-06-24 00:00:00', '127.0.0.1', 1),
(1123, 1, 564, '0', NULL, NULL, NULL, '0', NULL, NULL, 1, 1, '2024-06-24 00:00:00', '127.0.0.1', 1),
(1124, 1, 564, '1', NULL, NULL, NULL, '1', NULL, NULL, 2, 1, '2024-06-24 00:00:00', '127.0.0.1', 1),
(1125, 1, 564, '2', NULL, NULL, NULL, '2', NULL, NULL, 3, 1, '2024-06-24 00:00:00', '127.0.0.1', 1),
(1126, 1, 564, '3', NULL, NULL, NULL, '3', NULL, NULL, 4, 1, '2024-06-24 00:00:00', '127.0.0.1', 1),
(1127, 1, 564, '4', NULL, NULL, NULL, '4', NULL, NULL, 5, 1, '2024-06-24 00:00:00', '127.0.0.1', 1),
(1128, 1, 564, '5', NULL, NULL, NULL, '5', NULL, NULL, 6, 1, '2024-06-24 00:00:00', '127.0.0.1', 1),
(1129, 1, 565, '0', NULL, NULL, NULL, '0', NULL, NULL, 1, 1, '2024-06-24 00:00:00', '127.0.0.1', 1),
(1130, 1, 565, '1', NULL, NULL, NULL, '1', NULL, NULL, 2, 1, '2024-06-24 00:00:00', '127.0.0.1', 1),
(1131, 1, 565, '2', NULL, NULL, NULL, '2', NULL, NULL, 3, 1, '2024-06-24 00:00:00', '127.0.0.1', 1),
(1132, 1, 565, '3', NULL, NULL, NULL, '3', NULL, NULL, 4, 1, '2024-06-24 00:00:00', '127.0.0.1', 1),
(1133, 1, 565, '4', NULL, NULL, NULL, '4', NULL, NULL, 5, 1, '2024-06-24 00:00:00', '127.0.0.1', 1),
(1134, 1, 565, '5', NULL, NULL, NULL, '5', NULL, NULL, 6, 1, '2024-06-24 00:00:00', '127.0.0.1', 1),
(1135, 1, 566, '0', NULL, NULL, NULL, '0', NULL, NULL, 1, 1, '2024-06-24 00:00:00', '127.0.0.1', 1),
(1136, 1, 566, '1', NULL, NULL, NULL, '1', NULL, NULL, 2, 1, '2024-06-24 00:00:00', '127.0.0.1', 1),
(1137, 1, 566, '2', NULL, NULL, NULL, '2', NULL, NULL, 3, 1, '2024-06-24 00:00:00', '127.0.0.1', 1),
(1138, 1, 566, '3', NULL, NULL, NULL, '3', NULL, NULL, 4, 1, '2024-06-24 00:00:00', '127.0.0.1', 1),
(1139, 1, 566, '4', NULL, NULL, NULL, '4', NULL, NULL, 5, 1, '2024-06-24 00:00:00', '127.0.0.1', 1),
(1140, 1, 566, '5', NULL, NULL, NULL, '5', NULL, NULL, 6, 1, '2024-06-24 00:00:00', '127.0.0.1', 1),
(1141, 1, 567, '0', NULL, NULL, NULL, '0', NULL, NULL, 1, 1, '2024-06-24 00:00:00', '127.0.0.1', 1),
(1142, 1, 567, '1', NULL, NULL, NULL, '1', NULL, NULL, 2, 1, '2024-06-24 00:00:00', '127.0.0.1', 1),
(1143, 1, 567, '2', NULL, NULL, NULL, '2', NULL, NULL, 3, 1, '2024-06-24 00:00:00', '127.0.0.1', 1),
(1144, 1, 567, '3', NULL, NULL, NULL, '3', NULL, NULL, 4, 1, '2024-06-24 00:00:00', '127.0.0.1', 1),
(1145, 1, 567, '4', NULL, NULL, NULL, '4', NULL, NULL, 5, 1, '2024-06-24 00:00:00', '127.0.0.1', 1),
(1146, 1, 567, '5', NULL, NULL, NULL, '5', NULL, NULL, 6, 1, '2024-06-24 00:00:00', '127.0.0.1', 1),
(1147, 1, 568, '0', NULL, NULL, NULL, '0', NULL, NULL, 1, 1, '2024-06-24 00:00:00', '127.0.0.1', 1),
(1148, 1, 568, '1', NULL, NULL, NULL, '1', NULL, NULL, 2, 1, '2024-06-24 00:00:00', '127.0.0.1', 1),
(1149, 1, 568, '2', NULL, NULL, NULL, '2', NULL, NULL, 3, 1, '2024-06-24 00:00:00', '127.0.0.1', 1),
(1150, 1, 568, '3', NULL, NULL, NULL, '3', NULL, NULL, 4, 1, '2024-06-24 00:00:00', '127.0.0.1', 1),
(1151, 1, 568, '4', NULL, NULL, NULL, '4', NULL, NULL, 5, 1, '2024-06-24 00:00:00', '127.0.0.1', 1),
(1152, 1, 568, '5', NULL, NULL, NULL, '5', NULL, NULL, 6, 1, '2024-06-24 00:00:00', '127.0.0.1', 1),
(1153, 1, 570, 'Rainfall season or Long rains (Marc-May)', NULL, NULL, NULL, 'Rainfall season or Long rains (Marc-May)', NULL, NULL, 1, 1, '2024-06-24 00:00:00', '127.0.0.1', 1),
(1154, 1, 570, 'Dry season or Short rains (Oct to Nov)', NULL, NULL, NULL, 'Dry season or Short rains (Oct to Nov)', NULL, NULL, 2, 1, '2024-06-24 00:00:00', '127.0.0.1', 1),
(1155, 1, 575, 'Yes', NULL, NULL, NULL, 'Yes', NULL, NULL, 1, 1, '2024-06-24 00:00:00', '127.0.0.1', 1),
(1156, 1, 575, 'No', NULL, NULL, NULL, 'No', NULL, NULL, 2, 1, '2024-06-24 00:00:00', '127.0.0.1', 1),
(1157, 1, 577, 'Boreholes', NULL, NULL, NULL, 'Boreholes', NULL, NULL, 1, 1, '2024-06-24 00:00:00', '127.0.0.1', 1),
(1158, 1, 577, 'Earth dam', NULL, NULL, NULL, 'Earth dam', NULL, NULL, 2, 1, '2024-06-24 00:00:00', '127.0.0.1', 1),
(1159, 1, 577, 'Piped water', NULL, NULL, NULL, 'Piped water', NULL, NULL, 3, 1, '2024-06-24 00:00:00', '127.0.0.1', 1),
(1160, 1, 577, 'Rooftops', NULL, NULL, NULL, 'Rooftops', NULL, NULL, 4, 1, '2024-06-24 00:00:00', '127.0.0.1', 1),
(1161, 1, 577, 'Shallow wells', NULL, NULL, NULL, 'Shallow wells', NULL, NULL, 5, 1, '2024-06-24 00:00:00', '127.0.0.1', 1),
(1162, 1, 577, 'Valley bottoms', NULL, NULL, NULL, 'Valley bottoms', NULL, NULL, 6, 1, '2024-06-24 00:00:00', '127.0.0.1', 1),
(1163, 1, 577, 'Water pans', NULL, NULL, NULL, 'Water pans', NULL, NULL, 7, 1, '2024-06-24 00:00:00', '127.0.0.1', 1),
(1164, 1, 577, 'Other', NULL, NULL, NULL, 'Other', NULL, NULL, 8, 1, '2024-06-24 00:00:00', '127.0.0.1', 1),
(1165, 1, 580, 'Yearly', NULL, NULL, NULL, 'Yearly', NULL, NULL, 1, 1, '2024-06-24 00:00:00', '127.0.0.1', 1),
(1166, 1, 580, 'Monthly', NULL, NULL, NULL, 'Monthly', NULL, NULL, 2, 1, '2024-06-24 00:00:00', '127.0.0.1', 1),
(1167, 1, 580, 'Weekly', NULL, NULL, NULL, 'Weekly', NULL, NULL, 3, 1, '2024-06-24 00:00:00', '127.0.0.1', 1),
(1168, 1, 581, 'Female headed households', NULL, NULL, NULL, 'Female headed households', NULL, NULL, 1, 1, '2024-06-24 00:00:00', '127.0.0.1', 1),
(1169, 1, 581, 'Male headed households', NULL, NULL, NULL, 'Male headed households', NULL, NULL, 2, 1, '2024-06-24 00:00:00', '127.0.0.1', 1),
(1170, 1, 581, 'Mixed headed households', NULL, NULL, NULL, 'Mixed headed households', NULL, NULL, 3, 1, '2024-06-24 00:00:00', '127.0.0.1', 1),
(1171, 1, 582, 'Yes', NULL, NULL, NULL, 'Yes', NULL, NULL, 1, 1, '2024-06-24 00:00:00', '127.0.0.1', 1),
(1172, 1, 582, 'No', NULL, NULL, NULL, 'No', NULL, NULL, 2, 1, '2024-06-24 00:00:00', '127.0.0.1', 1),
(1173, 1, 585, 'Drip irrigation', NULL, NULL, NULL, 'Drip irrigation', NULL, NULL, 1, 1, '2024-06-24 00:00:00', '127.0.0.1', 1),
(1174, 1, 585, 'Sprinkler irrigation', NULL, NULL, NULL, 'Sprinkler irrigation', NULL, NULL, 2, 1, '2024-06-24 00:00:00', '127.0.0.1', 1),
(1175, 1, 585, 'Center pivot', NULL, NULL, NULL, 'Center pivot', NULL, NULL, 3, 1, '2024-06-24 00:00:00', '127.0.0.1', 1),
(1176, 1, 585, 'Furrow', NULL, NULL, NULL, 'Furrow', NULL, NULL, 4, 1, '2024-06-24 00:00:00', '127.0.0.1', 1),
(1177, 1, 585, 'Flood irrigation', NULL, NULL, NULL, 'Flood irrigation', NULL, NULL, 5, 1, '2024-06-24 00:00:00', '127.0.0.1', 1),
(1178, 1, 585, 'Rain hose irrigation', NULL, NULL, NULL, 'Rain hose irrigation', NULL, NULL, 6, 1, '2024-06-24 00:00:00', '127.0.0.1', 1),
(1179, 1, 585, 'Basin irrigation', NULL, NULL, NULL, 'Basin irrigation', NULL, NULL, 7, 1, '2024-06-24 00:00:00', '127.0.0.1', 1),
(1180, 1, 585, 'Overhead irrigation', NULL, NULL, NULL, 'Overhead irrigation', NULL, NULL, 8, 1, '2024-06-24 00:00:00', '127.0.0.1', 1),
(1181, 1, 585, 'Others', NULL, NULL, NULL, 'Others', NULL, NULL, 9, 1, '2024-06-24 00:00:00', '127.0.0.1', 1),
(1182, 1, 587, 'Chillies', NULL, NULL, NULL, 'Chillies', NULL, NULL, 1, 1, '2024-06-24 00:00:00', '127.0.0.1', 1),
(1183, 1, 587, 'Cucumbers', NULL, NULL, NULL, 'Cucumbers', NULL, NULL, 2, 1, '2024-06-24 00:00:00', '127.0.0.1', 1),
(1184, 1, 587, 'Onions', NULL, NULL, NULL, 'Onions', NULL, NULL, 3, 1, '2024-06-24 00:00:00', '127.0.0.1', 1),
(1185, 1, 587, 'Tomatoes', NULL, NULL, NULL, 'Tomatoes', NULL, NULL, 4, 1, '2024-06-24 00:00:00', '127.0.0.1', 1),
(1186, 1, 587, 'Watermelons', NULL, NULL, NULL, 'Watermelons', NULL, NULL, 5, 1, '2024-06-24 00:00:00', '127.0.0.1', 1),
(1187, 1, 587, 'Millets', NULL, NULL, NULL, 'Millets', NULL, NULL, 6, 1, '2024-06-24 00:00:00', '127.0.0.1', 1),
(1188, 1, 587, 'Fodder', NULL, NULL, NULL, 'Fodder', NULL, NULL, 7, 1, '2024-06-24 00:00:00', '127.0.0.1', 1),
(1189, 1, 587, 'Others', NULL, NULL, NULL, 'Others', NULL, NULL, 8, 1, '2024-06-24 00:00:00', '127.0.0.1', 1),
(1190, 1, 589, '0', NULL, NULL, NULL, '0', NULL, NULL, 1, 1, '2024-06-24 00:00:00', '127.0.0.1', 1),
(1191, 1, 589, '1', NULL, NULL, NULL, '1', NULL, NULL, 2, 1, '2024-06-24 00:00:00', '127.0.0.1', 1),
(1192, 1, 589, '2', NULL, NULL, NULL, '2', NULL, NULL, 3, 1, '2024-06-24 00:00:00', '127.0.0.1', 1),
(1193, 1, 589, '3', NULL, NULL, NULL, '3', NULL, NULL, 4, 1, '2024-06-24 00:00:00', '127.0.0.1', 1),
(1194, 1, 589, '4', NULL, NULL, NULL, '4', NULL, NULL, 5, 1, '2024-06-24 00:00:00', '127.0.0.1', 1),
(1195, 1, 507, 'Mixed headed households', NULL, NULL, NULL, 'Mixed headed households', NULL, NULL, 3, 1, '2024-06-20 00:00:00', '127.0.0.1', 1),
(1196, 1, 502, 'Option1', NULL, NULL, NULL, 'Option1', NULL, NULL, 1, 1, '2024-06-20 00:00:00', '127.0.0.1', 1),
(1197, 1, 502, 'Option2', NULL, NULL, NULL, 'Option2', NULL, NULL, 2, 1, '2024-06-20 00:00:00', '127.0.0.1', 1),
(1198, 1, 503, 'Option1', NULL, NULL, NULL, 'Option1', NULL, NULL, 1, 1, '2024-06-20 00:00:00', '127.0.0.1', 1),
(1199, 1, 503, 'Option2', NULL, NULL, NULL, 'Option2', NULL, NULL, 2, 1, '2024-06-20 00:00:00', '127.0.0.1', 1),
(1200, 1, 504, 'Option1', NULL, NULL, NULL, 'Option1', NULL, NULL, 1, 1, '2024-06-20 00:00:00', '127.0.0.1', 1),
(1201, 1, 504, 'Option2', NULL, NULL, NULL, 'Option2', NULL, NULL, 2, 1, '2024-06-20 00:00:00', '127.0.0.1', 1),
(1202, 1, 505, 'Option1', NULL, NULL, NULL, 'Option1', NULL, NULL, 1, 1, '2024-06-20 00:00:00', '127.0.0.1', 1),
(1203, 1, 505, 'Option2', NULL, NULL, NULL, 'Option2', NULL, NULL, 2, 1, '2024-06-20 00:00:00', '127.0.0.1', 1),
(1204, 1, 506, 'Option1', NULL, NULL, NULL, 'Option1', NULL, NULL, 1, 1, '2024-06-20 00:00:00', '127.0.0.1', 1),
(1205, 1, 506, 'Option2', NULL, NULL, NULL, 'Option2', NULL, NULL, 2, 1, '2024-06-20 00:00:00', '127.0.0.1', 1),
(1206, 1, 593, 'Ploughing', NULL, NULL, NULL, 'Ploughing', NULL, NULL, 1, 1, '2024-06-20 00:00:00', '127.0.0.1', 1),
(1207, 1, 593, 'Seeding', NULL, NULL, NULL, 'Seeding', NULL, NULL, 2, 1, '2024-06-20 00:00:00', '127.0.0.1', 1),
(1208, 1, 593, 'Weeding', NULL, NULL, NULL, 'Weeding', NULL, NULL, 3, 1, '2024-06-20 00:00:00', '127.0.0.1', 1),
(1209, 1, 593, 'Harvesting', NULL, NULL, NULL, 'Harvesting', NULL, NULL, 4, 1, '2024-06-20 00:00:00', '127.0.0.1', 1),
(1210, 1, 593, 'Others', NULL, NULL, NULL, 'Others', NULL, NULL, 5, 1, '2024-06-26 00:00:00', '127.0.0.1', 1),
(1211, 1, 595, 'Male', NULL, NULL, NULL, 'Male', NULL, NULL, 1, 1, '2024-06-26 00:00:00', '127.0.0.1', 1),
(1212, 1, 595, 'Female', NULL, NULL, NULL, 'Female', NULL, NULL, 2, 1, '2024-06-26 00:00:00', '127.0.0.1', 1),
(1213, 1, 597, 'Maximum cost', NULL, NULL, NULL, 'Maximum cost', NULL, NULL, 1, 1, '2024-06-26 00:00:00', '127.0.0.1', 1),
(1214, 1, 597, 'Minimum cost', NULL, NULL, NULL, 'Minimum cost', NULL, NULL, 2, 1, '2024-06-26 00:00:00', '127.0.0.1', 1),
(1215, 1, 600, 'For female headed households', NULL, NULL, NULL, 'For female headed households', NULL, NULL, 1, 1, '2024-06-26 00:00:00', '127.0.0.1', 1),
(1216, 1, 600, 'For male headed households', NULL, NULL, NULL, 'For male headed households', NULL, NULL, 2, 1, '2024-06-26 00:00:00', '127.0.0.1', 1),
(1217, 1, 600, 'For mixed headed households', NULL, NULL, NULL, 'For mixed headed households', NULL, NULL, 3, 1, '2024-06-26 00:00:00', '127.0.0.1', 1),
(1218, 1, 601, 'Yes', NULL, NULL, NULL, 'Yes', NULL, NULL, 1, 1, '2024-06-26 00:00:00', '127.0.0.1', 1),
(1219, 1, 601, 'No', NULL, NULL, NULL, 'No', NULL, NULL, 2, 1, '2024-06-26 00:00:00', '127.0.0.1', 1),
(1220, 1, 602, 'For female headed households', NULL, NULL, NULL, 'For female headed households', NULL, NULL, 1, 1, '2024-06-26 00:00:00', '127.0.0.1', 1),
(1221, 1, 602, 'For male headed households', NULL, NULL, NULL, 'For male headed households', NULL, NULL, 2, 1, '2024-06-26 00:00:00', '127.0.0.1', 1),
(1222, 1, 602, 'For mixed headed households', NULL, NULL, NULL, 'For mixed headed households', NULL, NULL, 3, 1, '2024-06-26 00:00:00', '127.0.0.1', 1),
(1223, 1, 604, '0', NULL, NULL, NULL, '0', NULL, NULL, 1, 1, '2024-06-26 00:00:00', '127.0.0.1', 1),
(1224, 1, 604, '1', NULL, NULL, NULL, '1', NULL, NULL, 2, 1, '2024-06-26 00:00:00', '127.0.0.1', 1),
(1225, 1, 604, '2', NULL, NULL, NULL, '2', NULL, NULL, 3, 1, '2024-06-26 00:00:00', '127.0.0.1', 1),
(1226, 1, 604, '3', NULL, NULL, NULL, '3', NULL, NULL, 4, 1, '2024-06-26 00:00:00', '127.0.0.1', 1),
(1227, 1, 604, '4', NULL, NULL, NULL, '4', NULL, NULL, 5, 1, '2024-06-26 00:00:00', '127.0.0.1', 1),
(1228, 1, 606, 'Local dairy cows', NULL, NULL, NULL, 'Local dairy cows', NULL, NULL, 1, 1, '2024-06-26 00:00:00', '127.0.0.1', 1),
(1229, 1, 606, 'Improved dairy cows', NULL, NULL, NULL, 'Improved dairy cows', NULL, NULL, 2, 1, '2024-06-26 00:00:00', '127.0.0.1', 1),
(1230, 1, 606, 'Local dairy buffalo', NULL, NULL, NULL, 'Local dairy buffalo', NULL, NULL, 3, 1, '2024-06-26 00:00:00', '127.0.0.1', 1),
(1231, 1, 606, 'Improved dairy buffalo', NULL, NULL, NULL, 'Improved dairy buffalo', NULL, NULL, 4, 1, '2024-06-26 00:00:00', '127.0.0.1', 1),
(1232, 1, 606, 'Draught cattle', NULL, NULL, NULL, 'Draught cattle', NULL, NULL, 5, 1, '2024-06-26 00:00:00', '127.0.0.1', 1),
(1233, 1, 606, 'Draught buffalo', NULL, NULL, NULL, 'Draught buffalo', NULL, NULL, 6, 1, '2024-06-26 00:00:00', '127.0.0.1', 1),
(1234, 1, 606, 'Fattening cattle', NULL, NULL, NULL, 'Fattening cattle', NULL, NULL, 7, 1, '2024-06-26 00:00:00', '127.0.0.1', 1),
(1235, 1, 606, 'Sheep', NULL, NULL, NULL, 'Sheep', NULL, NULL, 8, 1, '2024-06-26 00:00:00', '127.0.0.1', 1),
(1236, 1, 606, 'Goats', NULL, NULL, NULL, 'Goats', NULL, NULL, 9, 1, '2024-06-26 00:00:00', '127.0.0.1', 1),
(1237, 1, 606, 'Pigs', NULL, NULL, NULL, 'Pigs', NULL, NULL, 10, 1, '2024-06-26 00:00:00', '127.0.0.1', 1),
(1238, 1, 606, 'Poultry – village', NULL, NULL, NULL, 'Poultry – village', NULL, NULL, 11, 1, '2024-06-26 00:00:00', '127.0.0.1', 1),
(1239, 1, 606, 'Poultry – commercial', NULL, NULL, NULL, 'Poultry – commercial', NULL, NULL, 12, 1, '2024-06-26 00:00:00', '127.0.0.1', 1),
(1240, 1, 606, 'Camels', NULL, NULL, NULL, 'Camels', NULL, NULL, 13, 1, '2024-06-26 00:00:00', '127.0.0.1', 1),
(1241, 1, 606, 'Horse', NULL, NULL, NULL, 'Horse', NULL, NULL, 14, 1, '2024-06-26 00:00:00', '127.0.0.1', 1),
(1242, 1, 606, 'Donkeys', NULL, NULL, NULL, 'Donkeys', NULL, NULL, 15, 1, '2024-06-26 00:00:00', '127.0.0.1', 1),
(1243, 1, 606, 'Others', NULL, NULL, NULL, 'Others', NULL, NULL, 16, 1, '2024-06-26 00:00:00', '127.0.0.1', 1),
(1244, 1, 608, 'Draught', NULL, NULL, NULL, 'Draught', NULL, NULL, 1, 1, '2024-06-26 00:00:00', '127.0.0.1', 1),
(1245, 1, 608, 'Manure production', NULL, NULL, NULL, 'Manure production', NULL, NULL, 2, 1, '2024-06-26 00:00:00', '127.0.0.1', 1),
(1246, 1, 608, 'Meat production', NULL, NULL, NULL, 'Meat production', NULL, NULL, 3, 1, '2024-06-26 00:00:00', '127.0.0.1', 1),
(1247, 1, 608, 'Production of milk for household consumption', NULL, NULL, NULL, 'Production of milk for household consumption', NULL, NULL, 4, 1, '2024-06-26 00:00:00', '127.0.0.1', 1),
(1248, 1, 608, 'Production of milk for sale', NULL, NULL, NULL, 'Production of milk for sale', NULL, NULL, 5, 1, '2024-06-26 00:00:00', '127.0.0.1', 1),
(1249, 1, 609, 'Women', NULL, NULL, NULL, 'Women', NULL, NULL, 1, 1, '2024-06-26 00:00:00', '127.0.0.1', 1),
(1250, 1, 609, 'Men', NULL, NULL, NULL, 'Men', NULL, NULL, 2, 1, '2024-06-26 00:00:00', '127.0.0.1', 1),
(1251, 1, 610, 'Female headed households', NULL, NULL, NULL, 'Female headed households', NULL, NULL, 1, 1, '2024-06-26 00:00:00', '127.0.0.1', 1),
(1252, 1, 610, 'Male headed households', NULL, NULL, NULL, 'Male headed households', NULL, NULL, 2, 1, '2024-06-26 00:00:00', '127.0.0.1', 1),
(1253, 1, 613, 'Commercial banks', NULL, NULL, NULL, 'Commercial banks', NULL, NULL, 1, 1, '2024-06-26 00:00:00', '127.0.0.1', 1),
(1254, 1, 613, 'Personal loans', NULL, NULL, NULL, 'Personal loans', NULL, NULL, 2, 1, '2024-06-26 00:00:00', '127.0.0.1', 1),
(1255, 1, 613, 'Others', NULL, NULL, NULL, 'Others', NULL, NULL, 3, 1, '2024-06-26 00:00:00', '127.0.0.1', 1),
(1256, 1, 615, 'Veterinary services', NULL, NULL, NULL, 'Veterinary services', NULL, NULL, 1, 1, '2024-06-26 00:00:00', '127.0.0.1', 1),
(1257, 1, 615, 'Breeding & AI', NULL, NULL, NULL, 'Breeding & AI', NULL, NULL, 2, 1, '2024-06-26 00:00:00', '127.0.0.1', 1),
(1258, 1, 615, 'Shed construction', NULL, NULL, NULL, 'Shed construction', NULL, NULL, 3, 1, '2024-06-26 00:00:00', '127.0.0.1', 1),
(1259, 1, 615, 'Marketing', NULL, NULL, NULL, 'Marketing', NULL, NULL, 4, 1, '2024-06-26 00:00:00', '127.0.0.1', 1),
(1260, 1, 615, 'Others', NULL, NULL, NULL, 'Others', NULL, NULL, 5, 1, '2024-06-26 00:00:00', '127.0.0.1', 1),
(1261, 1, 617, 'Women', NULL, NULL, NULL, 'Women', NULL, NULL, 1, 1, '2024-06-26 00:00:00', '127.0.0.1', 1),
(1262, 1, 617, 'Men', NULL, NULL, NULL, 'Men', NULL, NULL, 2, 1, '2024-06-26 00:00:00', '127.0.0.1', 1),
(1263, 1, 618, 'Formal credit', NULL, NULL, NULL, 'Formal credit', NULL, NULL, 1, 1, '2024-06-26 00:00:00', '127.0.0.1', 1),
(1264, 1, 618, 'Informal credit', NULL, NULL, NULL, 'Informal credit', NULL, NULL, 2, 1, '2024-06-26 00:00:00', '127.0.0.1', 1),
(1265, 1, 623, 'Male headed households', NULL, NULL, NULL, 'Male headed households', NULL, NULL, 1, 1, '2024-06-26 00:00:00', '127.0.0.1', 1),
(1266, 1, 623, 'Female headed households', NULL, NULL, NULL, 'Female headed households', NULL, NULL, 2, 1, '2024-06-26 00:00:00', '127.0.0.1', 1),
(1267, 1, 623, 'Women in male headed households', NULL, NULL, NULL, 'Women in male headed households', NULL, NULL, 3, 1, '2024-06-26 00:00:00', '127.0.0.1', 1),
(1268, 1, 625, '0', NULL, NULL, NULL, '0', NULL, NULL, 1, 1, '2024-06-26 00:00:00', '127.0.0.1', 1),
(1269, 1, 625, '1', NULL, NULL, NULL, '1', NULL, NULL, 2, 1, '2024-06-26 00:00:00', '127.0.0.1', 1),
(1270, 1, 625, '2', NULL, NULL, NULL, '2', NULL, NULL, 3, 1, '2024-06-26 00:00:00', '127.0.0.1', 1),
(1271, 1, 625, '3', NULL, NULL, NULL, '3', NULL, NULL, 4, 1, '2024-06-26 00:00:00', '127.0.0.1', 1),
(1272, 1, 625, '4', NULL, NULL, NULL, '4', NULL, NULL, 5, 1, '2024-06-26 00:00:00', '127.0.0.1', 1),
(1273, 1, 627, 'Yes', NULL, NULL, NULL, 'Yes', NULL, NULL, 1, 1, '2024-06-26 00:00:00', '127.0.0.1', 1),
(1274, 1, 627, 'No', NULL, NULL, NULL, 'No', NULL, NULL, 2, 1, '2024-06-26 00:00:00', '127.0.0.1', 1),
(1275, 1, 628, 'Increasing', NULL, NULL, NULL, 'Increasing', NULL, NULL, 1, 1, '2024-06-26 00:00:00', '127.0.0.1', 1),
(1276, 1, 628, 'Decreasing', NULL, NULL, NULL, 'Decreasing', NULL, NULL, 2, 1, '2024-06-26 00:00:00', '127.0.0.1', 1),
(1277, 1, 629, 'Yes', NULL, NULL, NULL, 'Yes', NULL, NULL, 1, 1, '2024-06-26 00:00:00', '127.0.0.1', 1),
(1278, 1, 629, 'No', NULL, NULL, NULL, 'No', NULL, NULL, 2, 1, '2024-06-26 00:00:00', '127.0.0.1', 1),
(1279, 1, 630, 'Yes', NULL, NULL, NULL, 'Yes', NULL, NULL, 1, 1, '2024-06-26 00:00:00', '127.0.0.1', 1),
(1280, 1, 630, 'No', NULL, NULL, NULL, 'No', NULL, NULL, 2, 1, '2024-06-26 00:00:00', '127.0.0.1', 1),
(1281, 1, 635, 'Increasing', NULL, NULL, NULL, 'Increasing', NULL, NULL, 1, 1, '2024-06-26 00:00:00', '127.0.0.1', 1),
(1282, 1, 635, 'Decreasing', NULL, NULL, NULL, 'Decreasing', NULL, NULL, 2, 1, '2024-06-26 00:00:00', '127.0.0.1', 1),
(1283, 1, 637, 'Hectare (Ha)', NULL, NULL, NULL, 'Hectare (Ha)', NULL, NULL, 1, 1, '2024-06-26 00:00:00', '127.0.0.1', 1),
(1284, 1, 637, 'Acre (Ac)', NULL, NULL, NULL, 'Acre (Ac)', NULL, NULL, 2, 1, '2024-06-26 00:00:00', '127.0.0.1', 1),
(1285, 1, 637, 'Local units', NULL, NULL, NULL, 'Local units', NULL, NULL, 3, 1, '2024-06-26 00:00:00', '127.0.0.1', 1),
(1286, 1, 639, 'Fodder %', NULL, NULL, NULL, 'Fodder %', NULL, NULL, 1, 1, '2024-06-26 00:00:00', '127.0.0.1', 1),
(1287, 1, 639, 'Subsistence %', NULL, NULL, NULL, 'Subsistence %', NULL, NULL, 2, 1, '2024-06-26 00:00:00', '127.0.0.1', 1),
(1288, 1, 639, 'Cas Crops %', NULL, NULL, NULL, 'Cas Crops %', NULL, NULL, 3, 1, '2024-06-26 00:00:00', '127.0.0.1', 1),
(1289, 1, 643, 'Yes', NULL, NULL, NULL, 'Yes', NULL, NULL, 1, 1, '2024-06-26 00:00:00', '127.0.0.1', 1),
(1290, 1, 643, 'No', NULL, NULL, NULL, 'No', NULL, NULL, 2, 1, '2024-06-26 00:00:00', '127.0.0.1', 1),
(1291, 1, 644, 'Yes', NULL, NULL, NULL, 'Yes', NULL, NULL, 1, 1, '2024-06-26 00:00:00', '127.0.0.1', 1),
(1292, 1, 644, 'No', NULL, NULL, NULL, 'No', NULL, NULL, 2, 1, '2024-06-26 00:00:00', '127.0.0.1', 1),
(1293, 1, 645, '0', NULL, NULL, NULL, '0', NULL, NULL, 1, 1, '2024-06-26 00:00:00', '127.0.0.1', 1),
(1294, 1, 645, '1', NULL, NULL, NULL, '1', NULL, NULL, 2, 1, '2024-06-26 00:00:00', '127.0.0.1', 1),
(1295, 1, 645, '2', NULL, NULL, NULL, '2', NULL, NULL, 3, 1, '2024-06-26 00:00:00', '127.0.0.1', 1),
(1296, 1, 645, '3', NULL, NULL, NULL, '3', NULL, NULL, 4, 1, '2024-06-26 00:00:00', '127.0.0.1', 1),
(1297, 1, 645, '4', NULL, NULL, NULL, '4', NULL, NULL, 5, 1, '2024-06-26 00:00:00', '127.0.0.1', 1),
(1298, 1, 649, 'Yes', NULL, NULL, NULL, 'Yes', NULL, NULL, 1, 1, '2024-06-26 00:00:00', '127.0.0.1', 1),
(1299, 1, 649, 'No', NULL, NULL, NULL, 'No', NULL, NULL, 2, 1, '2024-06-26 00:00:00', '127.0.0.1', 1),
(1300, 1, 650, 'Yes', NULL, NULL, NULL, 'Yes', NULL, NULL, 1, 1, '2024-06-26 00:00:00', '127.0.0.1', 1),
(1301, 1, 650, 'No', NULL, NULL, NULL, 'No', NULL, NULL, 2, 1, '2024-06-26 00:00:00', '127.0.0.1', 1),
(1302, 1, 651, 'Option1', NULL, NULL, NULL, 'Option1', NULL, NULL, 1, 1, '2024-06-26 00:00:00', '127.0.0.1', 1),
(1303, 1, 651, 'Option2', NULL, NULL, NULL, 'Option2', NULL, NULL, 2, 1, '2024-06-26 00:00:00', '127.0.0.1', 1),
(1304, 1, 652, 'Acaricides', NULL, NULL, NULL, 'Acaricides', NULL, NULL, 1, 1, '2024-06-26 00:00:00', '127.0.0.1', 1),
(1305, 1, 652, 'Animal health drugs', NULL, NULL, NULL, 'Animal health drugs', NULL, NULL, 2, 1, '2024-06-26 00:00:00', '127.0.0.1', 1),
(1306, 1, 652, 'Farm implements (hoe, sickle, plough)', NULL, NULL, NULL, 'Farm implements (hoe, sickle, plough)', NULL, NULL, 3, 1, '2024-06-26 00:00:00', '127.0.0.1', 1),
(1307, 1, 652, 'Feeds', NULL, NULL, NULL, 'Feeds', NULL, NULL, 4, 1, '2024-06-26 00:00:00', '127.0.0.1', 1),
(1308, 1, 652, 'Fertilizer', NULL, NULL, NULL, 'Fertilizer', NULL, NULL, 5, 1, '2024-06-26 00:00:00', '127.0.0.1', 1),
(1309, 1, 652, 'Irrigation equipment', NULL, NULL, NULL, 'Irrigation equipment', NULL, NULL, 6, 1, '2024-06-26 00:00:00', '127.0.0.1', 1),
(1310, 1, 652, 'Plastic sheeting', NULL, NULL, NULL, 'Plastic sheeting', NULL, NULL, 7, 1, '2024-06-26 00:00:00', '127.0.0.1', 1),
(1311, 1, 652, 'Seeds', NULL, NULL, NULL, 'Seeds', NULL, NULL, 8, 1, '2024-06-26 00:00:00', '127.0.0.1', 1),
(1312, 1, 652, 'Water pumps/pipes', NULL, NULL, NULL, 'Water pumps/pipes', NULL, NULL, 9, 1, '2024-06-26 00:00:00', '127.0.0.1', 1),
(1313, 1, 652, 'Others', NULL, NULL, NULL, 'Others', NULL, NULL, 10, 1, '2024-06-26 00:00:00', '127.0.0.1', 1),
(1314, 1, 654, 'Women', NULL, NULL, NULL, 'Women', NULL, NULL, 1, 1, '2024-06-26 00:00:00', '127.0.0.1', 1),
(1315, 1, 654, 'Men', NULL, NULL, NULL, 'Men', NULL, NULL, 2, 1, '2024-06-26 00:00:00', '127.0.0.1', 1),
(1316, 1, 655, '0', NULL, NULL, NULL, '0', NULL, NULL, 1, 1, '2024-06-26 00:00:00', '127.0.0.1', 1),
(1317, 1, 655, '1', NULL, NULL, NULL, '1', NULL, NULL, 2, 1, '2024-06-26 00:00:00', '127.0.0.1', 1),
(1318, 1, 655, '2', NULL, NULL, NULL, '2', NULL, NULL, 3, 1, '2024-06-26 00:00:00', '127.0.0.1', 1),
(1319, 1, 655, '3', NULL, NULL, NULL, '3', NULL, NULL, 4, 1, '2024-06-26 00:00:00', '127.0.0.1', 1),
(1320, 1, 655, '4', NULL, NULL, NULL, '4', NULL, NULL, 5, 1, '2024-06-26 00:00:00', '127.0.0.1', 1),
(1321, 4, 663, 'Female', NULL, NULL, NULL, 'Female', NULL, NULL, 1, 1, '2024-06-27 00:00:00', '127.0.0.1', 1),
(1322, 4, 663, 'Male', NULL, NULL, NULL, 'Male', NULL, NULL, 2, 1, '2024-06-27 00:00:00', '127.0.0.1', 1),
(1323, 4, 666, 'Female', NULL, NULL, NULL, 'Female', NULL, NULL, 1, 1, '2024-06-27 00:00:00', '127.0.0.1', 1),
(1324, 4, 666, 'Male', NULL, NULL, NULL, 'Male', NULL, NULL, 2, 1, '2024-06-27 00:00:00', '127.0.0.1', 1),
(1325, 4, 666, 'Others', NULL, NULL, NULL, 'Others', NULL, NULL, 3, 1, '2024-06-27 00:00:00', '127.0.0.1', 1),
(1326, 4, 669, 'Village', NULL, NULL, NULL, 'Village', NULL, NULL, 1, 1, '2024-06-27 00:00:00', '127.0.0.1', 1),
(1327, 4, 669, 'Other', NULL, NULL, NULL, 'Other', NULL, NULL, 2, 1, '2024-06-27 00:00:00', '127.0.0.1', 1),
(1328, 4, 670, 'Option1', NULL, NULL, NULL, 'Option1', NULL, NULL, 1, 1, '2024-06-27 00:00:00', '127.0.0.1', 1),
(1329, 4, 670, 'Option2', NULL, NULL, NULL, 'Option2', NULL, NULL, 2, 1, '2024-06-27 00:00:00', '127.0.0.1', 1),
(1330, 4, 670, 'Option3', NULL, NULL, NULL, 'Option3', NULL, NULL, 3, 1, '2024-06-27 00:00:00', '127.0.0.1', 1),
(1331, 4, 671, 'Female household members', NULL, NULL, NULL, 'Female household members', NULL, NULL, 1, 1, '2024-06-27 00:00:00', '127.0.0.1', 1),
(1332, 4, 671, 'Male household members', NULL, NULL, NULL, 'Male household members', NULL, NULL, 2, 1, '2024-06-27 00:00:00', '127.0.0.1', 1),
(1333, 4, 672, 'Own', NULL, NULL, NULL, 'Own', NULL, NULL, 1, 1, '2024-06-27 00:00:00', '127.0.0.1', 1),
(1334, 4, 672, 'Control', NULL, NULL, NULL, 'Control', NULL, NULL, 2, 1, '2024-06-27 00:00:00', '127.0.0.1', 1),
(1335, 4, 673, 'Jointly owned land', NULL, NULL, NULL, 'Jointly owned land', NULL, NULL, 1, 1, '2024-06-27 00:00:00', '127.0.0.1', 1),
(1336, 4, 673, 'Individually owned by the woman', NULL, NULL, NULL, 'Individually owned by the woman', NULL, NULL, 2, 1, '2024-06-27 00:00:00', '127.0.0.1', 1),
(1337, 4, 673, 'Individually owned by the man', NULL, NULL, NULL, 'Individually owned by the man', NULL, NULL, 3, 1, '2024-06-27 00:00:00', '127.0.0.1', 1),
(1338, 4, 674, 'Female', NULL, NULL, NULL, 'Female', NULL, NULL, 1, 1, '2024-06-27 00:00:00', '127.0.0.1', 1),
(1339, 4, 674, 'Male', NULL, NULL, NULL, 'Male', NULL, NULL, 2, 1, '2024-06-27 00:00:00', '127.0.0.1', 1),
(1340, 4, 675, 'Local Units', NULL, NULL, NULL, 'Local Units', NULL, NULL, 3, 1, '2024-06-27 00:00:00', '127.0.0.1', 0),
(1341, 4, 741, 'Acre', NULL, NULL, NULL, 'Acre', NULL, NULL, 2, 1, '2024-06-27 00:00:00', '127.0.0.1', 1),
(1342, 4, 741, 'Hectare', NULL, NULL, NULL, 'Hectare', NULL, NULL, 1, 1, '2024-06-27 00:00:00', '127.0.0.1', 1),
(1343, 4, 741, 'Others', NULL, NULL, NULL, 'Others', NULL, NULL, 3, 1, '2024-06-27 00:00:00', '127.0.0.1', 1),
(1344, 4, 680, 'Landless', NULL, NULL, NULL, 'Landless', NULL, NULL, 1, 1, '2024-06-27 00:00:00', '127.0.0.1', 1),
(1345, 4, 680, 'Small', NULL, NULL, NULL, 'Small', NULL, NULL, 2, 1, '2024-06-27 00:00:00', '127.0.0.1', 1),
(1346, 4, 680, 'Medium', NULL, NULL, NULL, 'Medium', NULL, NULL, 3, 1, '2024-06-27 00:00:00', '127.0.0.1', 1),
(1347, 4, 680, 'Large', NULL, NULL, NULL, 'Large', NULL, NULL, 4, 1, '2024-06-27 00:00:00', '127.0.0.1', 1),
(1348, 4, 681, 'Option1', NULL, NULL, NULL, 'Option1', NULL, NULL, 1, 1, '2024-06-27 00:00:00', '127.0.0.1', 1),
(1349, 4, 681, 'Option2', NULL, NULL, NULL, 'Option2', NULL, NULL, 2, 1, '2024-06-27 00:00:00', '127.0.0.1', 1),
(1350, 4, 681, 'Option3', NULL, NULL, NULL, 'Option3', NULL, NULL, 3, 1, '2024-06-27 00:00:00', '127.0.0.1', 1),
(1351, 1, 685, 'Option1', NULL, NULL, NULL, 'Option1', NULL, NULL, 1, 1, '2024-07-03 00:00:00', '127.0.0.1', 1),
(1352, 1, 685, 'Option2', NULL, NULL, NULL, 'Option2', NULL, NULL, 2, 1, '2024-07-03 00:00:00', '127.0.0.1', 1),
(1353, 1, 685, 'Option3', NULL, NULL, NULL, 'Option3', NULL, NULL, 3, 1, '2024-07-03 00:00:00', '127.0.0.1', 1),
(1354, 1, 698, 'Hectare (ha)', NULL, NULL, NULL, 'Hectare (ha)', NULL, NULL, 1, 1, '2024-07-04 00:00:00', '127.0.0.1', 1),
(1355, 1, 698, 'Acre (ac)', NULL, NULL, NULL, 'Acre (ac)', NULL, NULL, 2, 1, '2024-07-04 00:00:00', '127.0.0.1', 1),
(1356, 1, 704, 'Rainfall season or Long rains (Marc-May)', NULL, NULL, NULL, 'Rainfall season or Long rains (Marc-May)', NULL, NULL, 1, 1, '2024-07-04 00:00:00', '127.0.0.1', 1),
(1357, 1, 704, 'Dry season or Short rains (Oct to Nov)', NULL, NULL, NULL, 'Dry season or Short rains (Oct to Nov)', NULL, NULL, 2, 1, '2024-07-04 00:00:00', '127.0.0.1', 1),
(1358, 1, 704, 'Others', NULL, NULL, NULL, 'Others', NULL, NULL, 3, 1, '2024-07-04 00:00:00', '127.0.0.1', 1),
(1359, 1, 706, 'Jan', NULL, NULL, NULL, 'Jan', NULL, NULL, 1, 1, '2024-06-23 00:00:00', '127.0.0.1', 1),
(1360, 1, 706, 'Feb', NULL, NULL, NULL, 'Feb', NULL, NULL, 2, 1, '2024-06-23 00:00:00', '127.0.0.1', 1),
(1361, 1, 706, 'Mar', NULL, NULL, NULL, 'Mar', NULL, NULL, 3, 1, '2024-06-23 00:00:00', '127.0.0.1', 1),
(1362, 1, 706, 'Apr', NULL, NULL, NULL, 'Apr', NULL, NULL, 4, 1, '2024-06-23 00:00:00', '127.0.0.1', 1),
(1363, 1, 706, 'May', NULL, NULL, NULL, 'May', NULL, NULL, 5, 1, '2024-06-23 00:00:00', '127.0.0.1', 1),
(1364, 1, 706, 'June', NULL, NULL, NULL, 'June', NULL, NULL, 6, 1, '2024-06-23 00:00:00', '127.0.0.1', 1),
(1365, 1, 706, 'July', NULL, NULL, NULL, 'July', NULL, NULL, 7, 1, '2024-06-23 00:00:00', '127.0.0.1', 1),
(1366, 1, 706, 'August', NULL, NULL, NULL, 'August', NULL, NULL, 8, 1, '2024-06-23 00:00:00', '127.0.0.1', 1),
(1367, 1, 706, 'September', NULL, NULL, NULL, 'September', NULL, NULL, 9, 1, '2024-06-23 00:00:00', '127.0.0.1', 1),
(1368, 1, 706, 'October', NULL, NULL, NULL, 'October', NULL, NULL, 10, 1, '2024-06-23 00:00:00', '127.0.0.1', 1),
(1369, 1, 706, 'November', NULL, NULL, NULL, 'November', NULL, NULL, 11, 1, '2024-06-23 00:00:00', '127.0.0.1', 1),
(1370, 1, 706, 'December', NULL, NULL, NULL, 'December', NULL, NULL, 12, 1, '2024-06-23 00:00:00', '127.0.0.1', 1),
(1371, 1, 707, '0', NULL, NULL, NULL, '0', NULL, NULL, 1, 1, '2024-07-04 00:00:00', '127.0.0.1', 1),
(1372, 1, 707, '1', NULL, NULL, NULL, '1', NULL, NULL, 2, 1, '2024-07-04 00:00:00', '127.0.0.1', 1),
(1373, 1, 707, '2', NULL, NULL, NULL, '2', NULL, NULL, 3, 1, '2024-07-04 00:00:00', '127.0.0.1', 1),
(1374, 1, 707, '3', NULL, NULL, NULL, '3', NULL, NULL, 4, 1, '2024-07-04 00:00:00', '127.0.0.1', 1),
(1375, 1, 707, '4', NULL, NULL, NULL, '4', NULL, NULL, 5, 1, '2024-07-04 00:00:00', '127.0.0.1', 1),
(1376, 1, 707, '5', NULL, NULL, NULL, '5', NULL, NULL, 6, 1, '2024-07-04 00:00:00', '127.0.0.1', 1),
(1377, 1, 709, 'Agro-pastoral/extensive mixed systems', NULL, NULL, NULL, 'Agro-pastoral/extensive mixed systems', NULL, NULL, 1, 1, '2024-07-04 00:00:00', '127.0.0.1', 1),
(1378, 1, 709, 'Intensive mixed crop-livetsock systems (Incl. trees)', NULL, NULL, NULL, 'Intensive mixed crop-livetsock systems (Incl. trees)', NULL, NULL, 2, 1, '2024-07-04 00:00:00', '127.0.0.1', 1),
(1379, 1, 709, 'Landless livetsock producers (intensive)', NULL, NULL, NULL, 'Landless livetsock producers (intensive)', NULL, NULL, 3, 1, '2024-07-04 00:00:00', '127.0.0.1', 1),
(1380, 1, 709, 'Pastoral (Extensive grazing system)', NULL, NULL, NULL, 'Pastoral (Extensive grazing system)', NULL, NULL, 4, 1, '2024-07-04 00:00:00', '127.0.0.1', 1),
(1381, 1, 710, 'Cattle/buffalo breeding (Cow-calf)', NULL, NULL, NULL, 'Cattle/buffalo breeding (Cow-calf)', NULL, NULL, 1, 1, '2024-07-04 00:00:00', '127.0.0.1', 1),
(1382, 1, 710, 'Cattle/buffalo fattening', NULL, NULL, NULL, 'Cattle/buffalo fattening', NULL, NULL, 2, 1, '2024-07-04 00:00:00', '127.0.0.1', 1),
(1383, 1, 710, 'Dairy cattle/buffalo', NULL, NULL, NULL, 'Dairy cattle/buffalo', NULL, NULL, 3, 1, '2024-07-04 00:00:00', '127.0.0.1', 1),
(1384, 1, 710, 'Pig breeding (Sow-piglets)', NULL, NULL, NULL, 'Pig breeding (Sow-piglets)', NULL, NULL, 4, 1, '2024-07-04 00:00:00', '127.0.0.1', 1),
(1385, 1, 710, 'Pig fattening', NULL, NULL, NULL, 'Pig fattening', NULL, NULL, 5, 1, '2024-07-04 00:00:00', '127.0.0.1', 1),
(1386, 1, 710, 'Sheep/goat breeding', NULL, NULL, NULL, 'Sheep/goat breeding', NULL, NULL, 6, 1, '2024-07-04 00:00:00', '127.0.0.1', 1),
(1387, 1, 710, 'Sheep/goat fattening', NULL, NULL, NULL, 'Sheep/goat fattening', NULL, NULL, 7, 1, '2024-07-04 00:00:00', '127.0.0.1', 1),
(1388, 1, 711, 'Availability of water in growing season (4=best )', NULL, NULL, NULL, 'Availability of water in growing season', NULL, NULL, 1, 1, '2024-07-04 00:00:00', '127.0.0.1', 1),
(1389, 1, 711, 'Availability of knowledge/skill (4=best)', NULL, NULL, NULL, 'Availability of knowledge/skill', NULL, NULL, 2, 1, '2024-07-04 00:00:00', '127.0.0.1', 1),
(1390, 1, 711, 'Availability of labor (4=best)', NULL, NULL, NULL, 'Availability of labor', NULL, NULL, 3, 1, '2024-07-04 00:00:00', '127.0.0.1', 1),
(1391, 1, 711, 'Availability of cash/credit (4=best)', NULL, NULL, NULL, 'Availability of cash/credit', NULL, NULL, 4, 1, '2024-07-04 00:00:00', '127.0.0.1', 1),
(1392, 1, 711, 'Availability of land for fodder cultivation (4=best)', NULL, NULL, NULL, 'Availability of land for fodder cultivation', NULL, NULL, 5, 1, '2024-07-04 00:00:00', '127.0.0.1', 1),
(1393, 1, 711, 'Availability of input delivery (4=best)', NULL, NULL, NULL, 'Availability of input delivery', NULL, NULL, 6, 1, '2024-07-04 00:00:00', '127.0.0.1', 1),
(1394, 1, 711, 'Is scarcity of feed in the dry/cool season a problem? (0=no, 4=serious problem)', NULL, NULL, NULL, 'Is scarcity of feed in the dry/cool season a problem?', NULL, NULL, 7, 1, '2024-07-04 00:00:00', '127.0.0.1', 1),
(1395, 1, 711, 'Is scarcity of feed in the growing season a problem? (0=no, 4=serious problem) ', NULL, NULL, NULL, 'Is scarcity of feed in the growing season a problem?', NULL, NULL, 8, 1, '2024-07-04 00:00:00', '127.0.0.1', 1),
(1396, 1, 711, 'Is overall feed availability a problem? (0=no, 4=serious problem) ', NULL, NULL, NULL, 'Is overall feed availability a problem?', NULL, NULL, 9, 1, '2024-07-04 00:00:00', '127.0.0.1', 1),
(1397, 1, 711, 'Is overall feed quality a problem? (0=no, 4=serious problem) ', NULL, NULL, NULL, 'Is overall feed quality a problem?', NULL, NULL, 10, 1, '2024-07-04 00:00:00', '127.0.0.1', 1),
(1398, 1, 712, '0', NULL, NULL, NULL, '0', NULL, NULL, 1, 1, '2024-07-04 00:00:00', '127.0.0.1', 1),
(1399, 1, 712, '1', NULL, NULL, NULL, '1', NULL, NULL, 2, 1, '2024-07-04 00:00:00', '127.0.0.1', 1),
(1400, 1, 712, '2', NULL, NULL, NULL, '2', NULL, NULL, 3, 1, '2024-07-04 00:00:00', '127.0.0.1', 1),
(1401, 1, 712, '3', NULL, NULL, NULL, '3', NULL, NULL, 4, 1, '2024-07-04 00:00:00', '127.0.0.1', 1),
(1402, 1, 712, '4', NULL, NULL, NULL, '4', NULL, NULL, 5, 1, '2024-07-04 00:00:00', '127.0.0.1', 1),
(1403, 1, 713, '0', NULL, NULL, NULL, '0', NULL, NULL, 1, 1, '2024-07-04 00:00:00', '127.0.0.1', 1),
(1404, 1, 713, '1', NULL, NULL, NULL, '1', NULL, NULL, 2, 1, '2024-07-04 00:00:00', '127.0.0.1', 1),
(1405, 1, 713, '2', NULL, NULL, NULL, '2', NULL, NULL, 3, 1, '2024-07-04 00:00:00', '127.0.0.1', 1),
(1406, 1, 713, '3', NULL, NULL, NULL, '3', NULL, NULL, 4, 1, '2024-07-04 00:00:00', '127.0.0.1', 1),
(1407, 1, 713, '4', NULL, NULL, NULL, '4', NULL, NULL, 5, 1, '2024-07-04 00:00:00', '127.0.0.1', 1),
(1408, 1, 714, '0', NULL, NULL, NULL, '0', NULL, NULL, 1, 1, '2024-07-04 00:00:00', '127.0.0.1', 1),
(1409, 1, 714, '1', NULL, NULL, NULL, '1', NULL, NULL, 2, 1, '2024-07-04 00:00:00', '127.0.0.1', 1),
(1410, 1, 714, '2', NULL, NULL, NULL, '2', NULL, NULL, 3, 1, '2024-07-04 00:00:00', '127.0.0.1', 1),
(1411, 1, 714, '3', NULL, NULL, NULL, '3', NULL, NULL, 4, 1, '2024-07-04 00:00:00', '127.0.0.1', 1),
(1412, 1, 714, '4', NULL, NULL, NULL, '4', NULL, NULL, 5, 1, '2024-07-04 00:00:00', '127.0.0.1', 1),
(1413, 1, 715, '0', NULL, NULL, NULL, '0', NULL, NULL, 1, 1, '2024-07-04 00:00:00', '127.0.0.1', 1),
(1414, 1, 715, '1', NULL, NULL, NULL, '1', NULL, NULL, 2, 1, '2024-07-04 00:00:00', '127.0.0.1', 1),
(1415, 1, 715, '2', NULL, NULL, NULL, '2', NULL, NULL, 3, 1, '2024-07-04 00:00:00', '127.0.0.1', 1),
(1416, 1, 715, '3', NULL, NULL, NULL, '3', NULL, NULL, 4, 1, '2024-07-04 00:00:00', '127.0.0.1', 1),
(1417, 1, 715, '4', NULL, NULL, NULL, '4', NULL, NULL, 5, 1, '2024-07-04 00:00:00', '127.0.0.1', 1),
(1418, 1, 716, '0', NULL, NULL, NULL, '0', NULL, NULL, 1, 1, '2024-07-04 00:00:00', '127.0.0.1', 1),
(1419, 1, 716, '1', NULL, NULL, NULL, '1', NULL, NULL, 2, 1, '2024-07-04 00:00:00', '127.0.0.1', 1),
(1420, 1, 716, '2', NULL, NULL, NULL, '2', NULL, NULL, 3, 1, '2024-07-04 00:00:00', '127.0.0.1', 1),
(1421, 1, 716, '3', NULL, NULL, NULL, '3', NULL, NULL, 4, 1, '2024-07-04 00:00:00', '127.0.0.1', 1),
(1422, 1, 716, '4', NULL, NULL, NULL, '4', NULL, NULL, 5, 1, '2024-07-04 00:00:00', '127.0.0.1', 1),
(1423, 1, 717, '0', NULL, NULL, NULL, '0', NULL, NULL, 1, 1, '2024-07-04 00:00:00', '127.0.0.1', 1),
(1424, 1, 717, '1', NULL, NULL, NULL, '1', NULL, NULL, 2, 1, '2024-07-04 00:00:00', '127.0.0.1', 1),
(1425, 1, 717, '2', NULL, NULL, NULL, '2', NULL, NULL, 3, 1, '2024-07-04 00:00:00', '127.0.0.1', 1),
(1426, 1, 717, '3', NULL, NULL, NULL, '3', NULL, NULL, 4, 1, '2024-07-04 00:00:00', '127.0.0.1', 1),
(1427, 1, 717, '4', NULL, NULL, NULL, '4', NULL, NULL, 5, 1, '2024-07-04 00:00:00', '127.0.0.1', 1),
(1428, 1, 718, '0', NULL, NULL, NULL, '0', NULL, NULL, 1, 1, '2024-07-04 00:00:00', '127.0.0.1', 1),
(1429, 1, 718, '1', NULL, NULL, NULL, '1', NULL, NULL, 2, 1, '2024-07-04 00:00:00', '127.0.0.1', 1),
(1430, 1, 718, '2', NULL, NULL, NULL, '2', NULL, NULL, 3, 1, '2024-07-04 00:00:00', '127.0.0.1', 1),
(1431, 1, 718, '3', NULL, NULL, NULL, '3', NULL, NULL, 4, 1, '2024-07-04 00:00:00', '127.0.0.1', 1),
(1432, 1, 718, '4', NULL, NULL, NULL, '4', NULL, NULL, 5, 1, '2024-07-04 00:00:00', '127.0.0.1', 1),
(1433, 1, 719, '0', NULL, NULL, NULL, '0', NULL, NULL, 1, 1, '2024-07-04 00:00:00', '127.0.0.1', 1),
(1434, 1, 719, '1', NULL, NULL, NULL, '1', NULL, NULL, 2, 1, '2024-07-04 00:00:00', '127.0.0.1', 1),
(1435, 1, 719, '2', NULL, NULL, NULL, '2', NULL, NULL, 3, 1, '2024-07-04 00:00:00', '127.0.0.1', 1),
(1436, 1, 719, '3', NULL, NULL, NULL, '3', NULL, NULL, 4, 1, '2024-07-04 00:00:00', '127.0.0.1', 1),
(1437, 1, 719, '4', NULL, NULL, NULL, '4', NULL, NULL, 5, 1, '2024-07-04 00:00:00', '127.0.0.1', 1);
INSERT INTO `form_field_multiple` (`multi_id`, `form_id`, `field_id`, `label`, `label_hindi`, `label_odiya`, `selected`, `value`, `value_hindi`, `value_odiya`, `order_by`, `added_by`, `added_datetime`, `ip_address`, `status`) VALUES
(1438, 1, 720, '0', NULL, NULL, NULL, '0', NULL, NULL, 1, 1, '2024-07-04 00:00:00', '127.0.0.1', 1),
(1439, 1, 720, '1', NULL, NULL, NULL, '1', NULL, NULL, 2, 1, '2024-07-04 00:00:00', '127.0.0.1', 1),
(1440, 1, 720, '2', NULL, NULL, NULL, '2', NULL, NULL, 3, 1, '2024-07-04 00:00:00', '127.0.0.1', 1),
(1441, 1, 720, '3', NULL, NULL, NULL, '3', NULL, NULL, 4, 1, '2024-07-04 00:00:00', '127.0.0.1', 1),
(1442, 1, 720, '4', NULL, NULL, NULL, '4', NULL, NULL, 5, 1, '2024-07-04 00:00:00', '127.0.0.1', 1),
(1443, 1, 721, '0', NULL, NULL, NULL, '0', NULL, NULL, 1, 1, '2024-07-04 00:00:00', '127.0.0.1', 1),
(1444, 1, 721, '1', NULL, NULL, NULL, '1', NULL, NULL, 2, 1, '2024-07-04 00:00:00', '127.0.0.1', 1),
(1445, 1, 721, '2', NULL, NULL, NULL, '2', NULL, NULL, 3, 1, '2024-07-04 00:00:00', '127.0.0.1', 1),
(1446, 1, 721, '3', NULL, NULL, NULL, '3', NULL, NULL, 4, 1, '2024-07-04 00:00:00', '127.0.0.1', 1),
(1447, 1, 721, '4', NULL, NULL, NULL, '4', NULL, NULL, 5, 1, '2024-07-04 00:00:00', '127.0.0.1', 1),
(1448, 1, 723, 'Kenyan Shillings', NULL, NULL, NULL, 'Kenyan Shillings', NULL, NULL, 1, 1, '2024-07-04 00:00:00', '127.0.0.1', 1),
(1449, 1, 727, 'Cash crops', NULL, NULL, NULL, 'Cash crops', NULL, NULL, 1, 1, '2024-07-04 00:00:00', '127.0.0.1', 1),
(1450, 1, 727, 'Subsistence', NULL, NULL, NULL, 'Subsistence', NULL, NULL, 2, 1, '2024-07-04 00:00:00', '127.0.0.1', 1),
(1451, 1, 727, 'Fodder', NULL, NULL, NULL, 'Fodder', NULL, NULL, 3, 1, '2024-07-04 00:00:00', '127.0.0.1', 1),
(1452, 1, 734, 'Female %', NULL, NULL, NULL, 'Female %', NULL, NULL, 1, 1, '2024-07-04 00:00:00', '127.0.0.1', 1),
(1453, 1, 734, 'Male %', NULL, NULL, NULL, 'Male %', NULL, NULL, 2, 1, '2024-07-04 00:00:00', '127.0.0.1', 1),
(1454, 1, 735, 'A.I. Service', NULL, NULL, NULL, 'A.I. Service', NULL, NULL, 1, 1, '2024-07-04 00:00:00', '127.0.0.1', 1),
(1455, 1, 735, 'Bull service', NULL, NULL, NULL, 'Bull service', NULL, NULL, 2, 1, '2024-07-04 00:00:00', '127.0.0.1', 1),
(1456, 4, 743, 'Landless', NULL, NULL, NULL, 'Landless', NULL, NULL, 1, 1, '2024-07-05 00:00:00', '127.0.0.1', 1),
(1457, 4, 743, 'Small farm', NULL, NULL, NULL, 'Small farm', NULL, NULL, 2, 1, '2024-07-05 00:00:00', '127.0.0.1', 1),
(1458, 4, 743, 'Medium farm', NULL, NULL, NULL, 'Medium farm', NULL, NULL, 3, 1, '2024-07-05 00:00:00', '127.0.0.1', 1),
(1459, 4, 743, 'Large farm', NULL, NULL, NULL, 'Large farm', NULL, NULL, 4, 1, '2024-07-05 00:00:00', '127.0.0.1', 1),
(1460, 4, 746, 'Cash crops', NULL, NULL, NULL, 'Cash crops', NULL, NULL, 1, 1, '2024-07-05 00:00:00', '127.0.0.1', 1),
(1461, 4, 746, 'Charcoal making', NULL, NULL, NULL, 'Charcoal making', NULL, NULL, 2, 1, '2024-07-05 00:00:00', '127.0.0.1', 0),
(1462, 4, 746, 'Dairying', NULL, NULL, NULL, 'Dairying', NULL, NULL, 3, 1, '2024-07-05 00:00:00', '127.0.0.1', 1),
(1463, 4, 746, 'Draft animals', NULL, NULL, NULL, 'Draft animals', NULL, NULL, 4, 1, '2024-07-05 00:00:00', '127.0.0.1', 0),
(1464, 4, 746, 'Fattening - cattle', NULL, NULL, NULL, 'Fattening - cattle', NULL, NULL, 5, 1, '2024-07-05 00:00:00', '127.0.0.1', 1),
(1465, 4, 746, 'Fattening - sheep and goats', NULL, NULL, NULL, 'Fattening - sheep and goats', NULL, NULL, 6, 1, '2024-07-05 00:00:00', '127.0.0.1', 1),
(1466, 4, 746, 'Food crops', NULL, NULL, NULL, 'Food crops', NULL, NULL, 7, 1, '2024-07-05 00:00:00', '127.0.0.1', 1),
(1467, 4, 746, 'Handicrafts', NULL, NULL, NULL, 'Handicrafts', NULL, NULL, 8, 1, '2024-07-05 00:00:00', '127.0.0.1', 0),
(1468, 4, 746, 'Laboring/service', NULL, NULL, NULL, 'Laboring/service', NULL, NULL, 9, 1, '2024-07-05 00:00:00', '127.0.0.1', 1),
(1469, 4, 746, 'Off- farm business', NULL, NULL, NULL, 'Off- farm business', NULL, NULL, 10, 1, '2024-07-05 00:00:00', '127.0.0.1', 1),
(1470, 4, 746, 'Pigs', NULL, NULL, NULL, 'Pigs', NULL, NULL, 11, 1, '2024-07-05 00:00:00', '127.0.0.1', 0),
(1471, 4, 746, 'Poultry (eggs)', NULL, NULL, NULL, 'Poultry (eggs)', NULL, NULL, 12, 1, '2024-07-05 00:00:00', '127.0.0.1', 1),
(1472, 4, 746, 'Poultry (meat)', NULL, NULL, NULL, 'Poultry (meat)', NULL, NULL, 13, 1, '2024-07-05 00:00:00', '127.0.0.1', 1),
(1473, 4, 746, 'Priest', NULL, NULL, NULL, 'Priest', NULL, NULL, 14, 1, '2024-07-05 00:00:00', '127.0.0.1', 0),
(1474, 4, 746, 'Remittances', NULL, NULL, NULL, 'Remittances', NULL, NULL, 15, 1, '2024-07-05 00:00:00', '127.0.0.1', 1),
(1475, 4, 746, 'Timber', NULL, NULL, NULL, 'Timber', NULL, NULL, 16, 1, '2024-07-05 00:00:00', '127.0.0.1', 0),
(1476, 4, 746, 'Other', NULL, NULL, NULL, 'Other', NULL, NULL, 17, 1, '2024-07-05 00:00:00', '127.0.0.1', 0),
(1477, 4, 750, 'Buffalo', NULL, NULL, NULL, 'Buffalo', NULL, NULL, 1, 1, '2024-07-05 00:00:00', '127.0.0.1', 0),
(1478, 4, 750, 'Camel', NULL, NULL, NULL, 'Camel', NULL, NULL, 2, 1, '2024-07-05 00:00:00', '127.0.0.1', 1),
(1479, 4, 750, 'Cattle', NULL, NULL, NULL, 'Cattle', NULL, NULL, 3, 1, '2024-07-05 00:00:00', '127.0.0.1', 0),
(1480, 4, 750, 'Donkey', NULL, NULL, NULL, 'Donkey', NULL, NULL, 4, 1, '2024-07-05 00:00:00', '127.0.0.1', 1),
(1481, 4, 750, 'Fattening & draught cattle', NULL, NULL, NULL, 'Fattening & draught cattle', NULL, NULL, 5, 1, '2024-07-05 00:00:00', '127.0.0.1', 1),
(1482, 4, 750, 'Goat', NULL, NULL, NULL, 'Goat', NULL, NULL, 6, 1, '2024-07-05 00:00:00', '127.0.0.1', 1),
(1483, 4, 750, 'Horse', NULL, NULL, NULL, 'Horse', NULL, NULL, 7, 1, '2024-07-05 00:00:00', '127.0.0.1', 1),
(1484, 4, 750, 'Improved Buffalo', NULL, NULL, NULL, 'Improved Buffalo', NULL, NULL, 8, 1, '2024-07-05 00:00:00', '127.0.0.1', 1),
(1485, 4, 750, 'Improved dairy cattle', NULL, NULL, NULL, 'Improved dairy cattle', NULL, NULL, 9, 1, '2024-07-05 00:00:00', '127.0.0.1', 1),
(1486, 4, 750, 'LIAMA', NULL, NULL, NULL, 'LIAMA', NULL, NULL, 10, 1, '2024-07-05 00:00:00', '127.0.0.1', 1),
(1487, 4, 750, 'Local Buffalo', NULL, NULL, NULL, 'Local Buffalo', NULL, NULL, 11, 1, '2024-07-05 00:00:00', '127.0.0.1', 1),
(1488, 4, 750, 'Local dairy cattle', NULL, NULL, NULL, 'Local dairy cattle', NULL, NULL, 12, 1, '2024-07-05 00:00:00', '127.0.0.1', 1),
(1489, 4, 750, 'Pig', NULL, NULL, NULL, 'Pig', NULL, NULL, 13, 1, '2024-07-05 00:00:00', '127.0.0.1', 1),
(1490, 4, 750, 'Poultry village conditions', NULL, NULL, NULL, 'Poultry village conditions', NULL, NULL, 14, 1, '2024-07-05 00:00:00', '127.0.0.1', 1),
(1491, 4, 750, 'Poultry commercial', NULL, NULL, NULL, 'Poultry commercial', NULL, NULL, 15, 1, '2024-07-05 00:00:00', '127.0.0.1', 1),
(1492, 4, 750, 'Sheep', NULL, NULL, NULL, 'Sheep', NULL, NULL, 16, 1, '2024-07-05 00:00:00', '127.0.0.1', 1),
(1493, 4, 751, 'Local dairy cows – lactating', NULL, NULL, NULL, 'Local dairy cows – lactating', NULL, NULL, 1, 1, '2024-07-05 00:00:00', '127.0.0.1', 1),
(1494, 4, 751, 'Local dairy cows - non lactating (dry)', NULL, NULL, NULL, 'Local dairy cows - non lactating (dry)', NULL, NULL, 2, 1, '2024-07-05 00:00:00', '127.0.0.1', 1),
(1495, 4, 751, 'Local dairy heifers (>6 months old – <1st calving)', NULL, NULL, NULL, 'Local dairy heifers (>6 months old – <1st calving)', NULL, NULL, 3, 1, '2024-07-05 00:00:00', '127.0.0.1', 1),
(1496, 4, 751, 'Local dairy calves (<6 months old - 6 months old – female)', NULL, NULL, NULL, 'Local dairy calves (<6 months old - 6 months old – female)', NULL, NULL, 4, 1, '2024-07-05 00:00:00', '127.0.0.1', 1),
(1497, 4, 751, 'Local dairy calves (<6 months old - 6 months old – male)', NULL, NULL, NULL, 'Local dairy calves (<6 months old - 6 months old – male)', NULL, NULL, 5, 1, '2024-07-05 00:00:00', '127.0.0.1', 1),
(1498, 4, 752, 'Improved dairy cows –lactating', NULL, NULL, NULL, 'Improved dairy cows –lactating', NULL, NULL, 1, 1, '2024-07-05 00:00:00', '127.0.0.1', 1),
(1499, 4, 752, 'Improved dairy cows – Non-lactating (dry)', NULL, NULL, NULL, 'Improved dairy cows – Non-lactating (dry)', NULL, NULL, 2, 1, '2024-07-05 00:00:00', '127.0.0.1', 1),
(1500, 4, 752, 'Improved Dairy heifers (>6 months old - <1st calving)', NULL, NULL, NULL, 'Improved Dairy heifers (>6 months old - <1st calving)', NULL, NULL, 3, 1, '2024-07-05 00:00:00', '127.0.0.1', 1),
(1501, 4, 752, 'Improved dairy calves (<6 months old)-female', NULL, NULL, NULL, 'Improved dairy calves (<6 months old)-female', NULL, NULL, 4, 1, '2024-07-05 00:00:00', '127.0.0.1', 1),
(1502, 4, 752, 'Improved dairy calves (<6 months old)-male', NULL, NULL, NULL, 'Improved dairy calves (<6 months old)-male', NULL, NULL, 5, 1, '2024-07-05 00:00:00', '127.0.0.1', 1),
(1503, 4, 753, 'Local buffalo – lactating', NULL, NULL, NULL, 'Local buffalo – lactating', NULL, NULL, 1, 1, '2024-07-05 00:00:00', '127.0.0.1', 1),
(1504, 4, 753, 'Local buffalo cow – non-lactating (dry)', NULL, NULL, NULL, 'Local buffalo cow – non-lactating (dry)', NULL, NULL, 2, 1, '2024-07-05 00:00:00', '127.0.0.1', 1),
(1505, 4, 753, 'Local buffalo heifers (>6 months old - <1st calving)', NULL, NULL, NULL, 'Local buffalo heifers (>6 months old - <1st calving)', NULL, NULL, 3, 1, '2024-07-05 00:00:00', '127.0.0.1', 1),
(1506, 4, 753, 'Local buffalo calves (<6 months old – female)', NULL, NULL, NULL, 'Local buffalo calves (<6 months old – female)', NULL, NULL, 4, 1, '2024-07-05 00:00:00', '127.0.0.1', 1),
(1507, 4, 753, 'Local buffalo calves (<6 months old- Male)', NULL, NULL, NULL, 'Local buffalo calves (<6 months old- Male)', NULL, NULL, 5, 1, '2024-07-05 00:00:00', '127.0.0.1', 1),
(1508, 4, 754, 'Improved buffalo-lactating', NULL, NULL, NULL, 'Improved buffalo-lactating', NULL, NULL, 1, 1, '2024-07-05 00:00:00', '127.0.0.1', 1),
(1509, 4, 754, 'Improved buffalo- non-lactating (dry)', NULL, NULL, NULL, 'Improved buffalo- non-lactating (dry)', NULL, NULL, 2, 1, '2024-07-05 00:00:00', '127.0.0.1', 1),
(1510, 4, 754, 'Improved buffalo heifers – (>6 months old- <1st calving)', NULL, NULL, NULL, 'Improved buffalo heifers – (>6 months old- <1st calving)', NULL, NULL, 3, 1, '2024-07-05 00:00:00', '127.0.0.1', 1),
(1511, 4, 754, 'Improved buffalo calves ((>6 months old) - female', NULL, NULL, NULL, 'Improved buffalo calves ((>6 months old) - female', NULL, NULL, 4, 1, '2024-07-05 00:00:00', '127.0.0.1', 1),
(1512, 4, 754, 'Improved buffalo calves ((>6 months old) -male', NULL, NULL, NULL, 'Improved buffalo calves ((>6 months old) -male', NULL, NULL, 5, 1, '2024-07-05 00:00:00', '127.0.0.1', 1),
(1513, 4, 754, 'Bulls or castrated male cattle (>2 years)', NULL, NULL, NULL, 'Bulls or castrated male cattle (>2 years)', NULL, NULL, 7, 1, '2024-07-05 00:00:00', '127.0.0.1', 0),
(1514, 4, 754, 'Bulls or castrated male cattle (>6 months old -<2years)', NULL, NULL, NULL, 'Bulls or castrated male cattle (>6 months old -<2years)', NULL, NULL, 8, 1, '2024-07-05 00:00:00', '127.0.0.1', 0),
(1515, 4, 754, 'Bulls or castrated male buffalo (>2 years)', NULL, NULL, NULL, 'Bulls or castrated male buffalo (>2 years)', NULL, NULL, 9, 1, '2024-07-05 00:00:00', '127.0.0.1', 0),
(1516, 4, 754, 'Bulls or castrated male buffalo (>6 months old -<2 years)', NULL, NULL, NULL, 'Bulls or castrated male buffalo (>6 months old -<2 years)', NULL, NULL, 10, 1, '2024-07-05 00:00:00', '127.0.0.1', 0),
(1517, 4, 756, 'Yes', NULL, NULL, NULL, 'Yes', NULL, NULL, 1, 1, '2024-07-05 00:00:00', '127.0.0.1', 1),
(1518, 4, 756, 'No', NULL, NULL, NULL, 'No', NULL, NULL, 2, 1, '2024-07-05 00:00:00', '127.0.0.1', 1),
(1519, 4, 759, 'Banana (Musa acuminata)', NULL, NULL, NULL, 'Banana', NULL, NULL, 1, 1, '2024-07-05 00:00:00', '127.0.0.1', 1),
(1520, 4, 759, 'Barley (Hordeum vulgare)', NULL, NULL, NULL, 'Barley', NULL, NULL, 2, 1, '2024-07-05 00:00:00', '127.0.0.1', 1),
(1521, 4, 759, 'Buck wheat (Fagopyrum esculentum)', NULL, NULL, NULL, 'Buck wheat', NULL, NULL, 3, 1, '2024-07-05 00:00:00', '127.0.0.1', 1),
(1522, 4, 759, 'Board beans (Vicia faba)', NULL, NULL, NULL, 'Board beans', NULL, NULL, 4, 1, '2024-07-05 00:00:00', '127.0.0.1', 1),
(1523, 4, 759, 'Cabbage (Brassica oleracea)', NULL, NULL, NULL, 'Cabbage', NULL, NULL, 5, 1, '2024-07-05 00:00:00', '127.0.0.1', 1),
(1524, 4, 759, 'Carrot (Daucus carota)', NULL, NULL, NULL, 'Carrot', NULL, NULL, 6, 1, '2024-07-05 00:00:00', '127.0.0.1', 1),
(1525, 4, 759, 'Cassava (Manihot esculenta)', NULL, NULL, NULL, 'Cassava', NULL, NULL, 7, 1, '2024-07-05 00:00:00', '127.0.0.1', 1),
(1526, 4, 759, 'Chickpea', NULL, NULL, NULL, 'Chickpea', NULL, NULL, 8, 1, '2024-07-05 00:00:00', '127.0.0.1', 1),
(1527, 4, 759, 'Cocoa', NULL, NULL, NULL, 'Cocoa', NULL, NULL, 9, 1, '2024-07-05 00:00:00', '127.0.0.1', 1),
(1528, 4, 759, 'Coffee', NULL, NULL, NULL, 'Coffee', NULL, NULL, 10, 1, '2024-07-05 00:00:00', '127.0.0.1', 1),
(1529, 4, 759, 'Others', NULL, NULL, NULL, 'Others', NULL, NULL, 11, 1, '2024-07-05 00:00:00', '127.0.0.1', 1),
(1530, 4, 762, 'Hectare (ha)', NULL, NULL, NULL, 'Hectare (ha)', NULL, NULL, 1, 1, '2024-07-05 00:00:00', '127.0.0.1', 1),
(1531, 4, 762, 'Acre (ac)', NULL, NULL, NULL, 'Acre (ac)', NULL, NULL, 2, 1, '2024-07-05 00:00:00', '127.0.0.1', 1),
(1532, 4, 763, 'Kilogram (kg)', NULL, NULL, NULL, 'Kilogram (kg)', NULL, NULL, 1, 1, '2024-07-05 00:00:00', '127.0.0.1', 1),
(1533, 4, 763, 'Others', NULL, NULL, NULL, 'Others', NULL, NULL, 2, 1, '2024-07-05 00:00:00', '127.0.0.1', 0),
(1534, 4, 765, 'Fed to animals', NULL, NULL, NULL, 'Fed to animals', NULL, NULL, 1, 1, '2024-07-05 00:00:00', '127.0.0.1', 1),
(1535, 4, 765, 'Burned', NULL, NULL, NULL, 'Burned', NULL, NULL, 2, 1, '2024-07-05 00:00:00', '127.0.0.1', 1),
(1536, 4, 765, 'Mulched', NULL, NULL, NULL, 'Mulched', NULL, NULL, 3, 1, '2024-07-05 00:00:00', '127.0.0.1', 1),
(1537, 4, 765, 'Sold', NULL, NULL, NULL, 'Sold', NULL, NULL, 4, 1, '2024-07-05 00:00:00', '127.0.0.1', 1),
(1538, 4, 765, 'Other', NULL, NULL, NULL, 'Other', NULL, NULL, 5, 1, '2024-07-05 00:00:00', '127.0.0.1', 1),
(1539, 4, 773, 'Collected fodder', NULL, NULL, NULL, 'Collected fodder', NULL, NULL, 1, 1, '2024-07-24 00:00:00', '127.0.0.1', 1),
(1540, 4, 773, 'Grazing', NULL, NULL, NULL, 'Grazing', NULL, NULL, 2, 1, '2024-07-24 00:00:00', '127.0.0.1', 1),
(1541, 4, 773, 'Cultivated fodder', NULL, NULL, NULL, 'Cultivated fodder', NULL, NULL, 3, 1, '2024-07-24 00:00:00', '127.0.0.1', 1),
(1542, 4, 773, 'Crop residue', NULL, NULL, NULL, 'Crop residue', NULL, NULL, 4, 1, '2024-07-24 00:00:00', '127.0.0.1', 1),
(1543, 4, 773, 'Purchased feed', NULL, NULL, NULL, 'Purchased feed', NULL, NULL, 5, 1, '2024-07-24 00:00:00', '127.0.0.1', 1),
(1544, 4, 781, 'Hectare (ha)', NULL, NULL, NULL, 'Hectare (ha)', NULL, NULL, 1, 1, '2024-07-24 00:00:00', '127.0.0.1', 1),
(1545, 4, 781, 'Acre (ac)', NULL, NULL, NULL, 'Acre (ac)', NULL, NULL, 2, 1, '2024-07-24 00:00:00', '127.0.0.1', 1),
(1546, 4, 784, 'Kilogram', NULL, NULL, NULL, 'Kilogram', NULL, NULL, 1, 1, '2024-07-24 00:00:00', '127.0.0.1', 1),
(1547, 4, 789, 'Cattle – Male', NULL, NULL, NULL, 'Cattle – Male', NULL, NULL, 1, 1, '2024-07-24 00:00:00', '127.0.0.1', 1),
(1548, 4, 789, 'Cattle – Female', NULL, NULL, NULL, 'Cattle – Female', NULL, NULL, 2, 1, '2024-07-24 00:00:00', '127.0.0.1', 1),
(1549, 4, 789, 'Sheep – Male', NULL, NULL, NULL, 'Sheep – Male', NULL, NULL, 3, 1, '2024-07-24 00:00:00', '127.0.0.1', 1),
(1550, 4, 789, 'Sheep – Female', NULL, NULL, NULL, 'Sheep – Female', NULL, NULL, 4, 1, '2024-07-24 00:00:00', '127.0.0.1', 1),
(1551, 4, 789, 'Goat- Male', NULL, NULL, NULL, 'Goat- Male', NULL, NULL, 5, 1, '2024-07-24 00:00:00', '127.0.0.1', 1),
(1552, 4, 789, 'Goat-Female', NULL, NULL, NULL, 'Goat-Female', NULL, NULL, 6, 1, '2024-07-24 00:00:00', '127.0.0.1', 1),
(1553, 4, 803, 'Jan', NULL, NULL, NULL, 'Jan', NULL, NULL, 1, 1, '2024-07-24 00:00:00', '127.0.0.1', 1),
(1554, 4, 803, 'Feb', NULL, NULL, NULL, 'Feb', NULL, NULL, 2, 1, '2024-07-24 00:00:00', '127.0.0.1', 1),
(1555, 4, 803, 'March', NULL, NULL, NULL, 'March', NULL, NULL, 3, 1, '2024-07-24 00:00:00', '127.0.0.1', 1),
(1556, 4, 803, 'April', NULL, NULL, NULL, 'April', NULL, NULL, 4, 1, '2024-07-24 00:00:00', '127.0.0.1', 1),
(1557, 4, 803, 'May', NULL, NULL, NULL, 'May', NULL, NULL, 5, 1, '2024-07-24 00:00:00', '127.0.0.1', 1),
(1558, 4, 803, 'June', NULL, NULL, NULL, 'June', NULL, NULL, 6, 1, '2024-07-24 00:00:00', '127.0.0.1', 1),
(1559, 4, 803, 'July', NULL, NULL, NULL, 'July', NULL, NULL, 7, 1, '2024-07-24 00:00:00', '127.0.0.1', 1),
(1560, 4, 803, 'August', NULL, NULL, NULL, 'August', NULL, NULL, 8, 1, '2024-07-24 00:00:00', '127.0.0.1', 1),
(1561, 4, 803, 'September', NULL, NULL, NULL, 'September', NULL, NULL, 9, 1, '2024-07-24 00:00:00', '127.0.0.1', 1),
(1562, 4, 803, 'October', NULL, NULL, NULL, 'October', NULL, NULL, 10, 1, '2024-07-24 00:00:00', '127.0.0.1', 1),
(1563, 4, 803, 'November', NULL, NULL, NULL, 'November', NULL, NULL, 11, 1, '2024-07-24 00:00:00', '127.0.0.1', 1),
(1564, 4, 803, 'December', NULL, NULL, NULL, 'December', NULL, NULL, 12, 1, '2024-07-24 00:00:00', '127.0.0.1', 1),
(1565, 4, 804, 'Cattle', NULL, NULL, NULL, 'Cattle', NULL, NULL, 1, 1, '2024-07-24 00:00:00', '127.0.0.1', 1),
(1566, 4, 804, 'Sheep', NULL, NULL, NULL, 'Sheep', NULL, NULL, 2, 1, '2024-07-24 00:00:00', '127.0.0.1', 1),
(1567, 4, 804, 'Goats', NULL, NULL, NULL, 'Goats', NULL, NULL, 3, 1, '2024-07-24 00:00:00', '127.0.0.1', 1),
(1568, 4, 807, 'January', NULL, NULL, NULL, 'January', NULL, NULL, 1, 1, '2024-07-24 00:00:00', '127.0.0.1', 1),
(1569, 4, 807, 'February', NULL, NULL, NULL, 'February', NULL, NULL, 2, 1, '2024-07-24 00:00:00', '127.0.0.1', 1),
(1570, 4, 807, 'March', NULL, NULL, NULL, 'March', NULL, NULL, 3, 1, '2024-07-24 00:00:00', '127.0.0.1', 1),
(1571, 4, 807, 'April', NULL, NULL, NULL, 'April', NULL, NULL, 4, 1, '2024-07-24 00:00:00', '127.0.0.1', 1),
(1572, 4, 807, 'May', NULL, NULL, NULL, 'May', NULL, NULL, 5, 1, '2024-07-24 00:00:00', '127.0.0.1', 1),
(1573, 4, 807, 'June', NULL, NULL, NULL, 'June', NULL, NULL, 6, 1, '2024-07-24 00:00:00', '127.0.0.1', 1),
(1574, 4, 807, 'July', NULL, NULL, NULL, 'July', NULL, NULL, 7, 1, '2024-07-24 00:00:00', '127.0.0.1', 1),
(1575, 4, 807, 'August', NULL, NULL, NULL, 'August', NULL, NULL, 8, 1, '2024-07-24 00:00:00', '127.0.0.1', 1),
(1576, 4, 807, 'September', NULL, NULL, NULL, 'September', NULL, NULL, 9, 1, '2024-07-24 00:00:00', '127.0.0.1', 1),
(1577, 4, 807, 'October', NULL, NULL, NULL, 'October', NULL, NULL, 10, 1, '2024-07-24 00:00:00', '127.0.0.1', 1),
(1578, 4, 807, 'November', NULL, NULL, NULL, 'November', NULL, NULL, 11, 1, '2024-07-24 00:00:00', '127.0.0.1', 1),
(1579, 4, 807, 'December', NULL, NULL, NULL, 'December', NULL, NULL, 12, 1, '2024-07-24 00:00:00', '127.0.0.1', 1),
(1580, 4, 845, 'January', NULL, NULL, NULL, 'January', NULL, NULL, 1, 1, '2024-07-24 00:00:00', '127.0.0.1', 1),
(1581, 4, 845, 'February', NULL, NULL, NULL, 'February', NULL, NULL, 2, 1, '2024-07-24 00:00:00', '127.0.0.1', 1),
(1582, 4, 845, 'March', NULL, NULL, NULL, 'March', NULL, NULL, 3, 1, '2024-07-24 00:00:00', '127.0.0.1', 1),
(1583, 4, 845, 'April', NULL, NULL, NULL, 'April', NULL, NULL, 4, 1, '2024-07-24 00:00:00', '127.0.0.1', 1),
(1584, 4, 845, 'May', NULL, NULL, NULL, 'May', NULL, NULL, 5, 1, '2024-07-24 00:00:00', '127.0.0.1', 1),
(1585, 4, 845, 'June', NULL, NULL, NULL, 'June', NULL, NULL, 6, 1, '2024-07-24 00:00:00', '127.0.0.1', 1),
(1586, 4, 845, 'July', NULL, NULL, NULL, 'July', NULL, NULL, 7, 1, '2024-07-24 00:00:00', '127.0.0.1', 1),
(1587, 4, 845, 'August', NULL, NULL, NULL, 'August', NULL, NULL, 8, 1, '2024-07-24 00:00:00', '127.0.0.1', 1),
(1588, 4, 845, 'September', NULL, NULL, NULL, 'September', NULL, NULL, 9, 1, '2024-07-24 00:00:00', '127.0.0.1', 1),
(1589, 4, 845, 'October', NULL, NULL, NULL, 'October', NULL, NULL, 10, 1, '2024-07-24 00:00:00', '127.0.0.1', 1),
(1590, 4, 845, 'November', NULL, NULL, NULL, 'November', NULL, NULL, 11, 1, '2024-07-24 00:00:00', '127.0.0.1', 1),
(1591, 4, 845, 'December', NULL, NULL, NULL, 'December', NULL, NULL, 12, 1, '2024-07-24 00:00:00', '127.0.0.1', 1),
(1592, 4, 846, '0', NULL, NULL, NULL, '0', NULL, NULL, 1, 1, '2024-07-24 00:00:00', '127.0.0.1', 1),
(1593, 4, 846, '1', NULL, NULL, NULL, '1', NULL, NULL, 2, 1, '2024-07-24 00:00:00', '127.0.0.1', 1),
(1594, 4, 847, 'Cereal crop residues', NULL, NULL, NULL, 'Cereal crop residues', NULL, NULL, 1, 1, '2024-07-24 00:00:00', '127.0.0.1', 1),
(1595, 4, 847, 'Leguminous crop residues', NULL, NULL, NULL, 'Leguminous crop residues', NULL, NULL, 2, 1, '2024-07-24 00:00:00', '127.0.0.1', 1),
(1596, 4, 847, 'Grazing', NULL, NULL, NULL, 'Grazing', NULL, NULL, 3, 1, '2024-07-24 00:00:00', '127.0.0.1', 1),
(1597, 4, 847, 'Concentrates', NULL, NULL, NULL, 'Concentrates', NULL, NULL, 4, 1, '2024-07-24 00:00:00', '127.0.0.1', 1),
(1598, 4, 847, 'Green forage (e.g., weeds,)', NULL, NULL, NULL, 'Green forage (e.g., weeds,)', NULL, NULL, 5, 1, '2024-07-24 00:00:00', '127.0.0.1', 1),
(1599, 4, 847, 'Other', NULL, NULL, NULL, 'Other', NULL, NULL, 6, 1, '2024-07-24 00:00:00', '127.0.0.1', 1),
(1600, 4, 846, '2', NULL, NULL, NULL, '2', NULL, NULL, 3, 1, '2024-07-24 00:00:00', '127.0.0.1', 1),
(1601, 4, 846, '3', NULL, NULL, NULL, '3', NULL, NULL, 4, 1, '2024-07-24 00:00:00', '127.0.0.1', 1),
(1602, 4, 846, '4', NULL, NULL, NULL, '4', NULL, NULL, 5, 1, '2024-07-24 00:00:00', '127.0.0.1', 1),
(1603, 4, 846, '5', NULL, NULL, NULL, '5', NULL, NULL, 6, 1, '2024-07-24 00:00:00', '127.0.0.1', 1),
(1604, 4, 846, '6', NULL, NULL, NULL, '6', NULL, NULL, 7, 1, '2024-07-24 00:00:00', '127.0.0.1', 1),
(1605, 4, 846, '7', NULL, NULL, NULL, '7', NULL, NULL, 8, 1, '2024-07-24 00:00:00', '127.0.0.1', 1),
(1606, 4, 846, '8', NULL, NULL, NULL, '8', NULL, NULL, 9, 1, '2024-07-24 00:00:00', '127.0.0.1', 1),
(1607, 4, 846, '9', NULL, NULL, NULL, '9', NULL, NULL, 10, 1, '2024-07-24 00:00:00', '127.0.0.1', 1),
(1608, 4, 846, '10', NULL, NULL, NULL, '10', NULL, NULL, 11, 1, '2024-07-24 00:00:00', '127.0.0.1', 1),
(1609, 4, 857, 'Type of livestock', NULL, NULL, NULL, 'Type of livestock', NULL, NULL, 1, 1, '2024-07-26 00:00:00', '127.0.0.1', 1),
(1610, 4, 857, 'Crops grown', NULL, NULL, NULL, 'Crops grown', NULL, NULL, 2, 1, '2024-07-26 00:00:00', '127.0.0.1', 1),
(1611, 4, 857, 'Cultivated fodder', NULL, NULL, NULL, 'Cultivated fodder', NULL, NULL, 3, 1, '2024-07-26 00:00:00', '127.0.0.1', 1),
(1612, 4, 857, 'Purchased feed', NULL, NULL, NULL, 'Purchased feed', NULL, NULL, 4, 1, '2024-07-26 00:00:00', '127.0.0.1', 1),
(1613, 4, 857, 'Sales of livestock & products', NULL, NULL, NULL, 'Sales of livestock & products', NULL, NULL, 5, 1, '2024-07-26 00:00:00', '127.0.0.1', 1),
(1614, 4, 858, 'Large ruminant livestock e.g. cattle/buffalo', NULL, NULL, NULL, 'Large ruminant livestock e.g. cattle/buffalo', NULL, NULL, 1, 1, '2024-07-26 00:00:00', '127.0.0.1', 1),
(1615, 4, 858, 'Small ruminant livestock e.g. Sheep/goats', NULL, NULL, NULL, 'Small ruminant livestock e.g. Sheep/goats', NULL, NULL, 2, 1, '2024-07-26 00:00:00', '127.0.0.1', 1),
(1616, 4, 858, 'Pigs', NULL, NULL, NULL, 'Pigs', NULL, NULL, 3, 1, '2024-07-26 00:00:00', '127.0.0.1', 1),
(1617, 4, 858, 'Poultry', NULL, NULL, NULL, 'Poultry', NULL, NULL, 4, 1, '2024-07-26 00:00:00', '127.0.0.1', 1),
(1618, 4, 859, 'Who decides on what crops to grow?', NULL, NULL, NULL, 'Who decides on what crops to grow?', NULL, NULL, 1, 1, '2024-07-26 00:00:00', '127.0.0.1', 1),
(1619, 4, 859, 'Who decides on how to use crop residue?', NULL, NULL, NULL, 'Who decides on how to use crop residue?', NULL, NULL, 2, 1, '2024-07-26 00:00:00', '127.0.0.1', 1),
(1620, 4, 860, 'Men', NULL, NULL, NULL, 'Men', NULL, NULL, 1, 1, '2024-07-26 00:00:00', '127.0.0.1', 1),
(1621, 4, 860, 'Women', NULL, NULL, NULL, 'Women', NULL, NULL, 2, 1, '2024-07-26 00:00:00', '127.0.0.1', 1),
(1622, 4, 860, 'Joint', NULL, NULL, NULL, 'Joint', NULL, NULL, 3, 1, '2024-07-26 00:00:00', '127.0.0.1', 1),
(1623, 4, 860, 'N/A', NULL, NULL, NULL, 'N/A', NULL, NULL, 4, 1, '2024-07-26 00:00:00', '127.0.0.1', 1),
(1624, 4, 861, 'Men', NULL, NULL, NULL, 'Men', NULL, NULL, 1, 1, '2024-07-26 00:00:00', '127.0.0.1', 1),
(1625, 4, 861, 'Women', NULL, NULL, NULL, 'Women', NULL, NULL, 2, 1, '2024-07-26 00:00:00', '127.0.0.1', 1),
(1626, 4, 861, 'Joint', NULL, NULL, NULL, 'Joint', NULL, NULL, 3, 1, '2024-07-26 00:00:00', '127.0.0.1', 1),
(1627, 4, 861, 'N/A', NULL, NULL, NULL, 'N/A', NULL, NULL, 4, 1, '2024-07-26 00:00:00', '127.0.0.1', 1),
(1628, 4, 862, 'Men', NULL, NULL, NULL, 'Men', NULL, NULL, 1, 1, '2024-07-26 00:00:00', '127.0.0.1', 1),
(1629, 4, 862, 'Women', NULL, NULL, NULL, 'Women', NULL, NULL, 2, 1, '2024-07-26 00:00:00', '127.0.0.1', 1),
(1630, 4, 862, 'Joint', NULL, NULL, NULL, 'Joint', NULL, NULL, 3, 1, '2024-07-26 00:00:00', '127.0.0.1', 1),
(1631, 4, 862, 'N/A', NULL, NULL, NULL, 'N/A', NULL, NULL, 4, 1, '2024-07-26 00:00:00', '127.0.0.1', 1),
(1632, 4, 863, 'Men', NULL, NULL, NULL, 'Men', NULL, NULL, 1, 1, '2024-07-26 00:00:00', '127.0.0.1', 1),
(1633, 4, 863, 'Women', NULL, NULL, NULL, 'Women', NULL, NULL, 2, 1, '2024-07-26 00:00:00', '127.0.0.1', 1),
(1634, 4, 863, 'Joint', NULL, NULL, NULL, 'Joint', NULL, NULL, 3, 1, '2024-07-26 00:00:00', '127.0.0.1', 1),
(1635, 4, 863, 'N/A', NULL, NULL, NULL, 'N/A', NULL, NULL, 4, 1, '2024-07-26 00:00:00', '127.0.0.1', 1),
(1636, 4, 864, 'Large ruminant livestock e.g. cattle/buffalo', NULL, NULL, NULL, 'Large ruminant livestock e.g. cattle/buffalo', NULL, NULL, 1, 1, '2024-07-26 00:00:00', '127.0.0.1', 1),
(1637, 4, 864, 'Small ruminant livestock e.g. sheep & goats', NULL, NULL, NULL, 'Small ruminant livestock e.g. sheep & goats', NULL, NULL, 2, 1, '2024-07-26 00:00:00', '127.0.0.1', 1),
(1638, 4, 864, 'Pigs', NULL, NULL, NULL, 'Pigs', NULL, NULL, 3, 1, '2024-07-26 00:00:00', '127.0.0.1', 1),
(1639, 4, 864, 'Poultry', NULL, NULL, NULL, 'Poultry', NULL, NULL, 4, 1, '2024-07-26 00:00:00', '127.0.0.1', 1),
(1640, 4, 866, 'Preparing land for planting forages', NULL, NULL, NULL, 'Preparing land for planting forages', NULL, NULL, 1, 1, '2024-07-26 00:00:00', '127.0.0.1', 1),
(1641, 4, 866, 'Planting forages', NULL, NULL, NULL, 'Planting forages', NULL, NULL, 2, 1, '2024-07-26 00:00:00', '127.0.0.1', 1),
(1642, 4, 866, 'Weeding of forage crops', NULL, NULL, NULL, 'Weeding of forage crops', NULL, NULL, 3, 1, '2024-07-26 00:00:00', '127.0.0.1', 1),
(1643, 4, 866, 'Harvesting forages/crop residues', NULL, NULL, NULL, 'Harvesting forages/crop residues', NULL, NULL, 4, 1, '2024-07-26 00:00:00', '127.0.0.1', 1),
(1644, 4, 866, 'Processing (milling/chopping) feeds and forages', NULL, NULL, NULL, 'Processing (milling/chopping) feeds and forages', NULL, NULL, 5, 1, '2024-07-26 00:00:00', '127.0.0.1', 1),
(1645, 4, 866, 'Collection of off-farm forages', NULL, NULL, NULL, 'Collection of off-farm forages', NULL, NULL, 6, 1, '2024-07-26 00:00:00', '127.0.0.1', 1),
(1646, 4, 866, 'Purchasing of feeds & forages', NULL, NULL, NULL, 'Purchasing of feeds & forages', NULL, NULL, 7, 1, '2024-07-26 00:00:00', '127.0.0.1', 1),
(1647, 4, 866, 'Transportation of feeds & forages', NULL, NULL, NULL, 'Transportation of feeds & forages', NULL, NULL, 8, 1, '2024-07-26 00:00:00', '127.0.0.1', 1),
(1648, 4, 866, 'Storage of feeds & forages', NULL, NULL, NULL, 'Storage of feeds & forages', NULL, NULL, 9, 1, '2024-07-26 00:00:00', '127.0.0.1', 1),
(1649, 4, 866, 'Mixing feed ingredients', NULL, NULL, NULL, 'Mixing feed ingredients', NULL, NULL, 10, 1, '2024-07-26 00:00:00', '127.0.0.1', 1),
(1650, 4, 866, 'Feeding', NULL, NULL, NULL, 'Feeding', NULL, NULL, 11, 1, '2024-07-26 00:00:00', '127.0.0.1', 1),
(1651, 4, 866, 'Watering', NULL, NULL, NULL, 'Watering', NULL, NULL, 12, 1, '2024-07-26 00:00:00', '127.0.0.1', 1),
(1652, 4, 866, 'Cleaning of feeding & watering facilities', NULL, NULL, NULL, 'Cleaning of feeding & watering facilities', NULL, NULL, 13, 1, '2024-07-26 00:00:00', '127.0.0.1', 1),
(1653, 4, 867, 'Men', NULL, NULL, NULL, 'Men', NULL, NULL, 1, 1, '2024-07-26 00:00:00', '127.0.0.1', 1),
(1654, 4, 867, 'Women', NULL, NULL, NULL, 'Women', NULL, NULL, 2, 1, '2024-07-26 00:00:00', '127.0.0.1', 1),
(1655, 4, 867, 'Children & youth', NULL, NULL, NULL, 'Children & youth', NULL, NULL, 3, 1, '2024-07-26 00:00:00', '127.0.0.1', 1),
(1656, 4, 867, 'N/A', NULL, NULL, NULL, 'N/A', NULL, NULL, 4, 1, '2024-07-26 00:00:00', '127.0.0.1', 1),
(1657, 1, 870, 'Option1', NULL, NULL, NULL, 'Option1', NULL, NULL, 1, 1, '2024-08-13 00:00:00', '127.0.0.1', 1),
(1658, 1, 870, 'Option2', NULL, NULL, NULL, 'Option2', NULL, NULL, 2, 1, '2024-08-13 00:00:00', '127.0.0.1', 1),
(1659, 1, 870, 'Option3', NULL, NULL, NULL, 'Option3', NULL, NULL, 2, 1, '2024-08-13 00:00:00', '127.0.0.1', 1),
(1660, 1, 875, '0', NULL, NULL, NULL, '0', NULL, NULL, 1, 1, '2024-07-04 00:00:00', '127.0.0.1', 1),
(1661, 1, 875, '1', NULL, NULL, NULL, '1', NULL, NULL, 2, 1, '2024-07-04 00:00:00', '127.0.0.1', 1),
(1662, 1, 875, '2', NULL, NULL, NULL, '2', NULL, NULL, 3, 1, '2024-07-04 00:00:00', '127.0.0.1', 1),
(1663, 1, 875, '3', NULL, NULL, NULL, '3', NULL, NULL, 4, 1, '2024-07-04 00:00:00', '127.0.0.1', 1),
(1664, 1, 875, '4', NULL, NULL, NULL, '4', NULL, NULL, 5, 1, '2024-07-04 00:00:00', '127.0.0.1', 1),
(1665, 1, 875, '5', NULL, NULL, NULL, '5', NULL, NULL, 6, 1, '2024-07-04 00:00:00', '127.0.0.1', 1),
(1666, 1, 876, '0', NULL, NULL, NULL, '0', NULL, NULL, 1, 1, '2024-07-04 00:00:00', '127.0.0.1', 1),
(1667, 1, 876, '1', NULL, NULL, NULL, '1', NULL, NULL, 2, 1, '2024-07-04 00:00:00', '127.0.0.1', 1),
(1668, 1, 876, '2', NULL, NULL, NULL, '2', NULL, NULL, 3, 1, '2024-07-04 00:00:00', '127.0.0.1', 1),
(1669, 1, 876, '3', NULL, NULL, NULL, '3', NULL, NULL, 4, 1, '2024-07-04 00:00:00', '127.0.0.1', 1),
(1670, 1, 876, '4', NULL, NULL, NULL, '4', NULL, NULL, 5, 1, '2024-07-04 00:00:00', '127.0.0.1', 1),
(1671, 1, 876, '5', NULL, NULL, NULL, '5', NULL, NULL, 6, 1, '2024-07-04 00:00:00', '127.0.0.1', 1),
(1672, 1, 877, '0', NULL, NULL, NULL, '0', NULL, NULL, 1, 1, '2024-07-04 00:00:00', '127.0.0.1', 1),
(1673, 1, 877, '1', NULL, NULL, NULL, '1', NULL, NULL, 2, 1, '2024-07-04 00:00:00', '127.0.0.1', 1),
(1674, 1, 877, '2', NULL, NULL, NULL, '2', NULL, NULL, 3, 1, '2024-07-04 00:00:00', '127.0.0.1', 1),
(1675, 1, 877, '3', NULL, NULL, NULL, '3', NULL, NULL, 4, 1, '2024-07-04 00:00:00', '127.0.0.1', 1),
(1676, 1, 877, '4', NULL, NULL, NULL, '4', NULL, NULL, 5, 1, '2024-07-04 00:00:00', '127.0.0.1', 1),
(1677, 1, 877, '5', NULL, NULL, NULL, '5', NULL, NULL, 6, 1, '2024-07-04 00:00:00', '127.0.0.1', 1),
(1678, 1, 878, '0', NULL, NULL, NULL, '0', NULL, NULL, 1, 1, '2024-07-04 00:00:00', '127.0.0.1', 1),
(1679, 1, 878, '1', NULL, NULL, NULL, '1', NULL, NULL, 2, 1, '2024-07-04 00:00:00', '127.0.0.1', 1),
(1680, 1, 878, '2', NULL, NULL, NULL, '2', NULL, NULL, 3, 1, '2024-07-04 00:00:00', '127.0.0.1', 1),
(1681, 1, 878, '3', NULL, NULL, NULL, '3', NULL, NULL, 4, 1, '2024-07-04 00:00:00', '127.0.0.1', 1),
(1682, 1, 878, '4', NULL, NULL, NULL, '4', NULL, NULL, 5, 1, '2024-07-04 00:00:00', '127.0.0.1', 1),
(1683, 1, 878, '5', NULL, NULL, NULL, '5', NULL, NULL, 6, 1, '2024-07-04 00:00:00', '127.0.0.1', 1),
(1684, 1, 879, '0', NULL, NULL, NULL, '0', NULL, NULL, 1, 1, '2024-07-04 00:00:00', '127.0.0.1', 1),
(1685, 1, 879, '1', NULL, NULL, NULL, '1', NULL, NULL, 2, 1, '2024-07-04 00:00:00', '127.0.0.1', 1),
(1686, 1, 879, '2', NULL, NULL, NULL, '2', NULL, NULL, 3, 1, '2024-07-04 00:00:00', '127.0.0.1', 1),
(1687, 1, 879, '3', NULL, NULL, NULL, '3', NULL, NULL, 4, 1, '2024-07-04 00:00:00', '127.0.0.1', 1),
(1688, 1, 879, '4', NULL, NULL, NULL, '4', NULL, NULL, 5, 1, '2024-07-04 00:00:00', '127.0.0.1', 1),
(1689, 1, 879, '5', NULL, NULL, NULL, '5', NULL, NULL, 6, 1, '2024-07-04 00:00:00', '127.0.0.1', 1),
(1690, 1, 880, '0', NULL, NULL, NULL, '0', NULL, NULL, 1, 1, '2024-07-04 00:00:00', '127.0.0.1', 1),
(1691, 1, 880, '1', NULL, NULL, NULL, '1', NULL, NULL, 2, 1, '2024-07-04 00:00:00', '127.0.0.1', 1),
(1692, 1, 880, '2', NULL, NULL, NULL, '2', NULL, NULL, 3, 1, '2024-07-04 00:00:00', '127.0.0.1', 1),
(1693, 1, 880, '3', NULL, NULL, NULL, '3', NULL, NULL, 4, 1, '2024-07-04 00:00:00', '127.0.0.1', 1),
(1694, 1, 880, '4', NULL, NULL, NULL, '4', NULL, NULL, 5, 1, '2024-07-04 00:00:00', '127.0.0.1', 1),
(1695, 1, 880, '5', NULL, NULL, NULL, '5', NULL, NULL, 6, 1, '2024-07-04 00:00:00', '127.0.0.1', 1),
(1696, 1, 881, '0', NULL, NULL, NULL, '0', NULL, NULL, 1, 1, '2024-07-04 00:00:00', '127.0.0.1', 1),
(1697, 1, 881, '1', NULL, NULL, NULL, '1', NULL, NULL, 2, 1, '2024-07-04 00:00:00', '127.0.0.1', 1),
(1698, 1, 881, '2', NULL, NULL, NULL, '2', NULL, NULL, 3, 1, '2024-07-04 00:00:00', '127.0.0.1', 1),
(1699, 1, 881, '3', NULL, NULL, NULL, '3', NULL, NULL, 4, 1, '2024-07-04 00:00:00', '127.0.0.1', 1),
(1700, 1, 881, '4', NULL, NULL, NULL, '4', NULL, NULL, 5, 1, '2024-07-04 00:00:00', '127.0.0.1', 1),
(1701, 1, 881, '5', NULL, NULL, NULL, '5', NULL, NULL, 6, 1, '2024-07-04 00:00:00', '127.0.0.1', 1),
(1702, 1, 882, '0', NULL, NULL, NULL, '0', NULL, NULL, 1, 1, '2024-07-04 00:00:00', '127.0.0.1', 1),
(1703, 1, 882, '1', NULL, NULL, NULL, '1', NULL, NULL, 2, 1, '2024-07-04 00:00:00', '127.0.0.1', 1),
(1704, 1, 882, '2', NULL, NULL, NULL, '2', NULL, NULL, 3, 1, '2024-07-04 00:00:00', '127.0.0.1', 1),
(1705, 1, 882, '3', NULL, NULL, NULL, '3', NULL, NULL, 4, 1, '2024-07-04 00:00:00', '127.0.0.1', 1),
(1706, 1, 882, '4', NULL, NULL, NULL, '4', NULL, NULL, 5, 1, '2024-07-04 00:00:00', '127.0.0.1', 1),
(1707, 1, 882, '5', NULL, NULL, NULL, '5', NULL, NULL, 6, 1, '2024-07-04 00:00:00', '127.0.0.1', 1),
(1708, 1, 883, '0', NULL, NULL, NULL, '0', NULL, NULL, 1, 1, '2024-07-04 00:00:00', '127.0.0.1', 1),
(1709, 1, 883, '1', NULL, NULL, NULL, '1', NULL, NULL, 2, 1, '2024-07-04 00:00:00', '127.0.0.1', 1),
(1710, 1, 883, '2', NULL, NULL, NULL, '2', NULL, NULL, 3, 1, '2024-07-04 00:00:00', '127.0.0.1', 1),
(1711, 1, 883, '3', NULL, NULL, NULL, '3', NULL, NULL, 4, 1, '2024-07-04 00:00:00', '127.0.0.1', 1),
(1712, 1, 883, '4', NULL, NULL, NULL, '4', NULL, NULL, 5, 1, '2024-07-04 00:00:00', '127.0.0.1', 1),
(1713, 1, 883, '5', NULL, NULL, NULL, '5', NULL, NULL, 6, 1, '2024-07-04 00:00:00', '127.0.0.1', 1),
(1714, 1, 884, '0', NULL, NULL, NULL, '0', NULL, NULL, 1, 1, '2024-07-04 00:00:00', '127.0.0.1', 1),
(1715, 1, 884, '1', NULL, NULL, NULL, '1', NULL, NULL, 2, 1, '2024-07-04 00:00:00', '127.0.0.1', 1),
(1716, 1, 884, '2', NULL, NULL, NULL, '2', NULL, NULL, 3, 1, '2024-07-04 00:00:00', '127.0.0.1', 1),
(1717, 1, 884, '3', NULL, NULL, NULL, '3', NULL, NULL, 4, 1, '2024-07-04 00:00:00', '127.0.0.1', 1),
(1718, 1, 884, '4', NULL, NULL, NULL, '4', NULL, NULL, 5, 1, '2024-07-04 00:00:00', '127.0.0.1', 1),
(1719, 1, 884, '5', NULL, NULL, NULL, '5', NULL, NULL, 6, 1, '2024-07-04 00:00:00', '127.0.0.1', 1),
(1720, 1, 885, '0', NULL, NULL, NULL, '0', NULL, NULL, 1, 1, '2024-07-04 00:00:00', '127.0.0.1', 1),
(1721, 1, 885, '1', NULL, NULL, NULL, '1', NULL, NULL, 2, 1, '2024-07-04 00:00:00', '127.0.0.1', 1),
(1722, 1, 885, '2', NULL, NULL, NULL, '2', NULL, NULL, 3, 1, '2024-07-04 00:00:00', '127.0.0.1', 1),
(1723, 1, 885, '3', NULL, NULL, NULL, '3', NULL, NULL, 4, 1, '2024-07-04 00:00:00', '127.0.0.1', 1),
(1724, 1, 885, '4', NULL, NULL, NULL, '4', NULL, NULL, 5, 1, '2024-07-04 00:00:00', '127.0.0.1', 1),
(1725, 1, 885, '5', NULL, NULL, NULL, '5', NULL, NULL, 6, 1, '2024-07-04 00:00:00', '127.0.0.1', 1),
(1726, 4, 886, 'Local bulls or castrated male cattle (>2 year)', NULL, NULL, NULL, 'Local bulls or castrated male cattle (>2 year)', NULL, NULL, 1, 1, '2024-09-02 00:00:00', '127.0.0.1', 1),
(1727, 4, 886, 'Local bulls or castrated male cattle (>6 months old - <2 years)', NULL, NULL, NULL, 'Local bulls or castrated male cattle (>6 months old - <2 years)', NULL, NULL, 2, 1, '2024-09-02 00:00:00', '127.0.0.1', 1),
(1728, 4, 886, 'Improved bulls or castrated male cattle (>2 year)', NULL, NULL, NULL, 'Improved bulls or castrated male cattle (>2 year)', NULL, NULL, 3, 1, '2024-09-02 00:00:00', '127.0.0.1', 1),
(1729, 4, 886, 'Improved bulls or castrated male cattle ((>6 months old - <2 years)', NULL, NULL, NULL, 'Improved bulls or castrated male cattle ((>6 months old - <2 years)', NULL, NULL, 4, 1, '2024-09-02 00:00:00', '127.0.0.1', 1),
(1730, 4, 887, 'Sheep', NULL, NULL, NULL, 'Sheep', NULL, NULL, 1, 1, '2024-09-02 00:00:00', '127.0.0.1', 1),
(1731, 4, 888, 'Goats', NULL, NULL, NULL, 'Goats', NULL, NULL, 1, 1, '2024-09-02 00:00:00', '127.0.0.1', 1),
(1732, 4, 889, 'Boars', NULL, NULL, NULL, 'Boars', NULL, NULL, 1, 1, '2024-09-02 00:00:00', '127.0.0.1', 1),
(1733, 4, 889, 'Sows', NULL, NULL, NULL, 'Sows', NULL, NULL, 2, 1, '2024-09-02 00:00:00', '127.0.0.1', 1),
(1734, 4, 889, 'Weaners/Piglets', NULL, NULL, NULL, 'Weaners/Piglets', NULL, NULL, 3, 1, '2024-09-02 00:00:00', '127.0.0.1', 1),
(1735, 4, 889, 'Gilts', NULL, NULL, NULL, 'Gilts', NULL, NULL, 4, 1, '2024-09-02 00:00:00', '127.0.0.1', 1),
(1736, 4, 889, 'Growers', NULL, NULL, NULL, 'Growers', NULL, NULL, 5, 1, '2024-09-02 00:00:00', '127.0.0.1', 1),
(1737, 4, 889, 'Finishers (Porkers/baconers)', NULL, NULL, NULL, 'Finishers (Porkers/baconers)', NULL, NULL, 6, 1, '2024-09-02 00:00:00', '127.0.0.1', 1),
(1738, 4, 890, 'Poultry commercial production', NULL, NULL, NULL, 'Poultry commercial production', NULL, NULL, 1, 1, '2024-09-02 00:00:00', '127.0.0.1', 1),
(1739, 4, 891, 'Poultry village conditions', NULL, NULL, NULL, 'Poultry village conditions', NULL, NULL, 1, 1, '2024-09-02 00:00:00', '127.0.0.1', 1),
(1740, 4, 892, 'Camels', NULL, NULL, NULL, 'Camels', NULL, NULL, 1, 1, '2024-09-02 00:00:00', '127.0.0.1', 1),
(1741, 4, 893, 'Horse', NULL, NULL, NULL, 'Horse', NULL, NULL, 1, 1, '2024-09-02 00:00:00', '127.0.0.1', 1),
(1742, 4, 894, 'Donkeys', NULL, NULL, NULL, 'Donkeys', NULL, NULL, 1, 1, '2024-09-02 00:00:00', '127.0.0.1', 1),
(1743, 4, 895, 'Other', NULL, NULL, NULL, 'Other', NULL, NULL, 1, 1, '2024-09-02 00:00:00', '127.0.0.1', 1),
(1744, 4, 912, 'Cattle', NULL, NULL, NULL, 'Cattle', NULL, NULL, 1, 1, '2024-07-24 00:00:00', '127.0.0.1', 1),
(1745, 4, 912, 'Sheep', NULL, NULL, NULL, 'Sheep', NULL, NULL, 2, 1, '2024-07-24 00:00:00', '127.0.0.1', 1),
(1746, 4, 912, 'Goats', NULL, NULL, NULL, 'Goats', NULL, NULL, 3, 1, '2024-07-24 00:00:00', '127.0.0.1', 1),
(1747, 4, 916, 'Cattle', NULL, NULL, NULL, 'Cattle', NULL, NULL, 1, 1, '2024-07-24 00:00:00', '127.0.0.1', 1),
(1748, 4, 916, 'Sheep', NULL, NULL, NULL, 'Sheep', NULL, NULL, 2, 1, '2024-07-24 00:00:00', '127.0.0.1', 1),
(1749, 4, 916, 'Goats', NULL, NULL, NULL, 'Goats', NULL, NULL, 3, 1, '2024-07-24 00:00:00', '127.0.0.1', 1),
(1750, 4, 920, 'Cattle', NULL, NULL, NULL, 'Cattle', NULL, NULL, 1, 1, '2024-07-24 00:00:00', '127.0.0.1', 1),
(1751, 4, 920, 'Sheep', NULL, NULL, NULL, 'Sheep', NULL, NULL, 2, 1, '2024-07-24 00:00:00', '127.0.0.1', 1),
(1752, 4, 920, 'Goats', NULL, NULL, NULL, 'Goats', NULL, NULL, 3, 1, '2024-07-24 00:00:00', '127.0.0.1', 1),
(1753, 4, 924, 'Cattle', NULL, NULL, NULL, 'Cattle', NULL, NULL, 1, 1, '2024-07-24 00:00:00', '127.0.0.1', 1),
(1754, 4, 924, 'Sheep', NULL, NULL, NULL, 'Sheep', NULL, NULL, 2, 1, '2024-07-24 00:00:00', '127.0.0.1', 1),
(1755, 4, 924, 'Goats', NULL, NULL, NULL, 'Goats', NULL, NULL, 3, 1, '2024-07-24 00:00:00', '127.0.0.1', 1),
(1756, 4, 928, 'Cattle', NULL, NULL, NULL, 'Cattle', NULL, NULL, 1, 1, '2024-07-24 00:00:00', '127.0.0.1', 1),
(1757, 4, 928, 'Sheep', NULL, NULL, NULL, 'Sheep', NULL, NULL, 2, 1, '2024-07-24 00:00:00', '127.0.0.1', 1),
(1758, 4, 928, 'Goats', NULL, NULL, NULL, 'Goats', NULL, NULL, 3, 1, '2024-07-24 00:00:00', '127.0.0.1', 1),
(1759, 4, 932, 'Cattle', NULL, NULL, NULL, 'Cattle', NULL, NULL, 1, 1, '2024-07-24 00:00:00', '127.0.0.1', 1),
(1760, 4, 932, 'Sheep', NULL, NULL, NULL, 'Sheep', NULL, NULL, 2, 1, '2024-07-24 00:00:00', '127.0.0.1', 1),
(1761, 4, 932, 'Goats', NULL, NULL, NULL, 'Goats', NULL, NULL, 3, 1, '2024-07-24 00:00:00', '127.0.0.1', 1),
(1762, 4, 936, 'Cattle', NULL, NULL, NULL, 'Cattle', NULL, NULL, 1, 1, '2024-07-24 00:00:00', '127.0.0.1', 1),
(1763, 4, 936, 'Sheep', NULL, NULL, NULL, 'Sheep', NULL, NULL, 2, 1, '2024-07-24 00:00:00', '127.0.0.1', 1),
(1764, 4, 936, 'Goats', NULL, NULL, NULL, 'Goats', NULL, NULL, 3, 1, '2024-07-24 00:00:00', '127.0.0.1', 1),
(1765, 4, 940, 'Cattle', NULL, NULL, NULL, 'Cattle', NULL, NULL, 1, 1, '2024-07-24 00:00:00', '127.0.0.1', 1),
(1766, 4, 940, 'Sheep', NULL, NULL, NULL, 'Sheep', NULL, NULL, 2, 1, '2024-07-24 00:00:00', '127.0.0.1', 1),
(1767, 4, 940, 'Goats', NULL, NULL, NULL, 'Goats', NULL, NULL, 3, 1, '2024-07-24 00:00:00', '127.0.0.1', 1),
(1768, 4, 944, 'Cattle', NULL, NULL, NULL, 'Cattle', NULL, NULL, 1, 1, '2024-07-24 00:00:00', '127.0.0.1', 1),
(1769, 4, 944, 'Sheep', NULL, NULL, NULL, 'Sheep', NULL, NULL, 2, 1, '2024-07-24 00:00:00', '127.0.0.1', 1),
(1770, 4, 944, 'Goats', NULL, NULL, NULL, 'Goats', NULL, NULL, 3, 1, '2024-07-24 00:00:00', '127.0.0.1', 1),
(1771, 4, 948, 'Cattle', NULL, NULL, NULL, 'Cattle', NULL, NULL, 1, 1, '2024-07-24 00:00:00', '127.0.0.1', 1),
(1772, 4, 948, 'Sheep', NULL, NULL, NULL, 'Sheep', NULL, NULL, 2, 1, '2024-07-24 00:00:00', '127.0.0.1', 1),
(1773, 4, 948, 'Goats', NULL, NULL, NULL, 'Goats', NULL, NULL, 3, 1, '2024-07-24 00:00:00', '127.0.0.1', 1),
(1774, 4, 952, 'Cattle', NULL, NULL, NULL, 'Cattle', NULL, NULL, 1, 1, '2024-07-24 00:00:00', '127.0.0.1', 1),
(1775, 4, 952, 'Sheep', NULL, NULL, NULL, 'Sheep', NULL, NULL, 2, 1, '2024-07-24 00:00:00', '127.0.0.1', 1),
(1776, 4, 952, 'Goats', NULL, NULL, NULL, 'Goats', NULL, NULL, 3, 1, '2024-07-24 00:00:00', '127.0.0.1', 1),
(1777, 4, 979, 'Yes', NULL, NULL, NULL, 'Yes', NULL, NULL, 1, 1, '2024-09-05 00:00:00', '127.0.0.1', 1),
(1778, 4, 979, 'No', NULL, NULL, NULL, 'No', NULL, NULL, 2, 1, '2024-09-05 00:00:00', '127.0.0.1', 1),
(1779, 4, 981, 'Yes', NULL, NULL, NULL, 'Yes', NULL, NULL, 1, 1, '2024-09-05 00:00:00', '127.0.0.1', 1),
(1780, 4, 981, 'No', NULL, NULL, NULL, 'No', NULL, NULL, 2, 1, '2024-09-05 00:00:00', '127.0.0.1', 1),
(1781, 4, 983, 'Yes', NULL, NULL, NULL, 'Yes', NULL, NULL, 1, 1, '2024-09-05 00:00:00', '127.0.0.1', 1),
(1782, 4, 983, 'No', NULL, NULL, NULL, 'No', NULL, NULL, 2, 1, '2024-09-05 00:00:00', '127.0.0.1', 1),
(1783, 4, 985, 'Yes', NULL, NULL, NULL, 'Yes', NULL, NULL, 1, 1, '2024-09-05 00:00:00', '127.0.0.1', 1),
(1784, 4, 985, 'No', NULL, NULL, NULL, 'No', NULL, NULL, 2, 1, '2024-09-05 00:00:00', '127.0.0.1', 1),
(1785, 4, 987, 'Yes', NULL, NULL, NULL, 'Yes', NULL, NULL, 1, 1, '2024-09-05 00:00:00', '127.0.0.1', 1),
(1786, 4, 987, 'No', NULL, NULL, NULL, 'No', NULL, NULL, 2, 1, '2024-09-05 00:00:00', '127.0.0.1', 1),
(1787, 4, 989, 'Yes', NULL, NULL, NULL, 'Yes', NULL, NULL, 1, 1, '2024-09-05 00:00:00', '127.0.0.1', 1),
(1788, 4, 989, 'No', NULL, NULL, NULL, 'No', NULL, NULL, 2, 1, '2024-09-05 00:00:00', '127.0.0.1', 1),
(1789, 4, 991, 'Yes', NULL, NULL, NULL, 'Yes', NULL, NULL, 1, 1, '2024-09-05 00:00:00', '127.0.0.1', 1),
(1790, 4, 991, 'No', NULL, NULL, NULL, 'No', NULL, NULL, 2, 1, '2024-09-05 00:00:00', '127.0.0.1', 1),
(1791, 4, 993, 'Yes', NULL, NULL, NULL, 'Yes', NULL, NULL, 1, 1, '2024-09-05 00:00:00', '127.0.0.1', 1),
(1792, 4, 993, 'No', NULL, NULL, NULL, 'No', NULL, NULL, 2, 1, '2024-09-05 00:00:00', '127.0.0.1', 1),
(1793, 4, 995, 'Yes', NULL, NULL, NULL, 'Yes', NULL, NULL, 1, 1, '2024-09-05 00:00:00', '127.0.0.1', 1),
(1794, 4, 995, 'No', NULL, NULL, NULL, 'No', NULL, NULL, 2, 1, '2024-09-05 00:00:00', '127.0.0.1', 1),
(1795, 4, 997, 'Yes', NULL, NULL, NULL, 'Yes', NULL, NULL, 1, 1, '2024-09-05 00:00:00', '127.0.0.1', 1),
(1796, 4, 997, 'No', NULL, NULL, NULL, 'No', NULL, NULL, 2, 1, '2024-09-05 00:00:00', '127.0.0.1', 1),
(1797, 4, 999, 'Yes', NULL, NULL, NULL, 'Yes', NULL, NULL, 1, 1, '2024-09-05 00:00:00', '127.0.0.1', 1),
(1798, 4, 999, 'No', NULL, NULL, NULL, 'No', NULL, NULL, 2, 1, '2024-09-05 00:00:00', '127.0.0.1', 1),
(1799, 4, 1001, 'Yes', NULL, NULL, NULL, 'Yes', NULL, NULL, 1, 1, '2024-09-05 00:00:00', '127.0.0.1', 1),
(1800, 4, 1001, 'No', NULL, NULL, NULL, 'No', NULL, NULL, 2, 1, '2024-09-05 00:00:00', '127.0.0.1', 1),
(1801, 4, 1002, 'INR', NULL, NULL, NULL, 'INR', NULL, NULL, 1, 1, '2024-09-06 00:00:00', '127.0.0.1', 1),
(1802, 4, 1002, 'Kenyan Shillings', NULL, NULL, NULL, 'Kenyan Shillings', NULL, NULL, 2, 1, '2024-09-06 00:00:00', '127.0.0.1', 1),
(1803, 4, 1002, 'USD', NULL, NULL, NULL, 'USD', NULL, NULL, 3, 1, '2024-09-06 00:00:00', '127.0.0.1', 1),
(1804, 4, 1003, 'INR', NULL, NULL, NULL, 'INR', NULL, NULL, 1, 1, '2024-09-06 00:00:00', '127.0.0.1', 1),
(1805, 4, 1003, 'Kenyan Shillings', NULL, NULL, NULL, 'Kenyan Shillings', NULL, NULL, 2, 1, '2024-09-06 00:00:00', '127.0.0.1', 1),
(1806, 4, 1003, 'USD', NULL, NULL, NULL, 'USD', NULL, NULL, 3, 1, '2024-09-06 00:00:00', '127.0.0.1', 1),
(1807, 4, 1004, 'INR', NULL, NULL, NULL, 'INR', NULL, NULL, 1, 1, '2024-09-06 00:00:00', '127.0.0.1', 1),
(1808, 4, 1004, 'Kenyan Shillings', NULL, NULL, NULL, 'Kenyan Shillings', NULL, NULL, 2, 1, '2024-09-06 00:00:00', '127.0.0.1', 1),
(1809, 4, 1004, 'USD', NULL, NULL, NULL, 'USD', NULL, NULL, 3, 1, '2024-09-06 00:00:00', '127.0.0.1', 1),
(1810, 4, 1005, 'INR', NULL, NULL, NULL, 'INR', NULL, NULL, 1, 1, '2024-09-06 00:00:00', '127.0.0.1', 1),
(1811, 4, 1005, 'Kenyan Shillings', NULL, NULL, NULL, 'Kenyan Shillings', NULL, NULL, 2, 1, '2024-09-06 00:00:00', '127.0.0.1', 1),
(1812, 4, 1005, 'USD', NULL, NULL, NULL, 'USD', NULL, NULL, 3, 1, '2024-09-06 00:00:00', '127.0.0.1', 1),
(1813, 4, 1006, 'INR', NULL, NULL, NULL, 'INR', NULL, NULL, 1, 1, '2024-09-06 00:00:00', '127.0.0.1', 1),
(1814, 4, 1006, 'Kenyan Shillings', NULL, NULL, NULL, 'Kenyan Shillings', NULL, NULL, 2, 1, '2024-09-06 00:00:00', '127.0.0.1', 1),
(1815, 4, 1006, 'USD', NULL, NULL, NULL, 'USD', NULL, NULL, 3, 1, '2024-09-06 00:00:00', '127.0.0.1', 1),
(1816, 4, 1007, 'INR', NULL, NULL, NULL, 'INR', NULL, NULL, 1, 1, '2024-09-06 00:00:00', '127.0.0.1', 1),
(1817, 4, 1007, 'Kenyan Shillings', NULL, NULL, NULL, 'Kenyan Shillings', NULL, NULL, 2, 1, '2024-09-06 00:00:00', '127.0.0.1', 1),
(1818, 4, 1007, 'USD', NULL, NULL, NULL, 'USD', NULL, NULL, 3, 1, '2024-09-06 00:00:00', '127.0.0.1', 1),
(1819, 4, 1008, 'INR', NULL, NULL, NULL, 'INR', NULL, NULL, 1, 1, '2024-09-06 00:00:00', '127.0.0.1', 1),
(1820, 4, 1008, 'Kenyan Shillings', NULL, NULL, NULL, 'Kenyan Shillings', NULL, NULL, 2, 1, '2024-09-06 00:00:00', '127.0.0.1', 1),
(1821, 4, 1008, 'USD', NULL, NULL, NULL, 'USD', NULL, NULL, 3, 1, '2024-09-06 00:00:00', '127.0.0.1', 1),
(1822, 4, 1009, 'INR', NULL, NULL, NULL, 'INR', NULL, NULL, 1, 1, '2024-09-06 00:00:00', '127.0.0.1', 1),
(1823, 4, 1009, 'Kenyan Shillings', NULL, NULL, NULL, 'Kenyan Shillings', NULL, NULL, 2, 1, '2024-09-06 00:00:00', '127.0.0.1', 1),
(1824, 4, 1009, 'USD', NULL, NULL, NULL, 'USD', NULL, NULL, 3, 1, '2024-09-06 00:00:00', '127.0.0.1', 1),
(1825, 4, 1010, 'INR', NULL, NULL, NULL, 'INR', NULL, NULL, 1, 1, '2024-09-06 00:00:00', '127.0.0.1', 1),
(1826, 4, 1010, 'Kenyan Shillings', NULL, NULL, NULL, 'Kenyan Shillings', NULL, NULL, 2, 1, '2024-09-06 00:00:00', '127.0.0.1', 1),
(1827, 4, 1010, 'USD', NULL, NULL, NULL, 'USD', NULL, NULL, 3, 1, '2024-09-06 00:00:00', '127.0.0.1', 1),
(1828, 4, 1011, 'INR', NULL, NULL, NULL, 'INR', NULL, NULL, 1, 1, '2024-09-06 00:00:00', '127.0.0.1', 1),
(1829, 4, 1011, 'Kenyan Shillings', NULL, NULL, NULL, 'Kenyan Shillings', NULL, NULL, 1, 1, '2024-09-06 00:00:00', '127.0.0.1', 1),
(1830, 4, 1011, 'USD', NULL, NULL, NULL, 'USD', NULL, NULL, 3, 1, '2024-09-06 00:00:00', '127.0.0.1', 1),
(1831, 4, 1012, 'INR', NULL, NULL, NULL, 'INR', NULL, NULL, 1, 1, '2024-09-06 00:00:00', '127.0.0.1', 1),
(1832, 4, 1012, 'Kenyan Shillings', NULL, NULL, NULL, 'Kenyan Shillings', NULL, NULL, 1, 1, '2024-09-06 00:00:00', '127.0.0.1', 1),
(1833, 4, 1012, 'USD', NULL, NULL, NULL, 'USD', NULL, NULL, 3, 1, '2024-09-06 00:00:00', '127.0.0.1', 1),
(1834, 4, 1013, 'INR', NULL, NULL, NULL, 'INR', NULL, NULL, 1, 1, '2024-09-06 00:00:00', '127.0.0.1', 1),
(1835, 4, 1013, 'Kenyan Shillings', NULL, NULL, NULL, 'Kenyan Shillings', NULL, NULL, 1, 1, '2024-09-06 00:00:00', '127.0.0.1', 1),
(1836, 4, 1013, 'USD', NULL, NULL, NULL, 'USD', NULL, NULL, 3, 1, '2024-09-06 00:00:00', '127.0.0.1', 1),
(1837, 4, 1014, 'INR', NULL, NULL, NULL, 'INR', NULL, NULL, 1, 1, '2024-09-06 00:00:00', '127.0.0.1', 1),
(1838, 4, 1014, 'Kenyan Shillings', NULL, NULL, NULL, 'Kenyan Shillings', NULL, NULL, 1, 1, '2024-09-06 00:00:00', '127.0.0.1', 1),
(1839, 4, 1014, 'USD', NULL, NULL, NULL, 'USD', NULL, NULL, 3, 1, '2024-09-06 00:00:00', '127.0.0.1', 1),
(1840, 4, 1015, 'INR', NULL, NULL, NULL, 'INR', NULL, NULL, 1, 1, '2024-09-06 00:00:00', '127.0.0.1', 1),
(1841, 4, 1015, 'Kenyan Shillings', NULL, NULL, NULL, 'Kenyan Shillings', NULL, NULL, 1, 1, '2024-09-06 00:00:00', '127.0.0.1', 1),
(1842, 4, 1015, 'USD', NULL, NULL, NULL, 'USD', NULL, NULL, 3, 1, '2024-09-06 00:00:00', '127.0.0.1', 1),
(1843, 4, 1016, 'INR', NULL, NULL, NULL, 'INR', NULL, NULL, 1, 1, '2024-09-06 00:00:00', '127.0.0.1', 1),
(1844, 4, 1016, 'Kenyan Shillings', NULL, NULL, NULL, 'Kenyan Shillings', NULL, NULL, 1, 1, '2024-09-06 00:00:00', '127.0.0.1', 1),
(1845, 4, 1016, 'USD', NULL, NULL, NULL, 'USD', NULL, NULL, 3, 1, '2024-09-06 00:00:00', '127.0.0.1', 1),
(1846, 4, 1017, 'INR', NULL, NULL, NULL, 'INR', NULL, NULL, 1, 1, '2024-09-06 00:00:00', '127.0.0.1', 1),
(1847, 4, 1017, 'Kenyan Shillings', NULL, NULL, NULL, 'Kenyan Shillings', NULL, NULL, 1, 1, '2024-09-06 00:00:00', '127.0.0.1', 1),
(1848, 4, 1017, 'USD', NULL, NULL, NULL, 'USD', NULL, NULL, 3, 1, '2024-09-06 00:00:00', '127.0.0.1', 1),
(1849, 4, 1018, 'INR', NULL, NULL, NULL, 'INR', NULL, NULL, 1, 1, '2024-09-06 00:00:00', '127.0.0.1', 1),
(1850, 4, 1018, 'Kenyan Shillings', NULL, NULL, NULL, 'Kenyan Shillings', NULL, NULL, 1, 1, '2024-09-06 00:00:00', '127.0.0.1', 1),
(1851, 4, 1018, 'USD', NULL, NULL, NULL, 'USD', NULL, NULL, 3, 1, '2024-09-06 00:00:00', '127.0.0.1', 1),
(1852, 4, 1019, 'INR', NULL, NULL, NULL, 'INR', NULL, NULL, 1, 1, '2024-09-06 00:00:00', '127.0.0.1', 1),
(1853, 4, 1019, 'Kenyan Shillings', NULL, NULL, NULL, 'Kenyan Shillings', NULL, NULL, 1, 1, '2024-09-06 00:00:00', '127.0.0.1', 1),
(1854, 4, 1019, 'USD', NULL, NULL, NULL, 'USD', NULL, NULL, 3, 1, '2024-09-06 00:00:00', '127.0.0.1', 1),
(1855, 4, 1020, 'INR', NULL, NULL, NULL, 'INR', NULL, NULL, 1, 1, '2024-09-06 00:00:00', '127.0.0.1', 1),
(1856, 4, 1020, 'Kenyan Shillings', NULL, NULL, NULL, 'Kenyan Shillings', NULL, NULL, 1, 1, '2024-09-06 00:00:00', '127.0.0.1', 1),
(1857, 4, 1020, 'USD', NULL, NULL, NULL, 'USD', NULL, NULL, 3, 1, '2024-09-06 00:00:00', '127.0.0.1', 1),
(1858, 4, 1021, 'INR', NULL, NULL, NULL, 'INR', NULL, NULL, 1, 1, '2024-09-06 00:00:00', '127.0.0.1', 1),
(1859, 4, 1021, 'Kenyan Shillings', NULL, NULL, NULL, 'Kenyan Shillings', NULL, NULL, 1, 1, '2024-09-06 00:00:00', '127.0.0.1', 1),
(1860, 4, 1021, 'USD', NULL, NULL, NULL, 'USD', NULL, NULL, 3, 1, '2024-09-06 00:00:00', '127.0.0.1', 1),
(1861, 4, 1022, 'INR', NULL, NULL, NULL, 'INR', NULL, NULL, 1, 1, '2024-09-06 00:00:00', '127.0.0.1', 1);
INSERT INTO `form_field_multiple` (`multi_id`, `form_id`, `field_id`, `label`, `label_hindi`, `label_odiya`, `selected`, `value`, `value_hindi`, `value_odiya`, `order_by`, `added_by`, `added_datetime`, `ip_address`, `status`) VALUES
(1862, 4, 1022, 'Kenyan Shillings', NULL, NULL, NULL, 'Kenyan Shillings', NULL, NULL, 1, 1, '2024-09-06 00:00:00', '127.0.0.1', 1),
(1863, 4, 1022, 'USD', NULL, NULL, NULL, 'USD', NULL, NULL, 3, 1, '2024-09-06 00:00:00', '127.0.0.1', 1),
(1864, 4, 1023, 'INR', NULL, NULL, NULL, 'INR', NULL, NULL, 1, 1, '2024-09-06 00:00:00', '127.0.0.1', 1),
(1865, 4, 1023, 'Kenyan Shillings', NULL, NULL, NULL, 'Kenyan Shillings', NULL, NULL, 1, 1, '2024-09-06 00:00:00', '127.0.0.1', 1),
(1866, 4, 1023, 'USD', NULL, NULL, NULL, 'USD', NULL, NULL, 3, 1, '2024-09-06 00:00:00', '127.0.0.1', 1),
(1867, 4, 1024, 'INR', NULL, NULL, NULL, 'INR', NULL, NULL, 1, 1, '2024-09-06 00:00:00', '127.0.0.1', 1),
(1868, 4, 1024, 'Kenyan Shillings', NULL, NULL, NULL, 'Kenyan Shillings', NULL, NULL, 1, 1, '2024-09-06 00:00:00', '127.0.0.1', 1),
(1869, 4, 1024, 'USD', NULL, NULL, NULL, 'USD', NULL, NULL, 3, 1, '2024-09-06 00:00:00', '127.0.0.1', 1),
(1870, 4, 1025, 'INR', NULL, NULL, NULL, 'INR', NULL, NULL, 1, 1, '2024-09-06 00:00:00', '127.0.0.1', 1),
(1871, 4, 1025, 'Kenyan Shillings', NULL, NULL, NULL, 'Kenyan Shillings', NULL, NULL, 1, 1, '2024-09-06 00:00:00', '127.0.0.1', 1),
(1872, 4, 1025, 'USD', NULL, NULL, NULL, 'USD', NULL, NULL, 3, 1, '2024-09-06 00:00:00', '127.0.0.1', 1),
(1873, 4, 1026, 'INR', NULL, NULL, NULL, 'INR', NULL, NULL, 1, 1, '2024-09-06 00:00:00', '127.0.0.1', 1),
(1874, 4, 1026, 'Kenyan Shillings', NULL, NULL, NULL, 'Kenyan Shillings', NULL, NULL, 1, 1, '2024-09-06 00:00:00', '127.0.0.1', 1),
(1875, 4, 1026, 'USD', NULL, NULL, NULL, 'USD', NULL, NULL, 3, 1, '2024-09-06 00:00:00', '127.0.0.1', 1),
(1876, 4, 1027, 'INR', NULL, NULL, NULL, 'INR', NULL, NULL, 1, 1, '2024-09-06 00:00:00', '127.0.0.1', 1),
(1877, 4, 1027, 'Kenyan Shillings', NULL, NULL, NULL, 'Kenyan Shillings', NULL, NULL, 2, 1, '2024-09-06 00:00:00', '127.0.0.1', 1),
(1878, 4, 1027, 'USD', NULL, NULL, NULL, 'USD', NULL, NULL, 3, 1, '2024-09-06 00:00:00', '127.0.0.1', 1),
(1879, 4, 1028, 'INR', NULL, NULL, NULL, 'INR', NULL, NULL, 1, 1, '2024-09-06 00:00:00', '127.0.0.1', 1),
(1880, 4, 1028, 'Kenyan Shillings', NULL, NULL, NULL, 'Kenyan Shillings', NULL, NULL, 2, 1, '2024-09-06 00:00:00', '127.0.0.1', 1),
(1881, 4, 1028, 'USD', NULL, NULL, NULL, 'USD', NULL, NULL, 3, 1, '2024-09-06 00:00:00', '127.0.0.1', 1),
(1882, 4, 1029, 'INR', NULL, NULL, NULL, 'INR', NULL, NULL, 1, 1, '2024-09-06 00:00:00', '127.0.0.1', 1),
(1883, 4, 1029, 'Kenyan Shillings', NULL, NULL, NULL, 'Kenyan Shillings', NULL, NULL, 2, 1, '2024-09-06 00:00:00', '127.0.0.1', 1),
(1884, 4, 1029, 'USD', NULL, NULL, NULL, 'USD', NULL, NULL, 3, 1, '2024-09-06 00:00:00', '127.0.0.1', 1),
(1885, 4, 1030, 'INR', NULL, NULL, NULL, 'INR', NULL, NULL, 1, 1, '2024-09-06 00:00:00', '127.0.0.1', 1),
(1886, 4, 1030, 'Kenyan Shillings', NULL, NULL, NULL, 'Kenyan Shillings', NULL, NULL, 2, 1, '2024-09-06 00:00:00', '127.0.0.1', 1),
(1887, 4, 1030, 'USD', NULL, NULL, NULL, 'USD', NULL, NULL, 3, 1, '2024-09-06 00:00:00', '127.0.0.1', 1),
(1888, 4, 1031, 'INR', NULL, NULL, NULL, 'INR', NULL, NULL, 1, 1, '2024-09-06 00:00:00', '127.0.0.1', 1),
(1889, 4, 1031, 'Kenyan Shillings', NULL, NULL, NULL, 'Kenyan Shillings', NULL, NULL, 2, 1, '2024-09-06 00:00:00', '127.0.0.1', 1),
(1890, 4, 1031, 'USD', NULL, NULL, NULL, 'USD', NULL, NULL, 3, 1, '2024-09-06 00:00:00', '127.0.0.1', 1),
(1891, 4, 1032, 'INR', NULL, NULL, NULL, 'INR', NULL, NULL, 1, 1, '2024-09-06 00:00:00', '127.0.0.1', 1),
(1892, 4, 1032, 'Kenyan Shillings', NULL, NULL, NULL, 'Kenyan Shillings', NULL, NULL, 2, 1, '2024-09-06 00:00:00', '127.0.0.1', 1),
(1893, 4, 1032, 'USD', NULL, NULL, NULL, 'USD', NULL, NULL, 3, 1, '2024-09-06 00:00:00', '127.0.0.1', 1),
(1894, 4, 1033, 'INR', NULL, NULL, NULL, 'INR', NULL, NULL, 1, 1, '2024-09-06 00:00:00', '127.0.0.1', 1),
(1895, 4, 1033, 'Kenyan Shillings', NULL, NULL, NULL, 'Kenyan Shillings', NULL, NULL, 2, 1, '2024-09-06 00:00:00', '127.0.0.1', 1),
(1896, 4, 1033, 'USD', NULL, NULL, NULL, 'USD', NULL, NULL, 3, 1, '2024-09-06 00:00:00', '127.0.0.1', 1),
(1897, 4, 1034, 'INR', NULL, NULL, NULL, 'INR', NULL, NULL, 1, 1, '2024-09-06 00:00:00', '127.0.0.1', 1),
(1898, 4, 1034, 'Kenyan Shillings', NULL, NULL, NULL, 'Kenyan Shillings', NULL, NULL, 2, 1, '2024-09-06 00:00:00', '127.0.0.1', 1),
(1899, 4, 1034, 'USD', NULL, NULL, NULL, 'USD', NULL, NULL, 3, 1, '2024-09-06 00:00:00', '127.0.0.1', 1),
(1900, 4, 1035, 'INR', NULL, NULL, NULL, 'INR', NULL, NULL, 1, 1, '2024-09-06 00:00:00', '127.0.0.1', 1),
(1901, 4, 1035, 'Kenyan Shillings', NULL, NULL, NULL, 'Kenyan Shillings', NULL, NULL, 2, 1, '2024-09-06 00:00:00', '127.0.0.1', 1),
(1902, 4, 1035, 'USD', NULL, NULL, NULL, 'USD', NULL, NULL, 3, 1, '2024-09-06 00:00:00', '127.0.0.1', 1),
(1903, 4, 1036, 'INR', NULL, NULL, NULL, 'INR', NULL, NULL, 1, 1, '2024-09-06 00:00:00', '127.0.0.1', 1),
(1904, 4, 1036, 'Kenyan Shillings', NULL, NULL, NULL, 'Kenyan Shillings', NULL, NULL, 2, 1, '2024-09-06 00:00:00', '127.0.0.1', 1),
(1905, 4, 1036, 'USD', NULL, NULL, NULL, 'USD', NULL, NULL, 3, 1, '2024-09-06 00:00:00', '127.0.0.1', 1),
(1906, 1, 1038, 'Hectare (ha)', NULL, NULL, NULL, 'Hectare (ha)', NULL, NULL, 1, 1, '2024-07-04 00:00:00', '127.0.0.1', 1),
(1907, 1, 1038, 'Acre (ac)', NULL, NULL, NULL, 'Acre (ac)', NULL, NULL, 2, 1, '2024-07-04 00:00:00', '127.0.0.1', 1),
(1908, 1, 1039, 'Hectare (ha)', NULL, NULL, NULL, 'Hectare (ha)', NULL, NULL, 1, 1, '2024-09-16 00:00:00', '127.0.0.1', 1),
(1909, 1, 1039, 'Acre (ac)', NULL, NULL, NULL, 'Acre (ac)', NULL, NULL, 2, 1, '2024-09-16 00:00:00', '127.0.0.1', 1),
(1910, 4, 1108, 'Yes', NULL, NULL, NULL, 'Yes', NULL, NULL, 1, 1, '2024-10-15 00:00:00', '127.0.0.1', 1),
(1911, 4, 1108, 'No', NULL, NULL, NULL, 'No', NULL, NULL, 2, 1, '2024-10-15 00:00:00', '127.0.0.1', 1),
(1912, 4, 849, '0', NULL, NULL, NULL, '0', NULL, NULL, 1, 1, '2024-07-24 00:00:00', '127.0.0.1', 1),
(1913, 4, 849, '1', NULL, NULL, NULL, '1', NULL, NULL, 2, 1, '2024-07-24 00:00:00', '127.0.0.1', 1),
(1914, 4, 849, '2', NULL, NULL, NULL, '2', NULL, NULL, 3, 1, '2024-07-24 00:00:00', '127.0.0.1', 1),
(1915, 4, 849, '3', NULL, NULL, NULL, '3', NULL, NULL, 4, 1, '2024-07-24 00:00:00', '127.0.0.1', 1),
(1916, 4, 849, '4', NULL, NULL, NULL, '4', NULL, NULL, 5, 1, '2024-07-24 00:00:00', '127.0.0.1', 1),
(1917, 4, 849, '5', NULL, NULL, NULL, '5', NULL, NULL, 6, 1, '2024-07-24 00:00:00', '127.0.0.1', 1),
(1918, 4, 849, '6', NULL, NULL, NULL, '6', NULL, NULL, 7, 1, '2024-07-24 00:00:00', '127.0.0.1', 1),
(1919, 4, 849, '7', NULL, NULL, NULL, '7', NULL, NULL, 8, 1, '2024-07-24 00:00:00', '127.0.0.1', 1),
(1920, 4, 849, '8', NULL, NULL, NULL, '8', NULL, NULL, 9, 1, '2024-07-24 00:00:00', '127.0.0.1', 1),
(1921, 4, 849, '9', NULL, NULL, NULL, '9', NULL, NULL, 10, 1, '2024-07-24 00:00:00', '127.0.0.1', 1),
(1922, 4, 849, '10', NULL, NULL, NULL, '10', NULL, NULL, 11, 1, '2024-07-24 00:00:00', '127.0.0.1', 1),
(1923, 4, 850, '0', NULL, NULL, NULL, '0', NULL, NULL, 1, 1, '2024-07-24 00:00:00', '127.0.0.1', 1),
(1924, 4, 850, '1', NULL, NULL, NULL, '1', NULL, NULL, 2, 1, '2024-07-24 00:00:00', '127.0.0.1', 1),
(1925, 4, 850, '2', NULL, NULL, NULL, '2', NULL, NULL, 3, 1, '2024-07-24 00:00:00', '127.0.0.1', 1),
(1926, 4, 850, '3', NULL, NULL, NULL, '3', NULL, NULL, 4, 1, '2024-07-24 00:00:00', '127.0.0.1', 1),
(1927, 4, 850, '4', NULL, NULL, NULL, '4', NULL, NULL, 5, 1, '2024-07-24 00:00:00', '127.0.0.1', 1),
(1928, 4, 850, '5', NULL, NULL, NULL, '5', NULL, NULL, 6, 1, '2024-07-24 00:00:00', '127.0.0.1', 1),
(1929, 4, 850, '6', NULL, NULL, NULL, '6', NULL, NULL, 7, 1, '2024-07-24 00:00:00', '127.0.0.1', 1),
(1930, 4, 850, '7', NULL, NULL, NULL, '7', NULL, NULL, 8, 1, '2024-07-24 00:00:00', '127.0.0.1', 1),
(1931, 4, 850, '8', NULL, NULL, NULL, '8', NULL, NULL, 9, 1, '2024-07-24 00:00:00', '127.0.0.1', 1),
(1932, 4, 850, '9', NULL, NULL, NULL, '9', NULL, NULL, 10, 1, '2024-07-24 00:00:00', '127.0.0.1', 1),
(1933, 4, 850, '10', NULL, NULL, NULL, '10', NULL, NULL, 11, 1, '2024-07-24 00:00:00', '127.0.0.1', 1),
(1934, 4, 851, '0', NULL, NULL, NULL, '0', NULL, NULL, 1, 1, '2024-07-24 00:00:00', '127.0.0.1', 1),
(1935, 4, 851, '1', NULL, NULL, NULL, '1', NULL, NULL, 2, 1, '2024-07-24 00:00:00', '127.0.0.1', 1),
(1936, 4, 851, '2', NULL, NULL, NULL, '2', NULL, NULL, 3, 1, '2024-07-24 00:00:00', '127.0.0.1', 1),
(1937, 4, 851, '3', NULL, NULL, NULL, '3', NULL, NULL, 4, 1, '2024-07-24 00:00:00', '127.0.0.1', 1),
(1938, 4, 851, '4', NULL, NULL, NULL, '4', NULL, NULL, 5, 1, '2024-07-24 00:00:00', '127.0.0.1', 1),
(1939, 4, 851, '5', NULL, NULL, NULL, '5', NULL, NULL, 6, 1, '2024-07-24 00:00:00', '127.0.0.1', 1),
(1940, 4, 851, '6', NULL, NULL, NULL, '6', NULL, NULL, 7, 1, '2024-07-24 00:00:00', '127.0.0.1', 1),
(1941, 4, 851, '7', NULL, NULL, NULL, '7', NULL, NULL, 8, 1, '2024-07-24 00:00:00', '127.0.0.1', 1),
(1942, 4, 851, '8', NULL, NULL, NULL, '8', NULL, NULL, 9, 1, '2024-07-24 00:00:00', '127.0.0.1', 1),
(1943, 4, 851, '9', NULL, NULL, NULL, '9', NULL, NULL, 10, 1, '2024-07-24 00:00:00', '127.0.0.1', 1),
(1944, 4, 851, '10', NULL, NULL, NULL, '10', NULL, NULL, 11, 1, '2024-07-24 00:00:00', '127.0.0.1', 1),
(1945, 4, 852, '0', NULL, NULL, NULL, '0', NULL, NULL, 1, 1, '2024-07-24 00:00:00', '127.0.0.1', 1),
(1946, 4, 852, '1', NULL, NULL, NULL, '1', NULL, NULL, 2, 1, '2024-07-24 00:00:00', '127.0.0.1', 1),
(1947, 4, 852, '2', NULL, NULL, NULL, '2', NULL, NULL, 3, 1, '2024-07-24 00:00:00', '127.0.0.1', 1),
(1948, 4, 852, '3', NULL, NULL, NULL, '3', NULL, NULL, 4, 1, '2024-07-24 00:00:00', '127.0.0.1', 1),
(1949, 4, 852, '4', NULL, NULL, NULL, '4', NULL, NULL, 5, 1, '2024-07-24 00:00:00', '127.0.0.1', 1),
(1950, 4, 852, '5', NULL, NULL, NULL, '5', NULL, NULL, 6, 1, '2024-07-24 00:00:00', '127.0.0.1', 1),
(1951, 4, 852, '6', NULL, NULL, NULL, '6', NULL, NULL, 7, 1, '2024-07-24 00:00:00', '127.0.0.1', 1),
(1952, 4, 852, '7', NULL, NULL, NULL, '7', NULL, NULL, 8, 1, '2024-07-24 00:00:00', '127.0.0.1', 1),
(1953, 4, 852, '8', NULL, NULL, NULL, '8', NULL, NULL, 9, 1, '2024-07-24 00:00:00', '127.0.0.1', 1),
(1954, 4, 852, '9', NULL, NULL, NULL, '9', NULL, NULL, 10, 1, '2024-07-24 00:00:00', '127.0.0.1', 1),
(1955, 4, 852, '10', NULL, NULL, NULL, '10', NULL, NULL, 11, 1, '2024-07-24 00:00:00', '127.0.0.1', 1),
(1956, 4, 853, '0', NULL, NULL, NULL, '0', NULL, NULL, 1, 1, '2024-07-24 00:00:00', '127.0.0.1', 1),
(1957, 4, 853, '1', NULL, NULL, NULL, '1', NULL, NULL, 2, 1, '2024-07-24 00:00:00', '127.0.0.1', 1),
(1958, 4, 853, '2', NULL, NULL, NULL, '2', NULL, NULL, 3, 1, '2024-07-24 00:00:00', '127.0.0.1', 1),
(1959, 4, 853, '3', NULL, NULL, NULL, '3', NULL, NULL, 4, 1, '2024-07-24 00:00:00', '127.0.0.1', 1),
(1960, 4, 853, '4', NULL, NULL, NULL, '4', NULL, NULL, 5, 1, '2024-07-24 00:00:00', '127.0.0.1', 1),
(1961, 4, 853, '5', NULL, NULL, NULL, '5', NULL, NULL, 6, 1, '2024-07-24 00:00:00', '127.0.0.1', 1),
(1962, 4, 853, '6', NULL, NULL, NULL, '6', NULL, NULL, 7, 1, '2024-07-24 00:00:00', '127.0.0.1', 1),
(1963, 4, 853, '7', NULL, NULL, NULL, '7', NULL, NULL, 8, 1, '2024-07-24 00:00:00', '127.0.0.1', 1),
(1964, 4, 853, '8', NULL, NULL, NULL, '8', NULL, NULL, 9, 1, '2024-07-24 00:00:00', '127.0.0.1', 1),
(1965, 4, 853, '9', NULL, NULL, NULL, '9', NULL, NULL, 10, 1, '2024-07-24 00:00:00', '127.0.0.1', 1),
(1966, 4, 853, '10', NULL, NULL, NULL, '10', NULL, NULL, 11, 1, '2024-07-24 00:00:00', '127.0.0.1', 1),
(1967, 4, 854, '0', NULL, NULL, NULL, '0', NULL, NULL, 1, 1, '2024-07-24 00:00:00', '127.0.0.1', 1),
(1968, 4, 854, '1', NULL, NULL, NULL, '1', NULL, NULL, 2, 1, '2024-07-24 00:00:00', '127.0.0.1', 1),
(1969, 4, 854, '2', NULL, NULL, NULL, '2', NULL, NULL, 3, 1, '2024-07-24 00:00:00', '127.0.0.1', 1),
(1970, 4, 854, '3', NULL, NULL, NULL, '3', NULL, NULL, 4, 1, '2024-07-24 00:00:00', '127.0.0.1', 1),
(1971, 4, 854, '4', NULL, NULL, NULL, '4', NULL, NULL, 5, 1, '2024-07-24 00:00:00', '127.0.0.1', 1),
(1972, 4, 854, '5', NULL, NULL, NULL, '5', NULL, NULL, 6, 1, '2024-07-24 00:00:00', '127.0.0.1', 1),
(1973, 4, 854, '6', NULL, NULL, NULL, '6', NULL, NULL, 7, 1, '2024-07-24 00:00:00', '127.0.0.1', 1),
(1974, 4, 854, '7', NULL, NULL, NULL, '7', NULL, NULL, 8, 1, '2024-07-24 00:00:00', '127.0.0.1', 1),
(1975, 4, 854, '8', NULL, NULL, NULL, '8', NULL, NULL, 9, 1, '2024-07-24 00:00:00', '127.0.0.1', 1),
(1976, 4, 854, '9', NULL, NULL, NULL, '9', NULL, NULL, 10, 1, '2024-07-24 00:00:00', '127.0.0.1', 1),
(1977, 4, 854, '10', NULL, NULL, NULL, '10', NULL, NULL, 11, 1, '2024-07-24 00:00:00', '127.0.0.1', 1),
(1978, 4, 1212, 'Men', NULL, NULL, NULL, 'Men', NULL, NULL, 1, 1, '2024-10-22 00:00:00', '127.0.0.1', 1),
(1979, 4, 1212, 'Women', NULL, NULL, NULL, 'Women', NULL, NULL, 2, 1, '2024-10-22 00:00:00', '127.0.0.1', 1),
(1980, 4, 1212, 'Joint', NULL, NULL, NULL, 'Joint', NULL, NULL, 3, 1, '2024-10-22 00:00:00', '127.0.0.1', 1),
(1981, 4, 1212, 'N/A', NULL, NULL, NULL, 'N/A', NULL, NULL, 4, 1, '2024-10-22 00:00:00', '127.0.0.1', 1),
(1982, 4, 1213, 'Men', NULL, NULL, NULL, 'Men', NULL, NULL, 1, 1, '2024-10-22 00:00:00', '127.0.0.1', 1),
(1983, 4, 1213, 'Women', NULL, NULL, NULL, 'Women', NULL, NULL, 2, 1, '2024-10-22 00:00:00', '127.0.0.1', 1),
(1984, 4, 1213, 'Joint', NULL, NULL, NULL, 'Joint', NULL, NULL, 3, 1, '2024-10-22 00:00:00', '127.0.0.1', 1),
(1985, 4, 1213, 'N/A', NULL, NULL, NULL, 'N/A', NULL, NULL, 4, 1, '2024-10-22 00:00:00', '127.0.0.1', 1),
(1986, 4, 1214, 'Men', NULL, NULL, NULL, 'Men', NULL, NULL, 1, 1, '2024-10-22 00:00:00', '127.0.0.1', 1),
(1987, 4, 1214, 'Women', NULL, NULL, NULL, 'Women', NULL, NULL, 2, 1, '2024-10-22 00:00:00', '127.0.0.1', 1),
(1988, 4, 1214, 'Joint', NULL, NULL, NULL, 'Joint', NULL, NULL, 3, 1, '2024-10-22 00:00:00', '127.0.0.1', 1),
(1989, 4, 1214, 'N/A', NULL, NULL, NULL, 'N/A', NULL, NULL, 4, 1, '2024-10-22 00:00:00', '127.0.0.1', 1),
(1990, 4, 1215, 'Men', NULL, NULL, NULL, 'Men', NULL, NULL, 1, 1, '2024-10-22 00:00:00', '127.0.0.1', 1),
(1991, 4, 1215, 'Women', NULL, NULL, NULL, 'Women', NULL, NULL, 2, 1, '2024-10-22 00:00:00', '127.0.0.1', 1),
(1992, 4, 1215, 'Joint', NULL, NULL, NULL, 'Joint', NULL, NULL, 3, 1, '2024-10-22 00:00:00', '127.0.0.1', 1),
(1993, 4, 1215, 'N/A', NULL, NULL, NULL, 'N/A', NULL, NULL, 4, 1, '2024-10-22 00:00:00', '127.0.0.1', 1),
(1994, 4, 1216, 'Men', NULL, NULL, NULL, 'Men', NULL, NULL, 1, 1, '2024-10-22 00:00:00', '127.0.0.1', 1),
(1995, 4, 1216, 'Women', NULL, NULL, NULL, 'Women', NULL, NULL, 2, 1, '2024-10-22 00:00:00', '127.0.0.1', 1),
(1996, 4, 1216, 'Joint', NULL, NULL, NULL, 'Joint', NULL, NULL, 3, 1, '2024-10-22 00:00:00', '127.0.0.1', 1),
(1997, 4, 1216, 'N/A', NULL, NULL, NULL, 'N/A', NULL, NULL, 4, 1, '2024-10-22 00:00:00', '127.0.0.1', 1),
(1998, 4, 1217, 'Men', NULL, NULL, NULL, 'Men', NULL, NULL, 1, 1, '2024-10-22 00:00:00', '127.0.0.1', 1),
(1999, 4, 1217, 'Women', NULL, NULL, NULL, 'Women', NULL, NULL, 2, 1, '2024-10-22 00:00:00', '127.0.0.1', 1),
(2000, 4, 1217, 'Joint', NULL, NULL, NULL, 'Joint', NULL, NULL, 3, 1, '2024-10-22 00:00:00', '127.0.0.1', 1),
(2001, 4, 1217, 'N/A', NULL, NULL, NULL, 'N/A', NULL, NULL, 4, 1, '2024-10-22 00:00:00', '127.0.0.1', 1),
(2002, 4, 1218, 'Men', NULL, NULL, NULL, 'Men', NULL, NULL, 1, 1, '2024-10-22 00:00:00', '127.0.0.1', 1),
(2003, 4, 1218, 'Women', NULL, NULL, NULL, 'Women', NULL, NULL, 2, 1, '2024-10-22 00:00:00', '127.0.0.1', 1),
(2004, 4, 1218, 'Joint', NULL, NULL, NULL, 'Joint', NULL, NULL, 3, 1, '2024-10-22 00:00:00', '127.0.0.1', 1),
(2005, 4, 1218, 'N/A', NULL, NULL, NULL, 'N/A', NULL, NULL, 4, 1, '2024-10-22 00:00:00', '127.0.0.1', 1),
(2006, 4, 1219, 'Men', NULL, NULL, NULL, 'Men', NULL, NULL, 1, 1, '2024-10-22 00:00:00', '127.0.0.1', 1),
(2007, 4, 1219, 'Women', NULL, NULL, NULL, 'Women', NULL, NULL, 2, 1, '2024-10-22 00:00:00', '127.0.0.1', 1),
(2008, 4, 1219, 'Joint', NULL, NULL, NULL, 'Joint', NULL, NULL, 3, 1, '2024-10-22 00:00:00', '127.0.0.1', 1),
(2009, 4, 1219, 'N/A', NULL, NULL, NULL, 'N/A', NULL, NULL, 4, 1, '2024-10-22 00:00:00', '127.0.0.1', 1),
(2010, 4, 1220, 'Men', NULL, NULL, NULL, 'Men', NULL, NULL, 1, 1, '2024-10-22 00:00:00', '127.0.0.1', 1),
(2011, 4, 1220, 'Women', NULL, NULL, NULL, 'Women', NULL, NULL, 2, 1, '2024-10-22 00:00:00', '127.0.0.1', 1),
(2012, 4, 1220, 'Joint', NULL, NULL, NULL, 'Joint', NULL, NULL, 3, 1, '2024-10-22 00:00:00', '127.0.0.1', 1),
(2013, 4, 1220, 'N/A', NULL, NULL, NULL, 'N/A', NULL, NULL, 4, 1, '2024-10-22 00:00:00', '127.0.0.1', 1),
(2014, 4, 1221, 'Men', NULL, NULL, NULL, 'Men', NULL, NULL, 1, 1, '2024-10-22 00:00:00', '127.0.0.1', 1),
(2015, 4, 1221, 'Women', NULL, NULL, NULL, 'Women', NULL, NULL, 2, 1, '2024-10-22 00:00:00', '127.0.0.1', 1),
(2016, 4, 1221, 'Joint', NULL, NULL, NULL, 'Joint', NULL, NULL, 3, 1, '2024-10-22 00:00:00', '127.0.0.1', 1),
(2017, 4, 1221, 'N/A', NULL, NULL, NULL, 'N/A', NULL, NULL, 4, 1, '2024-10-22 00:00:00', '127.0.0.1', 1),
(2018, 4, 1222, 'Men', NULL, NULL, NULL, 'Men', NULL, NULL, 1, 1, '2024-10-22 00:00:00', '127.0.0.1', 1),
(2019, 4, 1222, 'Women', NULL, NULL, NULL, 'Women', NULL, NULL, 2, 1, '2024-10-22 00:00:00', '127.0.0.1', 1),
(2020, 4, 1222, 'Joint', NULL, NULL, NULL, 'Joint', NULL, NULL, 3, 1, '2024-10-22 00:00:00', '127.0.0.1', 1),
(2021, 4, 1222, 'N/A', NULL, NULL, NULL, 'N/A', NULL, NULL, 4, 1, '2024-10-22 00:00:00', '127.0.0.1', 1),
(2022, 4, 1224, 'Cash crops', NULL, NULL, NULL, 'Cash crops', NULL, NULL, 1, 1, '2024-07-05 00:00:00', '127.0.0.1', 1),
(2023, 4, 1224, 'Dairying', NULL, NULL, NULL, 'Dairying', NULL, NULL, 3, 1, '2024-07-05 00:00:00', '127.0.0.1', 1),
(2024, 4, 1224, 'Fattening - cattle', NULL, NULL, NULL, 'Fattening - cattle', NULL, NULL, 5, 1, '2024-07-05 00:00:00', '127.0.0.1', 1),
(2025, 4, 1224, 'Fattening - sheep and goats', NULL, NULL, NULL, 'Fattening - sheep and goats', NULL, NULL, 6, 1, '2024-07-05 00:00:00', '127.0.0.1', 1),
(2026, 4, 1224, 'Food crops', NULL, NULL, NULL, 'Food crops', NULL, NULL, 7, 1, '2024-07-05 00:00:00', '127.0.0.1', 1),
(2027, 4, 1224, 'Laboring/service', NULL, NULL, NULL, 'Laboring/service', NULL, NULL, 9, 1, '2024-07-05 00:00:00', '127.0.0.1', 1),
(2028, 4, 1224, 'Off- farm business', NULL, NULL, NULL, 'Off- farm business', NULL, NULL, 10, 1, '2024-07-05 00:00:00', '127.0.0.1', 1),
(2029, 4, 1224, 'Poultry (eggs)', NULL, NULL, NULL, 'Poultry (eggs)', NULL, NULL, 12, 1, '2024-07-05 00:00:00', '127.0.0.1', 1),
(2030, 4, 1224, 'Poultry (meat)', NULL, NULL, NULL, 'Poultry (meat)', NULL, NULL, 13, 1, '2024-07-05 00:00:00', '127.0.0.1', 1),
(2031, 4, 1224, 'Remittances', NULL, NULL, NULL, 'Remittances', NULL, NULL, 15, 1, '2024-07-05 00:00:00', '127.0.0.1', 1),
(2032, 4, 1224, 'Other', NULL, NULL, NULL, 'Other', NULL, NULL, 17, 1, '2024-07-05 00:00:00', '127.0.0.1', 0),
(2033, 4, 1226, 'Cash crops', NULL, NULL, NULL, 'Cash crops', NULL, NULL, 1, 1, '2024-07-05 00:00:00', '127.0.0.1', 1),
(2034, 4, 1226, 'Dairying', NULL, NULL, NULL, 'Dairying', NULL, NULL, 3, 1, '2024-07-05 00:00:00', '127.0.0.1', 1),
(2035, 4, 1226, 'Fattening - cattle', NULL, NULL, NULL, 'Fattening - cattle', NULL, NULL, 5, 1, '2024-07-05 00:00:00', '127.0.0.1', 1),
(2036, 4, 1226, 'Fattening - sheep and goats', NULL, NULL, NULL, 'Fattening - sheep and goats', NULL, NULL, 6, 1, '2024-07-05 00:00:00', '127.0.0.1', 1),
(2037, 4, 1226, 'Food crops', NULL, NULL, NULL, 'Food crops', NULL, NULL, 7, 1, '2024-07-05 00:00:00', '127.0.0.1', 1),
(2038, 4, 1226, 'Laboring/service', NULL, NULL, NULL, 'Laboring/service', NULL, NULL, 9, 1, '2024-07-05 00:00:00', '127.0.0.1', 1),
(2039, 4, 1226, 'Off- farm business', NULL, NULL, NULL, 'Off- farm business', NULL, NULL, 10, 1, '2024-07-05 00:00:00', '127.0.0.1', 1),
(2040, 4, 1226, 'Poultry (eggs)', NULL, NULL, NULL, 'Poultry (eggs)', NULL, NULL, 12, 1, '2024-07-05 00:00:00', '127.0.0.1', 1),
(2041, 4, 1226, 'Poultry (meat)', NULL, NULL, NULL, 'Poultry (meat)', NULL, NULL, 13, 1, '2024-07-05 00:00:00', '127.0.0.1', 1),
(2042, 4, 1226, 'Remittances', NULL, NULL, NULL, 'Remittances', NULL, NULL, 15, 1, '2024-07-05 00:00:00', '127.0.0.1', 1),
(2043, 4, 1226, 'Other', NULL, NULL, NULL, 'Other', NULL, NULL, 17, 1, '2024-07-05 00:00:00', '127.0.0.1', 0),
(2044, 4, 1276, 'Cereal crop residues', NULL, NULL, NULL, 'Cereal crop residues', NULL, NULL, 1, 1, '2024-10-23 00:00:00', '127.0.0.1', 1),
(2045, 4, 1276, 'Leguminous crop residues', NULL, NULL, NULL, 'Leguminous crop residues', NULL, NULL, 2, 1, '2024-10-23 00:00:00', '127.0.0.1', 1),
(2046, 4, 1276, 'Grazing', NULL, NULL, NULL, 'Grazing', NULL, NULL, 3, 1, '2024-10-23 00:00:00', '127.0.0.1', 1),
(2047, 4, 1276, 'Concentrates', NULL, NULL, NULL, 'Concentrates', NULL, NULL, 4, 1, '2024-10-23 00:00:00', '127.0.0.1', 1),
(2048, 4, 1276, 'Green forage (e.g., weeds,)', NULL, NULL, NULL, 'Green forage (e.g., weeds,)', NULL, NULL, 5, 1, '2024-10-23 00:00:00', '127.0.0.1', 1),
(2049, 4, 1276, 'Other', NULL, NULL, NULL, 'Other', NULL, NULL, 6, 1, '2024-10-23 00:00:00', '127.0.0.1', 1),
(2050, 4, 1292, 'Cereal crop residues', NULL, NULL, NULL, 'Cereal crop residues', NULL, NULL, 1, 1, '2024-10-23 00:00:00', '127.0.0.1', 1),
(2051, 4, 1292, 'Leguminous crop residues', NULL, NULL, NULL, 'Leguminous crop residues', NULL, NULL, 2, 1, '2024-10-23 00:00:00', '127.0.0.1', 1),
(2052, 4, 1292, 'Grazing', NULL, NULL, NULL, 'Grazing', NULL, NULL, 3, 1, '2024-10-23 00:00:00', '127.0.0.1', 1),
(2053, 4, 1292, 'Concentrates', NULL, NULL, NULL, 'Concentrates', NULL, NULL, 4, 1, '2024-10-23 00:00:00', '127.0.0.1', 1),
(2054, 4, 1292, 'Green forage (e.g., weeds,)', NULL, NULL, NULL, 'Green forage (e.g., weeds,)', NULL, NULL, 5, 1, '2024-10-23 00:00:00', '127.0.0.1', 1),
(2055, 4, 1292, 'Other', NULL, NULL, NULL, 'Other', NULL, NULL, 6, 1, '2024-10-23 00:00:00', '127.0.0.1', 1),
(2056, 4, 1308, 'Cereal crop residues', NULL, NULL, NULL, 'Cereal crop residues', NULL, NULL, 1, 1, '2024-10-23 00:00:00', '127.0.0.1', 1),
(2057, 4, 1308, 'Leguminous crop residues', NULL, NULL, NULL, 'Leguminous crop residues', NULL, NULL, 2, 1, '2024-10-23 00:00:00', '127.0.0.1', 1),
(2058, 4, 1308, 'Grazing', NULL, NULL, NULL, 'Grazing', NULL, NULL, 3, 1, '2024-10-23 00:00:00', '127.0.0.1', 1),
(2059, 4, 1308, 'Concentrates', NULL, NULL, NULL, 'Concentrates', NULL, NULL, 4, 1, '2024-10-23 00:00:00', '127.0.0.1', 1),
(2060, 4, 1308, 'Green forage (e.g., weeds,)', NULL, NULL, NULL, 'Green forage (e.g., weeds,)', NULL, NULL, 5, 1, '2024-10-23 00:00:00', '127.0.0.1', 1),
(2061, 4, 1308, 'Other', NULL, NULL, NULL, 'Other', NULL, NULL, 6, 1, '2024-10-23 00:00:00', '127.0.0.1', 1),
(2062, 4, 1324, 'Cereal crop residues', NULL, NULL, NULL, 'Cereal crop residues', NULL, NULL, 1, 1, '2024-10-23 00:00:00', '127.0.0.1', 1),
(2063, 4, 1324, 'Leguminous crop residues', NULL, NULL, NULL, 'Leguminous crop residues', NULL, NULL, 2, 1, '2024-10-23 00:00:00', '127.0.0.1', 1),
(2064, 4, 1324, 'Grazing', NULL, NULL, NULL, 'Grazing', NULL, NULL, 3, 1, '2024-10-23 00:00:00', '127.0.0.1', 1),
(2065, 4, 1324, 'Concentrates', NULL, NULL, NULL, 'Concentrates', NULL, NULL, 4, 1, '2024-10-23 00:00:00', '127.0.0.1', 1),
(2066, 4, 1324, 'Green forage (e.g., weeds,)', NULL, NULL, NULL, 'Green forage (e.g., weeds,)', NULL, NULL, 5, 1, '2024-10-23 00:00:00', '127.0.0.1', 1),
(2067, 4, 1324, 'Other', NULL, NULL, NULL, 'Other', NULL, NULL, 6, 1, '2024-10-23 00:00:00', '127.0.0.1', 1),
(2068, 4, 1340, 'Cereal crop residues', NULL, NULL, NULL, 'Cereal crop residues', NULL, NULL, 1, 1, '2024-10-23 00:00:00', '127.0.0.1', 1),
(2069, 4, 1340, 'Leguminous crop residues', NULL, NULL, NULL, 'Leguminous crop residues', NULL, NULL, 2, 1, '2024-10-23 00:00:00', '127.0.0.1', 1),
(2070, 4, 1340, 'Grazing', NULL, NULL, NULL, 'Grazing', NULL, NULL, 3, 1, '2024-10-23 00:00:00', '127.0.0.1', 1),
(2071, 4, 1340, 'Concentrates', NULL, NULL, NULL, 'Concentrates', NULL, NULL, 4, 1, '2024-10-23 00:00:00', '127.0.0.1', 1),
(2072, 4, 1340, 'Green forage (e.g., weeds,)', NULL, NULL, NULL, 'Green forage (e.g., weeds,)', NULL, NULL, 5, 1, '2024-10-23 00:00:00', '127.0.0.1', 1),
(2073, 4, 1340, 'Other', NULL, NULL, NULL, 'Other', NULL, NULL, 6, 1, '2024-10-23 00:00:00', '127.0.0.1', 1),
(2074, 4, 1356, 'Cereal crop residues', NULL, NULL, NULL, 'Cereal crop residues', NULL, NULL, 1, 1, '2024-10-23 00:00:00', '127.0.0.1', 1),
(2075, 4, 1356, 'Leguminous crop residues', NULL, NULL, NULL, 'Leguminous crop residues', NULL, NULL, 2, 1, '2024-10-23 00:00:00', '127.0.0.1', 1),
(2076, 4, 1356, 'Grazing', NULL, NULL, NULL, 'Grazing', NULL, NULL, 3, 1, '2024-10-23 00:00:00', '127.0.0.1', 1),
(2077, 4, 1356, 'Concentrates', NULL, NULL, NULL, 'Concentrates', NULL, NULL, 4, 1, '2024-10-23 00:00:00', '127.0.0.1', 1),
(2078, 4, 1356, 'Green forage (e.g., weeds,)', NULL, NULL, NULL, 'Green forage (e.g., weeds,)', NULL, NULL, 5, 1, '2024-10-23 00:00:00', '127.0.0.1', 1),
(2079, 4, 1356, 'Other', NULL, NULL, NULL, 'Other', NULL, NULL, 6, 1, '2024-10-23 00:00:00', '127.0.0.1', 1),
(2080, 4, 1372, 'Cereal crop residues', NULL, NULL, NULL, 'Cereal crop residues', NULL, NULL, 1, 1, '2024-10-23 00:00:00', '127.0.0.1', 1),
(2081, 4, 1372, 'Leguminous crop residues', NULL, NULL, NULL, 'Leguminous crop residues', NULL, NULL, 2, 1, '2024-10-23 00:00:00', '127.0.0.1', 1),
(2082, 4, 1372, 'Grazing', NULL, NULL, NULL, 'Grazing', NULL, NULL, 3, 1, '2024-10-23 00:00:00', '127.0.0.1', 1),
(2083, 4, 1372, 'Concentrates', NULL, NULL, NULL, 'Concentrates', NULL, NULL, 4, 1, '2024-10-23 00:00:00', '127.0.0.1', 1),
(2084, 4, 1372, 'Green forage (e.g., weeds,)', NULL, NULL, NULL, 'Green forage (e.g., weeds,)', NULL, NULL, 5, 1, '2024-10-23 00:00:00', '127.0.0.1', 1),
(2085, 4, 1372, 'Other', NULL, NULL, NULL, 'Other', NULL, NULL, 6, 1, '2024-10-23 00:00:00', '127.0.0.1', 1),
(2086, 4, 1388, 'Cereal crop residues', NULL, NULL, NULL, 'Cereal crop residues', NULL, NULL, 1, 1, '2024-10-23 00:00:00', '127.0.0.1', 1),
(2087, 4, 1388, 'Leguminous crop residues', NULL, NULL, NULL, 'Leguminous crop residues', NULL, NULL, 2, 1, '2024-10-23 00:00:00', '127.0.0.1', 1),
(2088, 4, 1388, 'Grazing', NULL, NULL, NULL, 'Grazing', NULL, NULL, 3, 1, '2024-10-23 00:00:00', '127.0.0.1', 1),
(2089, 4, 1388, 'Concentrates', NULL, NULL, NULL, 'Concentrates', NULL, NULL, 4, 1, '2024-10-23 00:00:00', '127.0.0.1', 1),
(2090, 4, 1388, 'Green forage (e.g., weeds,)', NULL, NULL, NULL, 'Green forage (e.g., weeds,)', NULL, NULL, 5, 1, '2024-10-23 00:00:00', '127.0.0.1', 1),
(2091, 4, 1388, 'Other', NULL, NULL, NULL, 'Other', NULL, NULL, 6, 1, '2024-10-23 00:00:00', '127.0.0.1', 1),
(2092, 4, 1404, 'Cereal crop residues', NULL, NULL, NULL, 'Cereal crop residues', NULL, NULL, 1, 1, '2024-10-23 00:00:00', '127.0.0.1', 1),
(2093, 4, 1404, 'Leguminous crop residues', NULL, NULL, NULL, 'Leguminous crop residues', NULL, NULL, 2, 1, '2024-10-23 00:00:00', '127.0.0.1', 1),
(2094, 4, 1404, 'Grazing', NULL, NULL, NULL, 'Grazing', NULL, NULL, 3, 1, '2024-10-23 00:00:00', '127.0.0.1', 1),
(2095, 4, 1404, 'Concentrates', NULL, NULL, NULL, 'Concentrates', NULL, NULL, 4, 1, '2024-10-23 00:00:00', '127.0.0.1', 1),
(2096, 4, 1404, 'Green forage (e.g., weeds,)', NULL, NULL, NULL, 'Green forage (e.g., weeds,)', NULL, NULL, 5, 1, '2024-10-23 00:00:00', '127.0.0.1', 1),
(2097, 4, 1404, 'Other', NULL, NULL, NULL, 'Other', NULL, NULL, 6, 1, '2024-10-23 00:00:00', '127.0.0.1', 1),
(2098, 4, 1420, 'Cereal crop residues', NULL, NULL, NULL, 'Cereal crop residues', NULL, NULL, 1, 1, '2024-10-23 00:00:00', '127.0.0.1', 1),
(2099, 4, 1420, 'Leguminous crop residues', NULL, NULL, NULL, 'Leguminous crop residues', NULL, NULL, 2, 1, '2024-10-23 00:00:00', '127.0.0.1', 1),
(2100, 4, 1420, 'Grazing', NULL, NULL, NULL, 'Grazing', NULL, NULL, 3, 1, '2024-10-23 00:00:00', '127.0.0.1', 1),
(2101, 4, 1420, 'Concentrates', NULL, NULL, NULL, 'Concentrates', NULL, NULL, 4, 1, '2024-10-23 00:00:00', '127.0.0.1', 1),
(2102, 4, 1420, 'Green forage (e.g., weeds,)', NULL, NULL, NULL, 'Green forage (e.g., weeds,)', NULL, NULL, 5, 1, '2024-10-23 00:00:00', '127.0.0.1', 1),
(2103, 4, 1420, 'Other', NULL, NULL, NULL, 'Other', NULL, NULL, 6, 1, '2024-10-23 00:00:00', '127.0.0.1', 1),
(2104, 4, 1436, 'Cereal crop residues', NULL, NULL, NULL, 'Cereal crop residues', NULL, NULL, 1, 1, '2024-10-23 00:00:00', '127.0.0.1', 1),
(2105, 4, 1436, 'Leguminous crop residues', NULL, NULL, NULL, 'Leguminous crop residues', NULL, NULL, 2, 1, '2024-10-23 00:00:00', '127.0.0.1', 1),
(2106, 4, 1436, 'Grazing', NULL, NULL, NULL, 'Grazing', NULL, NULL, 3, 1, '2024-10-23 00:00:00', '127.0.0.1', 1),
(2107, 4, 1436, 'Concentrates', NULL, NULL, NULL, 'Concentrates', NULL, NULL, 4, 1, '2024-10-23 00:00:00', '127.0.0.1', 1),
(2108, 4, 1436, 'Green forage (e.g., weeds,)', NULL, NULL, NULL, 'Green forage (e.g., weeds,)', NULL, NULL, 5, 1, '2024-10-23 00:00:00', '127.0.0.1', 1),
(2109, 4, 1436, 'Other', NULL, NULL, NULL, 'Other', NULL, NULL, 6, 1, '2024-10-23 00:00:00', '127.0.0.1', 1),
(2110, 4, 1275, '0', NULL, NULL, NULL, '0', NULL, NULL, 1, 1, '2024-07-24 00:00:00', '127.0.0.1', 1),
(2111, 4, 1275, '1', NULL, NULL, NULL, '1', NULL, NULL, 2, 1, '2024-07-24 00:00:00', '127.0.0.1', 1),
(2112, 4, 1275, '2', NULL, NULL, NULL, '2', NULL, NULL, 3, 1, '2024-07-24 00:00:00', '127.0.0.1', 1),
(2113, 4, 1275, '3', NULL, NULL, NULL, '3', NULL, NULL, 4, 1, '2024-07-24 00:00:00', '127.0.0.1', 1),
(2114, 4, 1275, '4', NULL, NULL, NULL, '4', NULL, NULL, 5, 1, '2024-07-24 00:00:00', '127.0.0.1', 1),
(2115, 4, 1275, '5', NULL, NULL, NULL, '5', NULL, NULL, 6, 1, '2024-07-24 00:00:00', '127.0.0.1', 1),
(2116, 4, 1275, '6', NULL, NULL, NULL, '6', NULL, NULL, 7, 1, '2024-07-24 00:00:00', '127.0.0.1', 1),
(2117, 4, 1275, '7', NULL, NULL, NULL, '7', NULL, NULL, 8, 1, '2024-07-24 00:00:00', '127.0.0.1', 1),
(2118, 4, 1275, '8', NULL, NULL, NULL, '8', NULL, NULL, 9, 1, '2024-07-24 00:00:00', '127.0.0.1', 1),
(2119, 4, 1275, '9', NULL, NULL, NULL, '9', NULL, NULL, 10, 1, '2024-07-24 00:00:00', '127.0.0.1', 1),
(2120, 4, 1275, '10', NULL, NULL, NULL, '10', NULL, NULL, 11, 1, '2024-07-24 00:00:00', '127.0.0.1', 1),
(2121, 4, 1278, '0', NULL, NULL, NULL, '0', NULL, NULL, 1, 1, '2024-07-24 00:00:00', '127.0.0.1', 1),
(2122, 4, 1278, '1', NULL, NULL, NULL, '1', NULL, NULL, 2, 1, '2024-07-24 00:00:00', '127.0.0.1', 1),
(2123, 4, 1278, '2', NULL, NULL, NULL, '2', NULL, NULL, 3, 1, '2024-07-24 00:00:00', '127.0.0.1', 1),
(2124, 4, 1278, '3', NULL, NULL, NULL, '3', NULL, NULL, 4, 1, '2024-07-24 00:00:00', '127.0.0.1', 1),
(2125, 4, 1278, '4', NULL, NULL, NULL, '4', NULL, NULL, 5, 1, '2024-07-24 00:00:00', '127.0.0.1', 1),
(2126, 4, 1278, '5', NULL, NULL, NULL, '5', NULL, NULL, 6, 1, '2024-07-24 00:00:00', '127.0.0.1', 1),
(2127, 4, 1278, '6', NULL, NULL, NULL, '6', NULL, NULL, 7, 1, '2024-07-24 00:00:00', '127.0.0.1', 1),
(2128, 4, 1278, '7', NULL, NULL, NULL, '7', NULL, NULL, 8, 1, '2024-07-24 00:00:00', '127.0.0.1', 1),
(2129, 4, 1278, '8', NULL, NULL, NULL, '8', NULL, NULL, 9, 1, '2024-07-24 00:00:00', '127.0.0.1', 1),
(2130, 4, 1278, '9', NULL, NULL, NULL, '9', NULL, NULL, 10, 1, '2024-07-24 00:00:00', '127.0.0.1', 1),
(2131, 4, 1278, '10', NULL, NULL, NULL, '10', NULL, NULL, 11, 1, '2024-07-24 00:00:00', '127.0.0.1', 1),
(2132, 4, 1280, '0', NULL, NULL, NULL, '0', NULL, NULL, 1, 1, '2024-07-24 00:00:00', '127.0.0.1', 1),
(2133, 4, 1280, '1', NULL, NULL, NULL, '1', NULL, NULL, 2, 1, '2024-07-24 00:00:00', '127.0.0.1', 1),
(2134, 4, 1280, '2', NULL, NULL, NULL, '2', NULL, NULL, 3, 1, '2024-07-24 00:00:00', '127.0.0.1', 1),
(2135, 4, 1280, '3', NULL, NULL, NULL, '3', NULL, NULL, 4, 1, '2024-07-24 00:00:00', '127.0.0.1', 1),
(2136, 4, 1280, '4', NULL, NULL, NULL, '4', NULL, NULL, 5, 1, '2024-07-24 00:00:00', '127.0.0.1', 1),
(2137, 4, 1280, '5', NULL, NULL, NULL, '5', NULL, NULL, 6, 1, '2024-07-24 00:00:00', '127.0.0.1', 1),
(2138, 4, 1280, '6', NULL, NULL, NULL, '6', NULL, NULL, 7, 1, '2024-07-24 00:00:00', '127.0.0.1', 1),
(2139, 4, 1280, '7', NULL, NULL, NULL, '7', NULL, NULL, 8, 1, '2024-07-24 00:00:00', '127.0.0.1', 1),
(2140, 4, 1280, '8', NULL, NULL, NULL, '8', NULL, NULL, 9, 1, '2024-07-24 00:00:00', '127.0.0.1', 1),
(2141, 4, 1280, '9', NULL, NULL, NULL, '9', NULL, NULL, 10, 1, '2024-07-24 00:00:00', '127.0.0.1', 1),
(2142, 4, 1280, '10', NULL, NULL, NULL, '10', NULL, NULL, 11, 1, '2024-07-24 00:00:00', '127.0.0.1', 1),
(2143, 4, 1282, '0', NULL, NULL, NULL, '0', NULL, NULL, 1, 1, '2024-07-24 00:00:00', '127.0.0.1', 1),
(2144, 4, 1282, '1', NULL, NULL, NULL, '1', NULL, NULL, 2, 1, '2024-07-24 00:00:00', '127.0.0.1', 1),
(2145, 4, 1282, '2', NULL, NULL, NULL, '2', NULL, NULL, 3, 1, '2024-07-24 00:00:00', '127.0.0.1', 1),
(2146, 4, 1282, '3', NULL, NULL, NULL, '3', NULL, NULL, 4, 1, '2024-07-24 00:00:00', '127.0.0.1', 1),
(2147, 4, 1282, '4', NULL, NULL, NULL, '4', NULL, NULL, 5, 1, '2024-07-24 00:00:00', '127.0.0.1', 1),
(2148, 4, 1282, '5', NULL, NULL, NULL, '5', NULL, NULL, 6, 1, '2024-07-24 00:00:00', '127.0.0.1', 1),
(2149, 4, 1282, '6', NULL, NULL, NULL, '6', NULL, NULL, 7, 1, '2024-07-24 00:00:00', '127.0.0.1', 1),
(2150, 4, 1282, '7', NULL, NULL, NULL, '7', NULL, NULL, 8, 1, '2024-07-24 00:00:00', '127.0.0.1', 1),
(2151, 4, 1282, '8', NULL, NULL, NULL, '8', NULL, NULL, 9, 1, '2024-07-24 00:00:00', '127.0.0.1', 1),
(2152, 4, 1282, '9', NULL, NULL, NULL, '9', NULL, NULL, 10, 1, '2024-07-24 00:00:00', '127.0.0.1', 1),
(2153, 4, 1282, '10', NULL, NULL, NULL, '10', NULL, NULL, 11, 1, '2024-07-24 00:00:00', '127.0.0.1', 1),
(2154, 4, 1284, '0', NULL, NULL, NULL, '0', NULL, NULL, 1, 1, '2024-07-24 00:00:00', '127.0.0.1', 1),
(2155, 4, 1284, '1', NULL, NULL, NULL, '1', NULL, NULL, 2, 1, '2024-07-24 00:00:00', '127.0.0.1', 1),
(2156, 4, 1284, '2', NULL, NULL, NULL, '2', NULL, NULL, 3, 1, '2024-07-24 00:00:00', '127.0.0.1', 1),
(2157, 4, 1284, '3', NULL, NULL, NULL, '3', NULL, NULL, 4, 1, '2024-07-24 00:00:00', '127.0.0.1', 1),
(2158, 4, 1284, '4', NULL, NULL, NULL, '4', NULL, NULL, 5, 1, '2024-07-24 00:00:00', '127.0.0.1', 1),
(2159, 4, 1284, '5', NULL, NULL, NULL, '5', NULL, NULL, 6, 1, '2024-07-24 00:00:00', '127.0.0.1', 1),
(2160, 4, 1284, '6', NULL, NULL, NULL, '6', NULL, NULL, 7, 1, '2024-07-24 00:00:00', '127.0.0.1', 1),
(2161, 4, 1284, '7', NULL, NULL, NULL, '7', NULL, NULL, 8, 1, '2024-07-24 00:00:00', '127.0.0.1', 1),
(2162, 4, 1284, '8', NULL, NULL, NULL, '8', NULL, NULL, 9, 1, '2024-07-24 00:00:00', '127.0.0.1', 1),
(2163, 4, 1284, '9', NULL, NULL, NULL, '9', NULL, NULL, 10, 1, '2024-07-24 00:00:00', '127.0.0.1', 1),
(2164, 4, 1284, '10', NULL, NULL, NULL, '10', NULL, NULL, 11, 1, '2024-07-24 00:00:00', '127.0.0.1', 1),
(2165, 4, 1286, '0', NULL, NULL, NULL, '0', NULL, NULL, 1, 1, '2024-07-24 00:00:00', '127.0.0.1', 1),
(2166, 4, 1286, '1', NULL, NULL, NULL, '1', NULL, NULL, 2, 1, '2024-07-24 00:00:00', '127.0.0.1', 1),
(2167, 4, 1286, '2', NULL, NULL, NULL, '2', NULL, NULL, 3, 1, '2024-07-24 00:00:00', '127.0.0.1', 1),
(2168, 4, 1286, '3', NULL, NULL, NULL, '3', NULL, NULL, 4, 1, '2024-07-24 00:00:00', '127.0.0.1', 1),
(2169, 4, 1286, '4', NULL, NULL, NULL, '4', NULL, NULL, 5, 1, '2024-07-24 00:00:00', '127.0.0.1', 1),
(2170, 4, 1286, '5', NULL, NULL, NULL, '5', NULL, NULL, 6, 1, '2024-07-24 00:00:00', '127.0.0.1', 1),
(2171, 4, 1286, '6', NULL, NULL, NULL, '6', NULL, NULL, 7, 1, '2024-07-24 00:00:00', '127.0.0.1', 1),
(2172, 4, 1286, '7', NULL, NULL, NULL, '7', NULL, NULL, 8, 1, '2024-07-24 00:00:00', '127.0.0.1', 1),
(2173, 4, 1286, '8', NULL, NULL, NULL, '8', NULL, NULL, 9, 1, '2024-07-24 00:00:00', '127.0.0.1', 1),
(2174, 4, 1286, '9', NULL, NULL, NULL, '9', NULL, NULL, 10, 1, '2024-07-24 00:00:00', '127.0.0.1', 1),
(2175, 4, 1286, '10', NULL, NULL, NULL, '10', NULL, NULL, 11, 1, '2024-07-24 00:00:00', '127.0.0.1', 1),
(2176, 4, 1289, '0', NULL, NULL, NULL, '0', NULL, NULL, 1, 1, '2024-07-24 00:00:00', '127.0.0.1', 1),
(2177, 4, 1289, '1', NULL, NULL, NULL, '1', NULL, NULL, 2, 1, '2024-07-24 00:00:00', '127.0.0.1', 1),
(2178, 4, 1289, '2', NULL, NULL, NULL, '2', NULL, NULL, 3, 1, '2024-07-24 00:00:00', '127.0.0.1', 1),
(2179, 4, 1289, '3', NULL, NULL, NULL, '3', NULL, NULL, 4, 1, '2024-07-24 00:00:00', '127.0.0.1', 1),
(2180, 4, 1289, '4', NULL, NULL, NULL, '4', NULL, NULL, 5, 1, '2024-07-24 00:00:00', '127.0.0.1', 1),
(2181, 4, 1289, '5', NULL, NULL, NULL, '5', NULL, NULL, 6, 1, '2024-07-24 00:00:00', '127.0.0.1', 1),
(2182, 4, 1289, '6', NULL, NULL, NULL, '6', NULL, NULL, 7, 1, '2024-07-24 00:00:00', '127.0.0.1', 1),
(2183, 4, 1289, '7', NULL, NULL, NULL, '7', NULL, NULL, 8, 1, '2024-07-24 00:00:00', '127.0.0.1', 1),
(2184, 4, 1289, '8', NULL, NULL, NULL, '8', NULL, NULL, 9, 1, '2024-07-24 00:00:00', '127.0.0.1', 1),
(2185, 4, 1289, '9', NULL, NULL, NULL, '9', NULL, NULL, 10, 1, '2024-07-24 00:00:00', '127.0.0.1', 1),
(2186, 4, 1289, '10', NULL, NULL, NULL, '10', NULL, NULL, 11, 1, '2024-07-24 00:00:00', '127.0.0.1', 1),
(2187, 4, 1291, '0', NULL, NULL, NULL, '0', NULL, NULL, 1, 1, '2024-07-24 00:00:00', '127.0.0.1', 1),
(2188, 4, 1291, '1', NULL, NULL, NULL, '1', NULL, NULL, 2, 1, '2024-07-24 00:00:00', '127.0.0.1', 1),
(2189, 4, 1291, '2', NULL, NULL, NULL, '2', NULL, NULL, 3, 1, '2024-07-24 00:00:00', '127.0.0.1', 1),
(2190, 4, 1291, '3', NULL, NULL, NULL, '3', NULL, NULL, 4, 1, '2024-07-24 00:00:00', '127.0.0.1', 1),
(2191, 4, 1291, '4', NULL, NULL, NULL, '4', NULL, NULL, 5, 1, '2024-07-24 00:00:00', '127.0.0.1', 1),
(2192, 4, 1291, '5', NULL, NULL, NULL, '5', NULL, NULL, 6, 1, '2024-07-24 00:00:00', '127.0.0.1', 1),
(2193, 4, 1291, '6', NULL, NULL, NULL, '6', NULL, NULL, 7, 1, '2024-07-24 00:00:00', '127.0.0.1', 1),
(2194, 4, 1291, '7', NULL, NULL, NULL, '7', NULL, NULL, 8, 1, '2024-07-24 00:00:00', '127.0.0.1', 1),
(2195, 4, 1291, '8', NULL, NULL, NULL, '8', NULL, NULL, 9, 1, '2024-07-24 00:00:00', '127.0.0.1', 1),
(2196, 4, 1291, '9', NULL, NULL, NULL, '9', NULL, NULL, 10, 1, '2024-07-24 00:00:00', '127.0.0.1', 1),
(2197, 4, 1291, '10', NULL, NULL, NULL, '10', NULL, NULL, 11, 1, '2024-07-24 00:00:00', '127.0.0.1', 1),
(2198, 4, 1294, '0', NULL, NULL, NULL, '0', NULL, NULL, 1, 1, '2024-07-24 00:00:00', '127.0.0.1', 1),
(2199, 4, 1294, '1', NULL, NULL, NULL, '1', NULL, NULL, 2, 1, '2024-07-24 00:00:00', '127.0.0.1', 1),
(2200, 4, 1294, '2', NULL, NULL, NULL, '2', NULL, NULL, 3, 1, '2024-07-24 00:00:00', '127.0.0.1', 1),
(2201, 4, 1294, '3', NULL, NULL, NULL, '3', NULL, NULL, 4, 1, '2024-07-24 00:00:00', '127.0.0.1', 1),
(2202, 4, 1294, '4', NULL, NULL, NULL, '4', NULL, NULL, 5, 1, '2024-07-24 00:00:00', '127.0.0.1', 1),
(2203, 4, 1294, '5', NULL, NULL, NULL, '5', NULL, NULL, 6, 1, '2024-07-24 00:00:00', '127.0.0.1', 1),
(2204, 4, 1294, '6', NULL, NULL, NULL, '6', NULL, NULL, 7, 1, '2024-07-24 00:00:00', '127.0.0.1', 1),
(2205, 4, 1294, '7', NULL, NULL, NULL, '7', NULL, NULL, 8, 1, '2024-07-24 00:00:00', '127.0.0.1', 1),
(2206, 4, 1294, '8', NULL, NULL, NULL, '8', NULL, NULL, 9, 1, '2024-07-24 00:00:00', '127.0.0.1', 1),
(2207, 4, 1294, '9', NULL, NULL, NULL, '9', NULL, NULL, 10, 1, '2024-07-24 00:00:00', '127.0.0.1', 1),
(2208, 4, 1294, '10', NULL, NULL, NULL, '10', NULL, NULL, 11, 1, '2024-07-24 00:00:00', '127.0.0.1', 1),
(2209, 4, 1296, '0', NULL, NULL, NULL, '0', NULL, NULL, 1, 1, '2024-07-24 00:00:00', '127.0.0.1', 1),
(2210, 4, 1296, '1', NULL, NULL, NULL, '1', NULL, NULL, 2, 1, '2024-07-24 00:00:00', '127.0.0.1', 1),
(2211, 4, 1296, '2', NULL, NULL, NULL, '2', NULL, NULL, 3, 1, '2024-07-24 00:00:00', '127.0.0.1', 1),
(2212, 4, 1296, '3', NULL, NULL, NULL, '3', NULL, NULL, 4, 1, '2024-07-24 00:00:00', '127.0.0.1', 1),
(2213, 4, 1296, '4', NULL, NULL, NULL, '4', NULL, NULL, 5, 1, '2024-07-24 00:00:00', '127.0.0.1', 1),
(2214, 4, 1296, '5', NULL, NULL, NULL, '5', NULL, NULL, 6, 1, '2024-07-24 00:00:00', '127.0.0.1', 1),
(2215, 4, 1296, '6', NULL, NULL, NULL, '6', NULL, NULL, 7, 1, '2024-07-24 00:00:00', '127.0.0.1', 1),
(2216, 4, 1296, '7', NULL, NULL, NULL, '7', NULL, NULL, 8, 1, '2024-07-24 00:00:00', '127.0.0.1', 1),
(2217, 4, 1296, '8', NULL, NULL, NULL, '8', NULL, NULL, 9, 1, '2024-07-24 00:00:00', '127.0.0.1', 1),
(2218, 4, 1296, '9', NULL, NULL, NULL, '9', NULL, NULL, 10, 1, '2024-07-24 00:00:00', '127.0.0.1', 1),
(2219, 4, 1296, '10', NULL, NULL, NULL, '10', NULL, NULL, 11, 1, '2024-07-24 00:00:00', '127.0.0.1', 1),
(2220, 4, 1298, '0', NULL, NULL, NULL, '0', NULL, NULL, 1, 1, '2024-07-24 00:00:00', '127.0.0.1', 1),
(2221, 4, 1298, '1', NULL, NULL, NULL, '1', NULL, NULL, 2, 1, '2024-07-24 00:00:00', '127.0.0.1', 1),
(2222, 4, 1298, '2', NULL, NULL, NULL, '2', NULL, NULL, 3, 1, '2024-07-24 00:00:00', '127.0.0.1', 1),
(2223, 4, 1298, '3', NULL, NULL, NULL, '3', NULL, NULL, 4, 1, '2024-07-24 00:00:00', '127.0.0.1', 1),
(2224, 4, 1298, '4', NULL, NULL, NULL, '4', NULL, NULL, 5, 1, '2024-07-24 00:00:00', '127.0.0.1', 1),
(2225, 4, 1298, '5', NULL, NULL, NULL, '5', NULL, NULL, 6, 1, '2024-07-24 00:00:00', '127.0.0.1', 1),
(2226, 4, 1298, '6', NULL, NULL, NULL, '6', NULL, NULL, 7, 1, '2024-07-24 00:00:00', '127.0.0.1', 1),
(2227, 4, 1298, '7', NULL, NULL, NULL, '7', NULL, NULL, 8, 1, '2024-07-24 00:00:00', '127.0.0.1', 1),
(2228, 4, 1298, '8', NULL, NULL, NULL, '8', NULL, NULL, 9, 1, '2024-07-24 00:00:00', '127.0.0.1', 1),
(2229, 4, 1298, '9', NULL, NULL, NULL, '9', NULL, NULL, 10, 1, '2024-07-24 00:00:00', '127.0.0.1', 1),
(2230, 4, 1298, '10', NULL, NULL, NULL, '10', NULL, NULL, 11, 1, '2024-07-24 00:00:00', '127.0.0.1', 1),
(2231, 4, 1300, '0', NULL, NULL, NULL, '0', NULL, NULL, 1, 1, '2024-07-24 00:00:00', '127.0.0.1', 1),
(2232, 4, 1300, '1', NULL, NULL, NULL, '1', NULL, NULL, 2, 1, '2024-07-24 00:00:00', '127.0.0.1', 1),
(2233, 4, 1300, '2', NULL, NULL, NULL, '2', NULL, NULL, 3, 1, '2024-07-24 00:00:00', '127.0.0.1', 1),
(2234, 4, 1300, '3', NULL, NULL, NULL, '3', NULL, NULL, 4, 1, '2024-07-24 00:00:00', '127.0.0.1', 1),
(2235, 4, 1300, '4', NULL, NULL, NULL, '4', NULL, NULL, 5, 1, '2024-07-24 00:00:00', '127.0.0.1', 1),
(2236, 4, 1300, '5', NULL, NULL, NULL, '5', NULL, NULL, 6, 1, '2024-07-24 00:00:00', '127.0.0.1', 1),
(2237, 4, 1300, '6', NULL, NULL, NULL, '6', NULL, NULL, 7, 1, '2024-07-24 00:00:00', '127.0.0.1', 1),
(2238, 4, 1300, '7', NULL, NULL, NULL, '7', NULL, NULL, 8, 1, '2024-07-24 00:00:00', '127.0.0.1', 1),
(2239, 4, 1300, '8', NULL, NULL, NULL, '8', NULL, NULL, 9, 1, '2024-07-24 00:00:00', '127.0.0.1', 1),
(2240, 4, 1300, '9', NULL, NULL, NULL, '9', NULL, NULL, 10, 1, '2024-07-24 00:00:00', '127.0.0.1', 1),
(2241, 4, 1300, '10', NULL, NULL, NULL, '10', NULL, NULL, 11, 1, '2024-07-24 00:00:00', '127.0.0.1', 1),
(2242, 4, 1302, '0', NULL, NULL, NULL, '0', NULL, NULL, 1, 1, '2024-07-24 00:00:00', '127.0.0.1', 1),
(2243, 4, 1302, '1', NULL, NULL, NULL, '1', NULL, NULL, 2, 1, '2024-07-24 00:00:00', '127.0.0.1', 1),
(2244, 4, 1302, '2', NULL, NULL, NULL, '2', NULL, NULL, 3, 1, '2024-07-24 00:00:00', '127.0.0.1', 1),
(2245, 4, 1302, '3', NULL, NULL, NULL, '3', NULL, NULL, 4, 1, '2024-07-24 00:00:00', '127.0.0.1', 1),
(2246, 4, 1302, '4', NULL, NULL, NULL, '4', NULL, NULL, 5, 1, '2024-07-24 00:00:00', '127.0.0.1', 1),
(2247, 4, 1302, '5', NULL, NULL, NULL, '5', NULL, NULL, 6, 1, '2024-07-24 00:00:00', '127.0.0.1', 1),
(2248, 4, 1302, '6', NULL, NULL, NULL, '6', NULL, NULL, 7, 1, '2024-07-24 00:00:00', '127.0.0.1', 1),
(2249, 4, 1302, '7', NULL, NULL, NULL, '7', NULL, NULL, 8, 1, '2024-07-24 00:00:00', '127.0.0.1', 1),
(2250, 4, 1302, '8', NULL, NULL, NULL, '8', NULL, NULL, 9, 1, '2024-07-24 00:00:00', '127.0.0.1', 1),
(2251, 4, 1302, '9', NULL, NULL, NULL, '9', NULL, NULL, 10, 1, '2024-07-24 00:00:00', '127.0.0.1', 1),
(2252, 4, 1302, '10', NULL, NULL, NULL, '10', NULL, NULL, 11, 1, '2024-07-24 00:00:00', '127.0.0.1', 1),
(2253, 4, 1305, '0', NULL, NULL, NULL, '0', NULL, NULL, 1, 1, '2024-07-24 00:00:00', '127.0.0.1', 1),
(2254, 4, 1305, '1', NULL, NULL, NULL, '1', NULL, NULL, 2, 1, '2024-07-24 00:00:00', '127.0.0.1', 1),
(2255, 4, 1305, '2', NULL, NULL, NULL, '2', NULL, NULL, 3, 1, '2024-07-24 00:00:00', '127.0.0.1', 1),
(2256, 4, 1305, '3', NULL, NULL, NULL, '3', NULL, NULL, 4, 1, '2024-07-24 00:00:00', '127.0.0.1', 1),
(2257, 4, 1305, '4', NULL, NULL, NULL, '4', NULL, NULL, 5, 1, '2024-07-24 00:00:00', '127.0.0.1', 1),
(2258, 4, 1305, '5', NULL, NULL, NULL, '5', NULL, NULL, 6, 1, '2024-07-24 00:00:00', '127.0.0.1', 1),
(2259, 4, 1305, '6', NULL, NULL, NULL, '6', NULL, NULL, 7, 1, '2024-07-24 00:00:00', '127.0.0.1', 1),
(2260, 4, 1305, '7', NULL, NULL, NULL, '7', NULL, NULL, 8, 1, '2024-07-24 00:00:00', '127.0.0.1', 1),
(2261, 4, 1305, '8', NULL, NULL, NULL, '8', NULL, NULL, 9, 1, '2024-07-24 00:00:00', '127.0.0.1', 1),
(2262, 4, 1305, '9', NULL, NULL, NULL, '9', NULL, NULL, 10, 1, '2024-07-24 00:00:00', '127.0.0.1', 1),
(2263, 4, 1305, '10', NULL, NULL, NULL, '10', NULL, NULL, 11, 1, '2024-07-24 00:00:00', '127.0.0.1', 1),
(2264, 4, 1307, '0', NULL, NULL, NULL, '0', NULL, NULL, 1, 1, '2024-07-24 00:00:00', '127.0.0.1', 1),
(2265, 4, 1307, '1', NULL, NULL, NULL, '1', NULL, NULL, 2, 1, '2024-07-24 00:00:00', '127.0.0.1', 1),
(2266, 4, 1307, '2', NULL, NULL, NULL, '2', NULL, NULL, 3, 1, '2024-07-24 00:00:00', '127.0.0.1', 1),
(2267, 4, 1307, '3', NULL, NULL, NULL, '3', NULL, NULL, 4, 1, '2024-07-24 00:00:00', '127.0.0.1', 1),
(2268, 4, 1307, '4', NULL, NULL, NULL, '4', NULL, NULL, 5, 1, '2024-07-24 00:00:00', '127.0.0.1', 1),
(2269, 4, 1307, '5', NULL, NULL, NULL, '5', NULL, NULL, 6, 1, '2024-07-24 00:00:00', '127.0.0.1', 1),
(2270, 4, 1307, '6', NULL, NULL, NULL, '6', NULL, NULL, 7, 1, '2024-07-24 00:00:00', '127.0.0.1', 1),
(2271, 4, 1307, '7', NULL, NULL, NULL, '7', NULL, NULL, 8, 1, '2024-07-24 00:00:00', '127.0.0.1', 1),
(2272, 4, 1307, '8', NULL, NULL, NULL, '8', NULL, NULL, 9, 1, '2024-07-24 00:00:00', '127.0.0.1', 1),
(2273, 4, 1307, '9', NULL, NULL, NULL, '9', NULL, NULL, 10, 1, '2024-07-24 00:00:00', '127.0.0.1', 1),
(2274, 4, 1307, '10', NULL, NULL, NULL, '10', NULL, NULL, 11, 1, '2024-07-24 00:00:00', '127.0.0.1', 1),
(2275, 4, 1310, '0', NULL, NULL, NULL, '0', NULL, NULL, 1, 1, '2024-07-24 00:00:00', '127.0.0.1', 1),
(2276, 4, 1310, '1', NULL, NULL, NULL, '1', NULL, NULL, 2, 1, '2024-07-24 00:00:00', '127.0.0.1', 1),
(2277, 4, 1310, '2', NULL, NULL, NULL, '2', NULL, NULL, 3, 1, '2024-07-24 00:00:00', '127.0.0.1', 1),
(2278, 4, 1310, '3', NULL, NULL, NULL, '3', NULL, NULL, 4, 1, '2024-07-24 00:00:00', '127.0.0.1', 1),
(2279, 4, 1310, '4', NULL, NULL, NULL, '4', NULL, NULL, 5, 1, '2024-07-24 00:00:00', '127.0.0.1', 1),
(2280, 4, 1310, '5', NULL, NULL, NULL, '5', NULL, NULL, 6, 1, '2024-07-24 00:00:00', '127.0.0.1', 1),
(2281, 4, 1310, '6', NULL, NULL, NULL, '6', NULL, NULL, 7, 1, '2024-07-24 00:00:00', '127.0.0.1', 1),
(2282, 4, 1310, '7', NULL, NULL, NULL, '7', NULL, NULL, 8, 1, '2024-07-24 00:00:00', '127.0.0.1', 1),
(2283, 4, 1310, '8', NULL, NULL, NULL, '8', NULL, NULL, 9, 1, '2024-07-24 00:00:00', '127.0.0.1', 1),
(2284, 4, 1310, '9', NULL, NULL, NULL, '9', NULL, NULL, 10, 1, '2024-07-24 00:00:00', '127.0.0.1', 1),
(2285, 4, 1310, '10', NULL, NULL, NULL, '10', NULL, NULL, 11, 1, '2024-07-24 00:00:00', '127.0.0.1', 1),
(2286, 4, 1312, '0', NULL, NULL, NULL, '0', NULL, NULL, 1, 1, '2024-07-24 00:00:00', '127.0.0.1', 1),
(2287, 4, 1312, '1', NULL, NULL, NULL, '1', NULL, NULL, 2, 1, '2024-07-24 00:00:00', '127.0.0.1', 1),
(2288, 4, 1312, '2', NULL, NULL, NULL, '2', NULL, NULL, 3, 1, '2024-07-24 00:00:00', '127.0.0.1', 1),
(2289, 4, 1312, '3', NULL, NULL, NULL, '3', NULL, NULL, 4, 1, '2024-07-24 00:00:00', '127.0.0.1', 1),
(2290, 4, 1312, '4', NULL, NULL, NULL, '4', NULL, NULL, 5, 1, '2024-07-24 00:00:00', '127.0.0.1', 1),
(2291, 4, 1312, '5', NULL, NULL, NULL, '5', NULL, NULL, 6, 1, '2024-07-24 00:00:00', '127.0.0.1', 1),
(2292, 4, 1312, '6', NULL, NULL, NULL, '6', NULL, NULL, 7, 1, '2024-07-24 00:00:00', '127.0.0.1', 1),
(2293, 4, 1312, '7', NULL, NULL, NULL, '7', NULL, NULL, 8, 1, '2024-07-24 00:00:00', '127.0.0.1', 1),
(2294, 4, 1312, '8', NULL, NULL, NULL, '8', NULL, NULL, 9, 1, '2024-07-24 00:00:00', '127.0.0.1', 1),
(2295, 4, 1312, '9', NULL, NULL, NULL, '9', NULL, NULL, 10, 1, '2024-07-24 00:00:00', '127.0.0.1', 1),
(2296, 4, 1312, '10', NULL, NULL, NULL, '10', NULL, NULL, 11, 1, '2024-07-24 00:00:00', '127.0.0.1', 1),
(2297, 4, 1314, '0', NULL, NULL, NULL, '0', NULL, NULL, 1, 1, '2024-07-24 00:00:00', '127.0.0.1', 1),
(2298, 4, 1314, '1', NULL, NULL, NULL, '1', NULL, NULL, 2, 1, '2024-07-24 00:00:00', '127.0.0.1', 1),
(2299, 4, 1314, '2', NULL, NULL, NULL, '2', NULL, NULL, 3, 1, '2024-07-24 00:00:00', '127.0.0.1', 1),
(2300, 4, 1314, '3', NULL, NULL, NULL, '3', NULL, NULL, 4, 1, '2024-07-24 00:00:00', '127.0.0.1', 1),
(2301, 4, 1314, '4', NULL, NULL, NULL, '4', NULL, NULL, 5, 1, '2024-07-24 00:00:00', '127.0.0.1', 1),
(2302, 4, 1314, '5', NULL, NULL, NULL, '5', NULL, NULL, 6, 1, '2024-07-24 00:00:00', '127.0.0.1', 1),
(2303, 4, 1314, '6', NULL, NULL, NULL, '6', NULL, NULL, 7, 1, '2024-07-24 00:00:00', '127.0.0.1', 1),
(2304, 4, 1314, '7', NULL, NULL, NULL, '7', NULL, NULL, 8, 1, '2024-07-24 00:00:00', '127.0.0.1', 1),
(2305, 4, 1314, '8', NULL, NULL, NULL, '8', NULL, NULL, 9, 1, '2024-07-24 00:00:00', '127.0.0.1', 1),
(2306, 4, 1314, '9', NULL, NULL, NULL, '9', NULL, NULL, 10, 1, '2024-07-24 00:00:00', '127.0.0.1', 1),
(2307, 4, 1314, '10', NULL, NULL, NULL, '10', NULL, NULL, 11, 1, '2024-07-24 00:00:00', '127.0.0.1', 1),
(2308, 4, 1316, '0', NULL, NULL, NULL, '0', NULL, NULL, 1, 1, '2024-07-24 00:00:00', '127.0.0.1', 1),
(2309, 4, 1316, '1', NULL, NULL, NULL, '1', NULL, NULL, 2, 1, '2024-07-24 00:00:00', '127.0.0.1', 1),
(2310, 4, 1316, '2', NULL, NULL, NULL, '2', NULL, NULL, 3, 1, '2024-07-24 00:00:00', '127.0.0.1', 1),
(2311, 4, 1316, '3', NULL, NULL, NULL, '3', NULL, NULL, 4, 1, '2024-07-24 00:00:00', '127.0.0.1', 1),
(2312, 4, 1316, '4', NULL, NULL, NULL, '4', NULL, NULL, 5, 1, '2024-07-24 00:00:00', '127.0.0.1', 1),
(2313, 4, 1316, '5', NULL, NULL, NULL, '5', NULL, NULL, 6, 1, '2024-07-24 00:00:00', '127.0.0.1', 1),
(2314, 4, 1316, '6', NULL, NULL, NULL, '6', NULL, NULL, 7, 1, '2024-07-24 00:00:00', '127.0.0.1', 1),
(2315, 4, 1316, '7', NULL, NULL, NULL, '7', NULL, NULL, 8, 1, '2024-07-24 00:00:00', '127.0.0.1', 1),
(2316, 4, 1316, '8', NULL, NULL, NULL, '8', NULL, NULL, 9, 1, '2024-07-24 00:00:00', '127.0.0.1', 1),
(2317, 4, 1316, '9', NULL, NULL, NULL, '9', NULL, NULL, 10, 1, '2024-07-24 00:00:00', '127.0.0.1', 1),
(2318, 4, 1316, '10', NULL, NULL, NULL, '10', NULL, NULL, 11, 1, '2024-07-24 00:00:00', '127.0.0.1', 1),
(2319, 4, 1318, '0', NULL, NULL, NULL, '0', NULL, NULL, 1, 1, '2024-07-24 00:00:00', '127.0.0.1', 1),
(2320, 4, 1318, '1', NULL, NULL, NULL, '1', NULL, NULL, 2, 1, '2024-07-24 00:00:00', '127.0.0.1', 1),
(2321, 4, 1318, '2', NULL, NULL, NULL, '2', NULL, NULL, 3, 1, '2024-07-24 00:00:00', '127.0.0.1', 1),
(2322, 4, 1318, '3', NULL, NULL, NULL, '3', NULL, NULL, 4, 1, '2024-07-24 00:00:00', '127.0.0.1', 1),
(2323, 4, 1318, '4', NULL, NULL, NULL, '4', NULL, NULL, 5, 1, '2024-07-24 00:00:00', '127.0.0.1', 1);
INSERT INTO `form_field_multiple` (`multi_id`, `form_id`, `field_id`, `label`, `label_hindi`, `label_odiya`, `selected`, `value`, `value_hindi`, `value_odiya`, `order_by`, `added_by`, `added_datetime`, `ip_address`, `status`) VALUES
(2324, 4, 1318, '5', NULL, NULL, NULL, '5', NULL, NULL, 6, 1, '2024-07-24 00:00:00', '127.0.0.1', 1),
(2325, 4, 1318, '6', NULL, NULL, NULL, '6', NULL, NULL, 7, 1, '2024-07-24 00:00:00', '127.0.0.1', 1),
(2326, 4, 1318, '7', NULL, NULL, NULL, '7', NULL, NULL, 8, 1, '2024-07-24 00:00:00', '127.0.0.1', 1),
(2327, 4, 1318, '8', NULL, NULL, NULL, '8', NULL, NULL, 9, 1, '2024-07-24 00:00:00', '127.0.0.1', 1),
(2328, 4, 1318, '9', NULL, NULL, NULL, '9', NULL, NULL, 10, 1, '2024-07-24 00:00:00', '127.0.0.1', 1),
(2329, 4, 1318, '10', NULL, NULL, NULL, '10', NULL, NULL, 11, 1, '2024-07-24 00:00:00', '127.0.0.1', 1),
(2330, 4, 1321, '0', NULL, NULL, NULL, '0', NULL, NULL, 1, 1, '2024-07-24 00:00:00', '127.0.0.1', 1),
(2331, 4, 1321, '1', NULL, NULL, NULL, '1', NULL, NULL, 2, 1, '2024-07-24 00:00:00', '127.0.0.1', 1),
(2332, 4, 1321, '2', NULL, NULL, NULL, '2', NULL, NULL, 3, 1, '2024-07-24 00:00:00', '127.0.0.1', 1),
(2333, 4, 1321, '3', NULL, NULL, NULL, '3', NULL, NULL, 4, 1, '2024-07-24 00:00:00', '127.0.0.1', 1),
(2334, 4, 1321, '4', NULL, NULL, NULL, '4', NULL, NULL, 5, 1, '2024-07-24 00:00:00', '127.0.0.1', 1),
(2335, 4, 1321, '5', NULL, NULL, NULL, '5', NULL, NULL, 6, 1, '2024-07-24 00:00:00', '127.0.0.1', 1),
(2336, 4, 1321, '6', NULL, NULL, NULL, '6', NULL, NULL, 7, 1, '2024-07-24 00:00:00', '127.0.0.1', 1),
(2337, 4, 1321, '7', NULL, NULL, NULL, '7', NULL, NULL, 8, 1, '2024-07-24 00:00:00', '127.0.0.1', 1),
(2338, 4, 1321, '8', NULL, NULL, NULL, '8', NULL, NULL, 9, 1, '2024-07-24 00:00:00', '127.0.0.1', 1),
(2339, 4, 1321, '9', NULL, NULL, NULL, '9', NULL, NULL, 10, 1, '2024-07-24 00:00:00', '127.0.0.1', 1),
(2340, 4, 1321, '10', NULL, NULL, NULL, '10', NULL, NULL, 11, 1, '2024-07-24 00:00:00', '127.0.0.1', 1),
(2341, 4, 1323, '0', NULL, NULL, NULL, '0', NULL, NULL, 1, 1, '2024-07-24 00:00:00', '127.0.0.1', 1),
(2342, 4, 1323, '1', NULL, NULL, NULL, '1', NULL, NULL, 2, 1, '2024-07-24 00:00:00', '127.0.0.1', 1),
(2343, 4, 1323, '2', NULL, NULL, NULL, '2', NULL, NULL, 3, 1, '2024-07-24 00:00:00', '127.0.0.1', 1),
(2344, 4, 1323, '3', NULL, NULL, NULL, '3', NULL, NULL, 4, 1, '2024-07-24 00:00:00', '127.0.0.1', 1),
(2345, 4, 1323, '4', NULL, NULL, NULL, '4', NULL, NULL, 5, 1, '2024-07-24 00:00:00', '127.0.0.1', 1),
(2346, 4, 1323, '5', NULL, NULL, NULL, '5', NULL, NULL, 6, 1, '2024-07-24 00:00:00', '127.0.0.1', 1),
(2347, 4, 1323, '6', NULL, NULL, NULL, '6', NULL, NULL, 7, 1, '2024-07-24 00:00:00', '127.0.0.1', 1),
(2348, 4, 1323, '7', NULL, NULL, NULL, '7', NULL, NULL, 8, 1, '2024-07-24 00:00:00', '127.0.0.1', 1),
(2349, 4, 1323, '8', NULL, NULL, NULL, '8', NULL, NULL, 9, 1, '2024-07-24 00:00:00', '127.0.0.1', 1),
(2350, 4, 1323, '9', NULL, NULL, NULL, '9', NULL, NULL, 10, 1, '2024-07-24 00:00:00', '127.0.0.1', 1),
(2351, 4, 1323, '10', NULL, NULL, NULL, '10', NULL, NULL, 11, 1, '2024-07-24 00:00:00', '127.0.0.1', 1),
(2352, 4, 1326, '0', NULL, NULL, NULL, '0', NULL, NULL, 1, 1, '2024-07-24 00:00:00', '127.0.0.1', 1),
(2353, 4, 1326, '1', NULL, NULL, NULL, '1', NULL, NULL, 2, 1, '2024-07-24 00:00:00', '127.0.0.1', 1),
(2354, 4, 1326, '2', NULL, NULL, NULL, '2', NULL, NULL, 3, 1, '2024-07-24 00:00:00', '127.0.0.1', 1),
(2355, 4, 1326, '3', NULL, NULL, NULL, '3', NULL, NULL, 4, 1, '2024-07-24 00:00:00', '127.0.0.1', 1),
(2356, 4, 1326, '4', NULL, NULL, NULL, '4', NULL, NULL, 5, 1, '2024-07-24 00:00:00', '127.0.0.1', 1),
(2357, 4, 1326, '5', NULL, NULL, NULL, '5', NULL, NULL, 6, 1, '2024-07-24 00:00:00', '127.0.0.1', 1),
(2358, 4, 1326, '6', NULL, NULL, NULL, '6', NULL, NULL, 7, 1, '2024-07-24 00:00:00', '127.0.0.1', 1),
(2359, 4, 1326, '7', NULL, NULL, NULL, '7', NULL, NULL, 8, 1, '2024-07-24 00:00:00', '127.0.0.1', 1),
(2360, 4, 1326, '8', NULL, NULL, NULL, '8', NULL, NULL, 9, 1, '2024-07-24 00:00:00', '127.0.0.1', 1),
(2361, 4, 1326, '9', NULL, NULL, NULL, '9', NULL, NULL, 10, 1, '2024-07-24 00:00:00', '127.0.0.1', 1),
(2362, 4, 1326, '10', NULL, NULL, NULL, '10', NULL, NULL, 11, 1, '2024-07-24 00:00:00', '127.0.0.1', 1),
(2363, 4, 1328, '0', NULL, NULL, NULL, '0', NULL, NULL, 1, 1, '2024-07-24 00:00:00', '127.0.0.1', 1),
(2364, 4, 1328, '1', NULL, NULL, NULL, '1', NULL, NULL, 2, 1, '2024-07-24 00:00:00', '127.0.0.1', 1),
(2365, 4, 1328, '2', NULL, NULL, NULL, '2', NULL, NULL, 3, 1, '2024-07-24 00:00:00', '127.0.0.1', 1),
(2366, 4, 1328, '3', NULL, NULL, NULL, '3', NULL, NULL, 4, 1, '2024-07-24 00:00:00', '127.0.0.1', 1),
(2367, 4, 1328, '4', NULL, NULL, NULL, '4', NULL, NULL, 5, 1, '2024-07-24 00:00:00', '127.0.0.1', 1),
(2368, 4, 1328, '5', NULL, NULL, NULL, '5', NULL, NULL, 6, 1, '2024-07-24 00:00:00', '127.0.0.1', 1),
(2369, 4, 1328, '6', NULL, NULL, NULL, '6', NULL, NULL, 7, 1, '2024-07-24 00:00:00', '127.0.0.1', 1),
(2370, 4, 1328, '7', NULL, NULL, NULL, '7', NULL, NULL, 8, 1, '2024-07-24 00:00:00', '127.0.0.1', 1),
(2371, 4, 1328, '8', NULL, NULL, NULL, '8', NULL, NULL, 9, 1, '2024-07-24 00:00:00', '127.0.0.1', 1),
(2372, 4, 1328, '9', NULL, NULL, NULL, '9', NULL, NULL, 10, 1, '2024-07-24 00:00:00', '127.0.0.1', 1),
(2373, 4, 1328, '10', NULL, NULL, NULL, '10', NULL, NULL, 11, 1, '2024-07-24 00:00:00', '127.0.0.1', 1),
(2374, 4, 1330, '0', NULL, NULL, NULL, '0', NULL, NULL, 1, 1, '2024-07-24 00:00:00', '127.0.0.1', 1),
(2375, 4, 1330, '1', NULL, NULL, NULL, '1', NULL, NULL, 2, 1, '2024-07-24 00:00:00', '127.0.0.1', 1),
(2376, 4, 1330, '2', NULL, NULL, NULL, '2', NULL, NULL, 3, 1, '2024-07-24 00:00:00', '127.0.0.1', 1),
(2377, 4, 1330, '3', NULL, NULL, NULL, '3', NULL, NULL, 4, 1, '2024-07-24 00:00:00', '127.0.0.1', 1),
(2378, 4, 1330, '4', NULL, NULL, NULL, '4', NULL, NULL, 5, 1, '2024-07-24 00:00:00', '127.0.0.1', 1),
(2379, 4, 1330, '5', NULL, NULL, NULL, '5', NULL, NULL, 6, 1, '2024-07-24 00:00:00', '127.0.0.1', 1),
(2380, 4, 1330, '6', NULL, NULL, NULL, '6', NULL, NULL, 7, 1, '2024-07-24 00:00:00', '127.0.0.1', 1),
(2381, 4, 1330, '7', NULL, NULL, NULL, '7', NULL, NULL, 8, 1, '2024-07-24 00:00:00', '127.0.0.1', 1),
(2382, 4, 1330, '8', NULL, NULL, NULL, '8', NULL, NULL, 9, 1, '2024-07-24 00:00:00', '127.0.0.1', 1),
(2383, 4, 1330, '9', NULL, NULL, NULL, '9', NULL, NULL, 10, 1, '2024-07-24 00:00:00', '127.0.0.1', 1),
(2384, 4, 1330, '10', NULL, NULL, NULL, '10', NULL, NULL, 11, 1, '2024-07-24 00:00:00', '127.0.0.1', 1),
(2385, 4, 1332, '0', NULL, NULL, NULL, '0', NULL, NULL, 1, 1, '2024-07-24 00:00:00', '127.0.0.1', 1),
(2386, 4, 1332, '1', NULL, NULL, NULL, '1', NULL, NULL, 2, 1, '2024-07-24 00:00:00', '127.0.0.1', 1),
(2387, 4, 1332, '2', NULL, NULL, NULL, '2', NULL, NULL, 3, 1, '2024-07-24 00:00:00', '127.0.0.1', 1),
(2388, 4, 1332, '3', NULL, NULL, NULL, '3', NULL, NULL, 4, 1, '2024-07-24 00:00:00', '127.0.0.1', 1),
(2389, 4, 1332, '4', NULL, NULL, NULL, '4', NULL, NULL, 5, 1, '2024-07-24 00:00:00', '127.0.0.1', 1),
(2390, 4, 1332, '5', NULL, NULL, NULL, '5', NULL, NULL, 6, 1, '2024-07-24 00:00:00', '127.0.0.1', 1),
(2391, 4, 1332, '6', NULL, NULL, NULL, '6', NULL, NULL, 7, 1, '2024-07-24 00:00:00', '127.0.0.1', 1),
(2392, 4, 1332, '7', NULL, NULL, NULL, '7', NULL, NULL, 8, 1, '2024-07-24 00:00:00', '127.0.0.1', 1),
(2393, 4, 1332, '8', NULL, NULL, NULL, '8', NULL, NULL, 9, 1, '2024-07-24 00:00:00', '127.0.0.1', 1),
(2394, 4, 1332, '9', NULL, NULL, NULL, '9', NULL, NULL, 10, 1, '2024-07-24 00:00:00', '127.0.0.1', 1),
(2395, 4, 1332, '10', NULL, NULL, NULL, '10', NULL, NULL, 11, 1, '2024-07-24 00:00:00', '127.0.0.1', 1),
(2396, 4, 1334, '0', NULL, NULL, NULL, '0', NULL, NULL, 1, 1, '2024-07-24 00:00:00', '127.0.0.1', 1),
(2397, 4, 1334, '1', NULL, NULL, NULL, '1', NULL, NULL, 2, 1, '2024-07-24 00:00:00', '127.0.0.1', 1),
(2398, 4, 1334, '2', NULL, NULL, NULL, '2', NULL, NULL, 3, 1, '2024-07-24 00:00:00', '127.0.0.1', 1),
(2399, 4, 1334, '3', NULL, NULL, NULL, '3', NULL, NULL, 4, 1, '2024-07-24 00:00:00', '127.0.0.1', 1),
(2400, 4, 1334, '4', NULL, NULL, NULL, '4', NULL, NULL, 5, 1, '2024-07-24 00:00:00', '127.0.0.1', 1),
(2401, 4, 1334, '5', NULL, NULL, NULL, '5', NULL, NULL, 6, 1, '2024-07-24 00:00:00', '127.0.0.1', 1),
(2402, 4, 1334, '6', NULL, NULL, NULL, '6', NULL, NULL, 7, 1, '2024-07-24 00:00:00', '127.0.0.1', 1),
(2403, 4, 1334, '7', NULL, NULL, NULL, '7', NULL, NULL, 8, 1, '2024-07-24 00:00:00', '127.0.0.1', 1),
(2404, 4, 1334, '8', NULL, NULL, NULL, '8', NULL, NULL, 9, 1, '2024-07-24 00:00:00', '127.0.0.1', 1),
(2405, 4, 1334, '9', NULL, NULL, NULL, '9', NULL, NULL, 10, 1, '2024-07-24 00:00:00', '127.0.0.1', 1),
(2406, 4, 1334, '10', NULL, NULL, NULL, '10', NULL, NULL, 11, 1, '2024-07-24 00:00:00', '127.0.0.1', 1),
(2407, 4, 1337, '0', NULL, NULL, NULL, '0', NULL, NULL, 1, 1, '2024-07-24 00:00:00', '127.0.0.1', 1),
(2408, 4, 1337, '1', NULL, NULL, NULL, '1', NULL, NULL, 2, 1, '2024-07-24 00:00:00', '127.0.0.1', 1),
(2409, 4, 1337, '2', NULL, NULL, NULL, '2', NULL, NULL, 3, 1, '2024-07-24 00:00:00', '127.0.0.1', 1),
(2410, 4, 1337, '3', NULL, NULL, NULL, '3', NULL, NULL, 4, 1, '2024-07-24 00:00:00', '127.0.0.1', 1),
(2411, 4, 1337, '4', NULL, NULL, NULL, '4', NULL, NULL, 5, 1, '2024-07-24 00:00:00', '127.0.0.1', 1),
(2412, 4, 1337, '5', NULL, NULL, NULL, '5', NULL, NULL, 6, 1, '2024-07-24 00:00:00', '127.0.0.1', 1),
(2413, 4, 1337, '6', NULL, NULL, NULL, '6', NULL, NULL, 7, 1, '2024-07-24 00:00:00', '127.0.0.1', 1),
(2414, 4, 1337, '7', NULL, NULL, NULL, '7', NULL, NULL, 8, 1, '2024-07-24 00:00:00', '127.0.0.1', 1),
(2415, 4, 1337, '8', NULL, NULL, NULL, '8', NULL, NULL, 9, 1, '2024-07-24 00:00:00', '127.0.0.1', 1),
(2416, 4, 1337, '9', NULL, NULL, NULL, '9', NULL, NULL, 10, 1, '2024-07-24 00:00:00', '127.0.0.1', 1),
(2417, 4, 1337, '10', NULL, NULL, NULL, '10', NULL, NULL, 11, 1, '2024-07-24 00:00:00', '127.0.0.1', 1),
(2418, 4, 1339, '0', NULL, NULL, NULL, '0', NULL, NULL, 1, 1, '2024-07-24 00:00:00', '127.0.0.1', 1),
(2419, 4, 1339, '1', NULL, NULL, NULL, '1', NULL, NULL, 2, 1, '2024-07-24 00:00:00', '127.0.0.1', 1),
(2420, 4, 1339, '2', NULL, NULL, NULL, '2', NULL, NULL, 3, 1, '2024-07-24 00:00:00', '127.0.0.1', 1),
(2421, 4, 1339, '3', NULL, NULL, NULL, '3', NULL, NULL, 4, 1, '2024-07-24 00:00:00', '127.0.0.1', 1),
(2422, 4, 1339, '4', NULL, NULL, NULL, '4', NULL, NULL, 5, 1, '2024-07-24 00:00:00', '127.0.0.1', 1),
(2423, 4, 1339, '5', NULL, NULL, NULL, '5', NULL, NULL, 6, 1, '2024-07-24 00:00:00', '127.0.0.1', 1),
(2424, 4, 1339, '6', NULL, NULL, NULL, '6', NULL, NULL, 7, 1, '2024-07-24 00:00:00', '127.0.0.1', 1),
(2425, 4, 1339, '7', NULL, NULL, NULL, '7', NULL, NULL, 8, 1, '2024-07-24 00:00:00', '127.0.0.1', 1),
(2426, 4, 1339, '8', NULL, NULL, NULL, '8', NULL, NULL, 9, 1, '2024-07-24 00:00:00', '127.0.0.1', 1),
(2427, 4, 1339, '9', NULL, NULL, NULL, '9', NULL, NULL, 10, 1, '2024-07-24 00:00:00', '127.0.0.1', 1),
(2428, 4, 1339, '10', NULL, NULL, NULL, '10', NULL, NULL, 11, 1, '2024-07-24 00:00:00', '127.0.0.1', 1),
(2429, 4, 1342, '0', NULL, NULL, NULL, '0', NULL, NULL, 1, 1, '2024-07-24 00:00:00', '127.0.0.1', 1),
(2430, 4, 1342, '1', NULL, NULL, NULL, '1', NULL, NULL, 2, 1, '2024-07-24 00:00:00', '127.0.0.1', 1),
(2431, 4, 1342, '2', NULL, NULL, NULL, '2', NULL, NULL, 3, 1, '2024-07-24 00:00:00', '127.0.0.1', 1),
(2432, 4, 1342, '3', NULL, NULL, NULL, '3', NULL, NULL, 4, 1, '2024-07-24 00:00:00', '127.0.0.1', 1),
(2433, 4, 1342, '4', NULL, NULL, NULL, '4', NULL, NULL, 5, 1, '2024-07-24 00:00:00', '127.0.0.1', 1),
(2434, 4, 1342, '5', NULL, NULL, NULL, '5', NULL, NULL, 6, 1, '2024-07-24 00:00:00', '127.0.0.1', 1),
(2435, 4, 1342, '6', NULL, NULL, NULL, '6', NULL, NULL, 7, 1, '2024-07-24 00:00:00', '127.0.0.1', 1),
(2436, 4, 1342, '7', NULL, NULL, NULL, '7', NULL, NULL, 8, 1, '2024-07-24 00:00:00', '127.0.0.1', 1),
(2437, 4, 1342, '8', NULL, NULL, NULL, '8', NULL, NULL, 9, 1, '2024-07-24 00:00:00', '127.0.0.1', 1),
(2438, 4, 1342, '9', NULL, NULL, NULL, '9', NULL, NULL, 10, 1, '2024-07-24 00:00:00', '127.0.0.1', 1),
(2439, 4, 1342, '10', NULL, NULL, NULL, '10', NULL, NULL, 11, 1, '2024-07-24 00:00:00', '127.0.0.1', 1),
(2440, 4, 1344, '0', NULL, NULL, NULL, '0', NULL, NULL, 1, 1, '2024-07-24 00:00:00', '127.0.0.1', 1),
(2441, 4, 1344, '1', NULL, NULL, NULL, '1', NULL, NULL, 2, 1, '2024-07-24 00:00:00', '127.0.0.1', 1),
(2442, 4, 1344, '2', NULL, NULL, NULL, '2', NULL, NULL, 3, 1, '2024-07-24 00:00:00', '127.0.0.1', 1),
(2443, 4, 1344, '3', NULL, NULL, NULL, '3', NULL, NULL, 4, 1, '2024-07-24 00:00:00', '127.0.0.1', 1),
(2444, 4, 1344, '4', NULL, NULL, NULL, '4', NULL, NULL, 5, 1, '2024-07-24 00:00:00', '127.0.0.1', 1),
(2445, 4, 1344, '5', NULL, NULL, NULL, '5', NULL, NULL, 6, 1, '2024-07-24 00:00:00', '127.0.0.1', 1),
(2446, 4, 1344, '6', NULL, NULL, NULL, '6', NULL, NULL, 7, 1, '2024-07-24 00:00:00', '127.0.0.1', 1),
(2447, 4, 1344, '7', NULL, NULL, NULL, '7', NULL, NULL, 8, 1, '2024-07-24 00:00:00', '127.0.0.1', 1),
(2448, 4, 1344, '8', NULL, NULL, NULL, '8', NULL, NULL, 9, 1, '2024-07-24 00:00:00', '127.0.0.1', 1),
(2449, 4, 1344, '9', NULL, NULL, NULL, '9', NULL, NULL, 10, 1, '2024-07-24 00:00:00', '127.0.0.1', 1),
(2450, 4, 1344, '10', NULL, NULL, NULL, '10', NULL, NULL, 11, 1, '2024-07-24 00:00:00', '127.0.0.1', 1),
(2451, 4, 1346, '0', NULL, NULL, NULL, '0', NULL, NULL, 1, 1, '2024-07-24 00:00:00', '127.0.0.1', 1),
(2452, 4, 1346, '1', NULL, NULL, NULL, '1', NULL, NULL, 2, 1, '2024-07-24 00:00:00', '127.0.0.1', 1),
(2453, 4, 1346, '2', NULL, NULL, NULL, '2', NULL, NULL, 3, 1, '2024-07-24 00:00:00', '127.0.0.1', 1),
(2454, 4, 1346, '3', NULL, NULL, NULL, '3', NULL, NULL, 4, 1, '2024-07-24 00:00:00', '127.0.0.1', 1),
(2455, 4, 1346, '4', NULL, NULL, NULL, '4', NULL, NULL, 5, 1, '2024-07-24 00:00:00', '127.0.0.1', 1),
(2456, 4, 1346, '5', NULL, NULL, NULL, '5', NULL, NULL, 6, 1, '2024-07-24 00:00:00', '127.0.0.1', 1),
(2457, 4, 1346, '6', NULL, NULL, NULL, '6', NULL, NULL, 7, 1, '2024-07-24 00:00:00', '127.0.0.1', 1),
(2458, 4, 1346, '7', NULL, NULL, NULL, '7', NULL, NULL, 8, 1, '2024-07-24 00:00:00', '127.0.0.1', 1),
(2459, 4, 1346, '8', NULL, NULL, NULL, '8', NULL, NULL, 9, 1, '2024-07-24 00:00:00', '127.0.0.1', 1),
(2460, 4, 1346, '9', NULL, NULL, NULL, '9', NULL, NULL, 10, 1, '2024-07-24 00:00:00', '127.0.0.1', 1),
(2461, 4, 1346, '10', NULL, NULL, NULL, '10', NULL, NULL, 11, 1, '2024-07-24 00:00:00', '127.0.0.1', 1),
(2462, 4, 1348, '0', NULL, NULL, NULL, '0', NULL, NULL, 1, 1, '2024-07-24 00:00:00', '127.0.0.1', 1),
(2463, 4, 1348, '1', NULL, NULL, NULL, '1', NULL, NULL, 2, 1, '2024-07-24 00:00:00', '127.0.0.1', 1),
(2464, 4, 1348, '2', NULL, NULL, NULL, '2', NULL, NULL, 3, 1, '2024-07-24 00:00:00', '127.0.0.1', 1),
(2465, 4, 1348, '3', NULL, NULL, NULL, '3', NULL, NULL, 4, 1, '2024-07-24 00:00:00', '127.0.0.1', 1),
(2466, 4, 1348, '4', NULL, NULL, NULL, '4', NULL, NULL, 5, 1, '2024-07-24 00:00:00', '127.0.0.1', 1),
(2467, 4, 1348, '5', NULL, NULL, NULL, '5', NULL, NULL, 6, 1, '2024-07-24 00:00:00', '127.0.0.1', 1),
(2468, 4, 1348, '6', NULL, NULL, NULL, '6', NULL, NULL, 7, 1, '2024-07-24 00:00:00', '127.0.0.1', 1),
(2469, 4, 1348, '7', NULL, NULL, NULL, '7', NULL, NULL, 8, 1, '2024-07-24 00:00:00', '127.0.0.1', 1),
(2470, 4, 1348, '8', NULL, NULL, NULL, '8', NULL, NULL, 9, 1, '2024-07-24 00:00:00', '127.0.0.1', 1),
(2471, 4, 1348, '9', NULL, NULL, NULL, '9', NULL, NULL, 10, 1, '2024-07-24 00:00:00', '127.0.0.1', 1),
(2472, 4, 1348, '10', NULL, NULL, NULL, '10', NULL, NULL, 11, 1, '2024-07-24 00:00:00', '127.0.0.1', 1),
(2473, 4, 1350, '0', NULL, NULL, NULL, '0', NULL, NULL, 1, 1, '2024-07-24 00:00:00', '127.0.0.1', 1),
(2474, 4, 1350, '1', NULL, NULL, NULL, '1', NULL, NULL, 2, 1, '2024-07-24 00:00:00', '127.0.0.1', 1),
(2475, 4, 1350, '2', NULL, NULL, NULL, '2', NULL, NULL, 3, 1, '2024-07-24 00:00:00', '127.0.0.1', 1),
(2476, 4, 1350, '3', NULL, NULL, NULL, '3', NULL, NULL, 4, 1, '2024-07-24 00:00:00', '127.0.0.1', 1),
(2477, 4, 1350, '4', NULL, NULL, NULL, '4', NULL, NULL, 5, 1, '2024-07-24 00:00:00', '127.0.0.1', 1),
(2478, 4, 1350, '5', NULL, NULL, NULL, '5', NULL, NULL, 6, 1, '2024-07-24 00:00:00', '127.0.0.1', 1),
(2479, 4, 1350, '6', NULL, NULL, NULL, '6', NULL, NULL, 7, 1, '2024-07-24 00:00:00', '127.0.0.1', 1),
(2480, 4, 1350, '7', NULL, NULL, NULL, '7', NULL, NULL, 8, 1, '2024-07-24 00:00:00', '127.0.0.1', 1),
(2481, 4, 1350, '8', NULL, NULL, NULL, '8', NULL, NULL, 9, 1, '2024-07-24 00:00:00', '127.0.0.1', 1),
(2482, 4, 1350, '9', NULL, NULL, NULL, '9', NULL, NULL, 10, 1, '2024-07-24 00:00:00', '127.0.0.1', 1),
(2483, 4, 1350, '10', NULL, NULL, NULL, '10', NULL, NULL, 11, 1, '2024-07-24 00:00:00', '127.0.0.1', 1),
(2484, 4, 1353, '0', NULL, NULL, NULL, '0', NULL, NULL, 1, 1, '2024-07-24 00:00:00', '127.0.0.1', 1),
(2485, 4, 1353, '1', NULL, NULL, NULL, '1', NULL, NULL, 2, 1, '2024-07-24 00:00:00', '127.0.0.1', 1),
(2486, 4, 1353, '2', NULL, NULL, NULL, '2', NULL, NULL, 3, 1, '2024-07-24 00:00:00', '127.0.0.1', 1),
(2487, 4, 1353, '3', NULL, NULL, NULL, '3', NULL, NULL, 4, 1, '2024-07-24 00:00:00', '127.0.0.1', 1),
(2488, 4, 1353, '4', NULL, NULL, NULL, '4', NULL, NULL, 5, 1, '2024-07-24 00:00:00', '127.0.0.1', 1),
(2489, 4, 1353, '5', NULL, NULL, NULL, '5', NULL, NULL, 6, 1, '2024-07-24 00:00:00', '127.0.0.1', 1),
(2490, 4, 1353, '6', NULL, NULL, NULL, '6', NULL, NULL, 7, 1, '2024-07-24 00:00:00', '127.0.0.1', 1),
(2491, 4, 1353, '7', NULL, NULL, NULL, '7', NULL, NULL, 8, 1, '2024-07-24 00:00:00', '127.0.0.1', 1),
(2492, 4, 1353, '8', NULL, NULL, NULL, '8', NULL, NULL, 9, 1, '2024-07-24 00:00:00', '127.0.0.1', 1),
(2493, 4, 1353, '9', NULL, NULL, NULL, '9', NULL, NULL, 10, 1, '2024-07-24 00:00:00', '127.0.0.1', 1),
(2494, 4, 1353, '10', NULL, NULL, NULL, '10', NULL, NULL, 11, 1, '2024-07-24 00:00:00', '127.0.0.1', 1),
(2495, 4, 1355, '0', NULL, NULL, NULL, '0', NULL, NULL, 1, 1, '2024-07-24 00:00:00', '127.0.0.1', 1),
(2496, 4, 1355, '1', NULL, NULL, NULL, '1', NULL, NULL, 2, 1, '2024-07-24 00:00:00', '127.0.0.1', 1),
(2497, 4, 1355, '2', NULL, NULL, NULL, '2', NULL, NULL, 3, 1, '2024-07-24 00:00:00', '127.0.0.1', 1),
(2498, 4, 1355, '3', NULL, NULL, NULL, '3', NULL, NULL, 4, 1, '2024-07-24 00:00:00', '127.0.0.1', 1),
(2499, 4, 1355, '4', NULL, NULL, NULL, '4', NULL, NULL, 5, 1, '2024-07-24 00:00:00', '127.0.0.1', 1),
(2500, 4, 1355, '5', NULL, NULL, NULL, '5', NULL, NULL, 6, 1, '2024-07-24 00:00:00', '127.0.0.1', 1),
(2501, 4, 1355, '6', NULL, NULL, NULL, '6', NULL, NULL, 7, 1, '2024-07-24 00:00:00', '127.0.0.1', 1),
(2502, 4, 1355, '7', NULL, NULL, NULL, '7', NULL, NULL, 8, 1, '2024-07-24 00:00:00', '127.0.0.1', 1),
(2503, 4, 1355, '8', NULL, NULL, NULL, '8', NULL, NULL, 9, 1, '2024-07-24 00:00:00', '127.0.0.1', 1),
(2504, 4, 1355, '9', NULL, NULL, NULL, '9', NULL, NULL, 10, 1, '2024-07-24 00:00:00', '127.0.0.1', 1),
(2505, 4, 1355, '10', NULL, NULL, NULL, '10', NULL, NULL, 11, 1, '2024-07-24 00:00:00', '127.0.0.1', 1),
(2506, 4, 1358, '0', NULL, NULL, NULL, '0', NULL, NULL, 1, 1, '2024-07-24 00:00:00', '127.0.0.1', 1),
(2507, 4, 1358, '1', NULL, NULL, NULL, '1', NULL, NULL, 2, 1, '2024-07-24 00:00:00', '127.0.0.1', 1),
(2508, 4, 1358, '2', NULL, NULL, NULL, '2', NULL, NULL, 3, 1, '2024-07-24 00:00:00', '127.0.0.1', 1),
(2509, 4, 1358, '3', NULL, NULL, NULL, '3', NULL, NULL, 4, 1, '2024-07-24 00:00:00', '127.0.0.1', 1),
(2510, 4, 1358, '4', NULL, NULL, NULL, '4', NULL, NULL, 5, 1, '2024-07-24 00:00:00', '127.0.0.1', 1),
(2511, 4, 1358, '5', NULL, NULL, NULL, '5', NULL, NULL, 6, 1, '2024-07-24 00:00:00', '127.0.0.1', 1),
(2512, 4, 1358, '6', NULL, NULL, NULL, '6', NULL, NULL, 7, 1, '2024-07-24 00:00:00', '127.0.0.1', 1),
(2513, 4, 1358, '7', NULL, NULL, NULL, '7', NULL, NULL, 8, 1, '2024-07-24 00:00:00', '127.0.0.1', 1),
(2514, 4, 1358, '8', NULL, NULL, NULL, '8', NULL, NULL, 9, 1, '2024-07-24 00:00:00', '127.0.0.1', 1),
(2515, 4, 1358, '9', NULL, NULL, NULL, '9', NULL, NULL, 10, 1, '2024-07-24 00:00:00', '127.0.0.1', 1),
(2516, 4, 1358, '10', NULL, NULL, NULL, '10', NULL, NULL, 11, 1, '2024-07-24 00:00:00', '127.0.0.1', 1),
(2517, 4, 1360, '0', NULL, NULL, NULL, '0', NULL, NULL, 1, 1, '2024-07-24 00:00:00', '127.0.0.1', 1),
(2518, 4, 1360, '1', NULL, NULL, NULL, '1', NULL, NULL, 2, 1, '2024-07-24 00:00:00', '127.0.0.1', 1),
(2519, 4, 1360, '2', NULL, NULL, NULL, '2', NULL, NULL, 3, 1, '2024-07-24 00:00:00', '127.0.0.1', 1),
(2520, 4, 1360, '3', NULL, NULL, NULL, '3', NULL, NULL, 4, 1, '2024-07-24 00:00:00', '127.0.0.1', 1),
(2521, 4, 1360, '4', NULL, NULL, NULL, '4', NULL, NULL, 5, 1, '2024-07-24 00:00:00', '127.0.0.1', 1),
(2522, 4, 1360, '5', NULL, NULL, NULL, '5', NULL, NULL, 6, 1, '2024-07-24 00:00:00', '127.0.0.1', 1),
(2523, 4, 1360, '6', NULL, NULL, NULL, '6', NULL, NULL, 7, 1, '2024-07-24 00:00:00', '127.0.0.1', 1),
(2524, 4, 1360, '7', NULL, NULL, NULL, '7', NULL, NULL, 8, 1, '2024-07-24 00:00:00', '127.0.0.1', 1),
(2525, 4, 1360, '8', NULL, NULL, NULL, '8', NULL, NULL, 9, 1, '2024-07-24 00:00:00', '127.0.0.1', 1),
(2526, 4, 1360, '9', NULL, NULL, NULL, '9', NULL, NULL, 10, 1, '2024-07-24 00:00:00', '127.0.0.1', 1),
(2527, 4, 1360, '10', NULL, NULL, NULL, '10', NULL, NULL, 11, 1, '2024-07-24 00:00:00', '127.0.0.1', 1),
(2528, 4, 1362, '0', NULL, NULL, NULL, '0', NULL, NULL, 1, 1, '2024-07-24 00:00:00', '127.0.0.1', 1),
(2529, 4, 1362, '1', NULL, NULL, NULL, '1', NULL, NULL, 2, 1, '2024-07-24 00:00:00', '127.0.0.1', 1),
(2530, 4, 1362, '2', NULL, NULL, NULL, '2', NULL, NULL, 3, 1, '2024-07-24 00:00:00', '127.0.0.1', 1),
(2531, 4, 1362, '3', NULL, NULL, NULL, '3', NULL, NULL, 4, 1, '2024-07-24 00:00:00', '127.0.0.1', 1),
(2532, 4, 1362, '4', NULL, NULL, NULL, '4', NULL, NULL, 5, 1, '2024-07-24 00:00:00', '127.0.0.1', 1),
(2533, 4, 1362, '5', NULL, NULL, NULL, '5', NULL, NULL, 6, 1, '2024-07-24 00:00:00', '127.0.0.1', 1),
(2534, 4, 1362, '6', NULL, NULL, NULL, '6', NULL, NULL, 7, 1, '2024-07-24 00:00:00', '127.0.0.1', 1),
(2535, 4, 1362, '7', NULL, NULL, NULL, '7', NULL, NULL, 8, 1, '2024-07-24 00:00:00', '127.0.0.1', 1),
(2536, 4, 1362, '8', NULL, NULL, NULL, '8', NULL, NULL, 9, 1, '2024-07-24 00:00:00', '127.0.0.1', 1),
(2537, 4, 1362, '9', NULL, NULL, NULL, '9', NULL, NULL, 10, 1, '2024-07-24 00:00:00', '127.0.0.1', 1),
(2538, 4, 1362, '10', NULL, NULL, NULL, '10', NULL, NULL, 11, 1, '2024-07-24 00:00:00', '127.0.0.1', 1),
(2539, 4, 1364, '0', NULL, NULL, NULL, '0', NULL, NULL, 1, 1, '2024-07-24 00:00:00', '127.0.0.1', 1),
(2540, 4, 1364, '1', NULL, NULL, NULL, '1', NULL, NULL, 2, 1, '2024-07-24 00:00:00', '127.0.0.1', 1),
(2541, 4, 1364, '2', NULL, NULL, NULL, '2', NULL, NULL, 3, 1, '2024-07-24 00:00:00', '127.0.0.1', 1),
(2542, 4, 1364, '3', NULL, NULL, NULL, '3', NULL, NULL, 4, 1, '2024-07-24 00:00:00', '127.0.0.1', 1),
(2543, 4, 1364, '4', NULL, NULL, NULL, '4', NULL, NULL, 5, 1, '2024-07-24 00:00:00', '127.0.0.1', 1),
(2544, 4, 1364, '5', NULL, NULL, NULL, '5', NULL, NULL, 6, 1, '2024-07-24 00:00:00', '127.0.0.1', 1),
(2545, 4, 1364, '6', NULL, NULL, NULL, '6', NULL, NULL, 7, 1, '2024-07-24 00:00:00', '127.0.0.1', 1),
(2546, 4, 1364, '7', NULL, NULL, NULL, '7', NULL, NULL, 8, 1, '2024-07-24 00:00:00', '127.0.0.1', 1),
(2547, 4, 1364, '8', NULL, NULL, NULL, '8', NULL, NULL, 9, 1, '2024-07-24 00:00:00', '127.0.0.1', 1),
(2548, 4, 1364, '9', NULL, NULL, NULL, '9', NULL, NULL, 10, 1, '2024-07-24 00:00:00', '127.0.0.1', 1),
(2549, 4, 1364, '10', NULL, NULL, NULL, '10', NULL, NULL, 11, 1, '2024-07-24 00:00:00', '127.0.0.1', 1),
(2550, 4, 1366, '0', NULL, NULL, NULL, '0', NULL, NULL, 1, 1, '2024-07-24 00:00:00', '127.0.0.1', 1),
(2551, 4, 1366, '1', NULL, NULL, NULL, '1', NULL, NULL, 2, 1, '2024-07-24 00:00:00', '127.0.0.1', 1),
(2552, 4, 1366, '2', NULL, NULL, NULL, '2', NULL, NULL, 3, 1, '2024-07-24 00:00:00', '127.0.0.1', 1),
(2553, 4, 1366, '3', NULL, NULL, NULL, '3', NULL, NULL, 4, 1, '2024-07-24 00:00:00', '127.0.0.1', 1),
(2554, 4, 1366, '4', NULL, NULL, NULL, '4', NULL, NULL, 5, 1, '2024-07-24 00:00:00', '127.0.0.1', 1),
(2555, 4, 1366, '5', NULL, NULL, NULL, '5', NULL, NULL, 6, 1, '2024-07-24 00:00:00', '127.0.0.1', 1),
(2556, 4, 1366, '6', NULL, NULL, NULL, '6', NULL, NULL, 7, 1, '2024-07-24 00:00:00', '127.0.0.1', 1),
(2557, 4, 1366, '7', NULL, NULL, NULL, '7', NULL, NULL, 8, 1, '2024-07-24 00:00:00', '127.0.0.1', 1),
(2558, 4, 1366, '8', NULL, NULL, NULL, '8', NULL, NULL, 9, 1, '2024-07-24 00:00:00', '127.0.0.1', 1),
(2559, 4, 1366, '9', NULL, NULL, NULL, '9', NULL, NULL, 10, 1, '2024-07-24 00:00:00', '127.0.0.1', 1),
(2560, 4, 1366, '10', NULL, NULL, NULL, '10', NULL, NULL, 11, 1, '2024-07-24 00:00:00', '127.0.0.1', 1),
(2561, 4, 1369, '0', NULL, NULL, NULL, '0', NULL, NULL, 1, 1, '2024-07-24 00:00:00', '127.0.0.1', 1),
(2562, 4, 1369, '1', NULL, NULL, NULL, '1', NULL, NULL, 2, 1, '2024-07-24 00:00:00', '127.0.0.1', 1),
(2563, 4, 1369, '2', NULL, NULL, NULL, '2', NULL, NULL, 3, 1, '2024-07-24 00:00:00', '127.0.0.1', 1),
(2564, 4, 1369, '3', NULL, NULL, NULL, '3', NULL, NULL, 4, 1, '2024-07-24 00:00:00', '127.0.0.1', 1),
(2565, 4, 1369, '4', NULL, NULL, NULL, '4', NULL, NULL, 5, 1, '2024-07-24 00:00:00', '127.0.0.1', 1),
(2566, 4, 1369, '5', NULL, NULL, NULL, '5', NULL, NULL, 6, 1, '2024-07-24 00:00:00', '127.0.0.1', 1),
(2567, 4, 1369, '6', NULL, NULL, NULL, '6', NULL, NULL, 7, 1, '2024-07-24 00:00:00', '127.0.0.1', 1),
(2568, 4, 1369, '7', NULL, NULL, NULL, '7', NULL, NULL, 8, 1, '2024-07-24 00:00:00', '127.0.0.1', 1),
(2569, 4, 1369, '8', NULL, NULL, NULL, '8', NULL, NULL, 9, 1, '2024-07-24 00:00:00', '127.0.0.1', 1),
(2570, 4, 1369, '9', NULL, NULL, NULL, '9', NULL, NULL, 10, 1, '2024-07-24 00:00:00', '127.0.0.1', 1),
(2571, 4, 1369, '10', NULL, NULL, NULL, '10', NULL, NULL, 11, 1, '2024-07-24 00:00:00', '127.0.0.1', 1),
(2572, 4, 1371, '0', NULL, NULL, NULL, '0', NULL, NULL, 1, 1, '2024-07-24 00:00:00', '127.0.0.1', 1),
(2573, 4, 1371, '1', NULL, NULL, NULL, '1', NULL, NULL, 2, 1, '2024-07-24 00:00:00', '127.0.0.1', 1),
(2574, 4, 1371, '2', NULL, NULL, NULL, '2', NULL, NULL, 3, 1, '2024-07-24 00:00:00', '127.0.0.1', 1),
(2575, 4, 1371, '3', NULL, NULL, NULL, '3', NULL, NULL, 4, 1, '2024-07-24 00:00:00', '127.0.0.1', 1),
(2576, 4, 1371, '4', NULL, NULL, NULL, '4', NULL, NULL, 5, 1, '2024-07-24 00:00:00', '127.0.0.1', 1),
(2577, 4, 1371, '5', NULL, NULL, NULL, '5', NULL, NULL, 6, 1, '2024-07-24 00:00:00', '127.0.0.1', 1),
(2578, 4, 1371, '6', NULL, NULL, NULL, '6', NULL, NULL, 7, 1, '2024-07-24 00:00:00', '127.0.0.1', 1),
(2579, 4, 1371, '7', NULL, NULL, NULL, '7', NULL, NULL, 8, 1, '2024-07-24 00:00:00', '127.0.0.1', 1),
(2580, 4, 1371, '8', NULL, NULL, NULL, '8', NULL, NULL, 9, 1, '2024-07-24 00:00:00', '127.0.0.1', 1),
(2581, 4, 1371, '9', NULL, NULL, NULL, '9', NULL, NULL, 10, 1, '2024-07-24 00:00:00', '127.0.0.1', 1),
(2582, 4, 1371, '10', NULL, NULL, NULL, '10', NULL, NULL, 11, 1, '2024-07-24 00:00:00', '127.0.0.1', 1),
(2583, 4, 1374, '0', NULL, NULL, NULL, '0', NULL, NULL, 1, 1, '2024-07-24 00:00:00', '127.0.0.1', 1),
(2584, 4, 1374, '1', NULL, NULL, NULL, '1', NULL, NULL, 2, 1, '2024-07-24 00:00:00', '127.0.0.1', 1),
(2585, 4, 1374, '2', NULL, NULL, NULL, '2', NULL, NULL, 3, 1, '2024-07-24 00:00:00', '127.0.0.1', 1),
(2586, 4, 1374, '3', NULL, NULL, NULL, '3', NULL, NULL, 4, 1, '2024-07-24 00:00:00', '127.0.0.1', 1),
(2587, 4, 1374, '4', NULL, NULL, NULL, '4', NULL, NULL, 5, 1, '2024-07-24 00:00:00', '127.0.0.1', 1),
(2588, 4, 1374, '5', NULL, NULL, NULL, '5', NULL, NULL, 6, 1, '2024-07-24 00:00:00', '127.0.0.1', 1),
(2589, 4, 1374, '6', NULL, NULL, NULL, '6', NULL, NULL, 7, 1, '2024-07-24 00:00:00', '127.0.0.1', 1),
(2590, 4, 1374, '7', NULL, NULL, NULL, '7', NULL, NULL, 8, 1, '2024-07-24 00:00:00', '127.0.0.1', 1),
(2591, 4, 1374, '8', NULL, NULL, NULL, '8', NULL, NULL, 9, 1, '2024-07-24 00:00:00', '127.0.0.1', 1),
(2592, 4, 1374, '9', NULL, NULL, NULL, '9', NULL, NULL, 10, 1, '2024-07-24 00:00:00', '127.0.0.1', 1),
(2593, 4, 1374, '10', NULL, NULL, NULL, '10', NULL, NULL, 11, 1, '2024-07-24 00:00:00', '127.0.0.1', 1),
(2594, 4, 1376, '0', NULL, NULL, NULL, '0', NULL, NULL, 1, 1, '2024-07-24 00:00:00', '127.0.0.1', 1),
(2595, 4, 1376, '1', NULL, NULL, NULL, '1', NULL, NULL, 2, 1, '2024-07-24 00:00:00', '127.0.0.1', 1),
(2596, 4, 1376, '2', NULL, NULL, NULL, '2', NULL, NULL, 3, 1, '2024-07-24 00:00:00', '127.0.0.1', 1),
(2597, 4, 1376, '3', NULL, NULL, NULL, '3', NULL, NULL, 4, 1, '2024-07-24 00:00:00', '127.0.0.1', 1),
(2598, 4, 1376, '4', NULL, NULL, NULL, '4', NULL, NULL, 5, 1, '2024-07-24 00:00:00', '127.0.0.1', 1),
(2599, 4, 1376, '5', NULL, NULL, NULL, '5', NULL, NULL, 6, 1, '2024-07-24 00:00:00', '127.0.0.1', 1),
(2600, 4, 1376, '6', NULL, NULL, NULL, '6', NULL, NULL, 7, 1, '2024-07-24 00:00:00', '127.0.0.1', 1),
(2601, 4, 1376, '7', NULL, NULL, NULL, '7', NULL, NULL, 8, 1, '2024-07-24 00:00:00', '127.0.0.1', 1),
(2602, 4, 1376, '8', NULL, NULL, NULL, '8', NULL, NULL, 9, 1, '2024-07-24 00:00:00', '127.0.0.1', 1),
(2603, 4, 1376, '9', NULL, NULL, NULL, '9', NULL, NULL, 10, 1, '2024-07-24 00:00:00', '127.0.0.1', 1),
(2604, 4, 1376, '10', NULL, NULL, NULL, '10', NULL, NULL, 11, 1, '2024-07-24 00:00:00', '127.0.0.1', 1),
(2605, 4, 1378, '0', NULL, NULL, NULL, '0', NULL, NULL, 1, 1, '2024-07-24 00:00:00', '127.0.0.1', 1),
(2606, 4, 1378, '1', NULL, NULL, NULL, '1', NULL, NULL, 2, 1, '2024-07-24 00:00:00', '127.0.0.1', 1),
(2607, 4, 1378, '2', NULL, NULL, NULL, '2', NULL, NULL, 3, 1, '2024-07-24 00:00:00', '127.0.0.1', 1),
(2608, 4, 1378, '3', NULL, NULL, NULL, '3', NULL, NULL, 4, 1, '2024-07-24 00:00:00', '127.0.0.1', 1),
(2609, 4, 1378, '4', NULL, NULL, NULL, '4', NULL, NULL, 5, 1, '2024-07-24 00:00:00', '127.0.0.1', 1),
(2610, 4, 1378, '5', NULL, NULL, NULL, '5', NULL, NULL, 6, 1, '2024-07-24 00:00:00', '127.0.0.1', 1),
(2611, 4, 1378, '6', NULL, NULL, NULL, '6', NULL, NULL, 7, 1, '2024-07-24 00:00:00', '127.0.0.1', 1),
(2612, 4, 1378, '7', NULL, NULL, NULL, '7', NULL, NULL, 8, 1, '2024-07-24 00:00:00', '127.0.0.1', 1),
(2613, 4, 1378, '8', NULL, NULL, NULL, '8', NULL, NULL, 9, 1, '2024-07-24 00:00:00', '127.0.0.1', 1),
(2614, 4, 1378, '9', NULL, NULL, NULL, '9', NULL, NULL, 10, 1, '2024-07-24 00:00:00', '127.0.0.1', 1),
(2615, 4, 1378, '10', NULL, NULL, NULL, '10', NULL, NULL, 11, 1, '2024-07-24 00:00:00', '127.0.0.1', 1),
(2616, 4, 1380, '0', NULL, NULL, NULL, '0', NULL, NULL, 1, 1, '2024-07-24 00:00:00', '127.0.0.1', 1),
(2617, 4, 1380, '1', NULL, NULL, NULL, '1', NULL, NULL, 2, 1, '2024-07-24 00:00:00', '127.0.0.1', 1),
(2618, 4, 1380, '2', NULL, NULL, NULL, '2', NULL, NULL, 3, 1, '2024-07-24 00:00:00', '127.0.0.1', 1),
(2619, 4, 1380, '3', NULL, NULL, NULL, '3', NULL, NULL, 4, 1, '2024-07-24 00:00:00', '127.0.0.1', 1),
(2620, 4, 1380, '4', NULL, NULL, NULL, '4', NULL, NULL, 5, 1, '2024-07-24 00:00:00', '127.0.0.1', 1),
(2621, 4, 1380, '5', NULL, NULL, NULL, '5', NULL, NULL, 6, 1, '2024-07-24 00:00:00', '127.0.0.1', 1),
(2622, 4, 1380, '6', NULL, NULL, NULL, '6', NULL, NULL, 7, 1, '2024-07-24 00:00:00', '127.0.0.1', 1),
(2623, 4, 1380, '7', NULL, NULL, NULL, '7', NULL, NULL, 8, 1, '2024-07-24 00:00:00', '127.0.0.1', 1),
(2624, 4, 1380, '8', NULL, NULL, NULL, '8', NULL, NULL, 9, 1, '2024-07-24 00:00:00', '127.0.0.1', 1),
(2625, 4, 1380, '9', NULL, NULL, NULL, '9', NULL, NULL, 10, 1, '2024-07-24 00:00:00', '127.0.0.1', 1),
(2626, 4, 1380, '10', NULL, NULL, NULL, '10', NULL, NULL, 11, 1, '2024-07-24 00:00:00', '127.0.0.1', 1),
(2627, 4, 1382, '0', NULL, NULL, NULL, '0', NULL, NULL, 1, 1, '2024-07-24 00:00:00', '127.0.0.1', 1),
(2628, 4, 1382, '1', NULL, NULL, NULL, '1', NULL, NULL, 2, 1, '2024-07-24 00:00:00', '127.0.0.1', 1),
(2629, 4, 1382, '2', NULL, NULL, NULL, '2', NULL, NULL, 3, 1, '2024-07-24 00:00:00', '127.0.0.1', 1),
(2630, 4, 1382, '3', NULL, NULL, NULL, '3', NULL, NULL, 4, 1, '2024-07-24 00:00:00', '127.0.0.1', 1),
(2631, 4, 1382, '4', NULL, NULL, NULL, '4', NULL, NULL, 5, 1, '2024-07-24 00:00:00', '127.0.0.1', 1),
(2632, 4, 1382, '5', NULL, NULL, NULL, '5', NULL, NULL, 6, 1, '2024-07-24 00:00:00', '127.0.0.1', 1),
(2633, 4, 1382, '6', NULL, NULL, NULL, '6', NULL, NULL, 7, 1, '2024-07-24 00:00:00', '127.0.0.1', 1),
(2634, 4, 1382, '7', NULL, NULL, NULL, '7', NULL, NULL, 8, 1, '2024-07-24 00:00:00', '127.0.0.1', 1),
(2635, 4, 1382, '8', NULL, NULL, NULL, '8', NULL, NULL, 9, 1, '2024-07-24 00:00:00', '127.0.0.1', 1),
(2636, 4, 1382, '9', NULL, NULL, NULL, '9', NULL, NULL, 10, 1, '2024-07-24 00:00:00', '127.0.0.1', 1),
(2637, 4, 1382, '10', NULL, NULL, NULL, '10', NULL, NULL, 11, 1, '2024-07-24 00:00:00', '127.0.0.1', 1),
(2638, 4, 1385, '0', NULL, NULL, NULL, '0', NULL, NULL, 1, 1, '2024-07-24 00:00:00', '127.0.0.1', 1),
(2639, 4, 1385, '1', NULL, NULL, NULL, '1', NULL, NULL, 2, 1, '2024-07-24 00:00:00', '127.0.0.1', 1),
(2640, 4, 1385, '2', NULL, NULL, NULL, '2', NULL, NULL, 3, 1, '2024-07-24 00:00:00', '127.0.0.1', 1),
(2641, 4, 1385, '3', NULL, NULL, NULL, '3', NULL, NULL, 4, 1, '2024-07-24 00:00:00', '127.0.0.1', 1),
(2642, 4, 1385, '4', NULL, NULL, NULL, '4', NULL, NULL, 5, 1, '2024-07-24 00:00:00', '127.0.0.1', 1),
(2643, 4, 1385, '5', NULL, NULL, NULL, '5', NULL, NULL, 6, 1, '2024-07-24 00:00:00', '127.0.0.1', 1),
(2644, 4, 1385, '6', NULL, NULL, NULL, '6', NULL, NULL, 7, 1, '2024-07-24 00:00:00', '127.0.0.1', 1),
(2645, 4, 1385, '7', NULL, NULL, NULL, '7', NULL, NULL, 8, 1, '2024-07-24 00:00:00', '127.0.0.1', 1),
(2646, 4, 1385, '8', NULL, NULL, NULL, '8', NULL, NULL, 9, 1, '2024-07-24 00:00:00', '127.0.0.1', 1),
(2647, 4, 1385, '9', NULL, NULL, NULL, '9', NULL, NULL, 10, 1, '2024-07-24 00:00:00', '127.0.0.1', 1),
(2648, 4, 1385, '10', NULL, NULL, NULL, '10', NULL, NULL, 11, 1, '2024-07-24 00:00:00', '127.0.0.1', 1),
(2649, 4, 1387, '0', NULL, NULL, NULL, '0', NULL, NULL, 1, 1, '2024-07-24 00:00:00', '127.0.0.1', 1),
(2650, 4, 1387, '1', NULL, NULL, NULL, '1', NULL, NULL, 2, 1, '2024-07-24 00:00:00', '127.0.0.1', 1),
(2651, 4, 1387, '2', NULL, NULL, NULL, '2', NULL, NULL, 3, 1, '2024-07-24 00:00:00', '127.0.0.1', 1),
(2652, 4, 1387, '3', NULL, NULL, NULL, '3', NULL, NULL, 4, 1, '2024-07-24 00:00:00', '127.0.0.1', 1),
(2653, 4, 1387, '4', NULL, NULL, NULL, '4', NULL, NULL, 5, 1, '2024-07-24 00:00:00', '127.0.0.1', 1),
(2654, 4, 1387, '5', NULL, NULL, NULL, '5', NULL, NULL, 6, 1, '2024-07-24 00:00:00', '127.0.0.1', 1),
(2655, 4, 1387, '6', NULL, NULL, NULL, '6', NULL, NULL, 7, 1, '2024-07-24 00:00:00', '127.0.0.1', 1),
(2656, 4, 1387, '7', NULL, NULL, NULL, '7', NULL, NULL, 8, 1, '2024-07-24 00:00:00', '127.0.0.1', 1),
(2657, 4, 1387, '8', NULL, NULL, NULL, '8', NULL, NULL, 9, 1, '2024-07-24 00:00:00', '127.0.0.1', 1),
(2658, 4, 1387, '9', NULL, NULL, NULL, '9', NULL, NULL, 10, 1, '2024-07-24 00:00:00', '127.0.0.1', 1),
(2659, 4, 1387, '10', NULL, NULL, NULL, '10', NULL, NULL, 11, 1, '2024-07-24 00:00:00', '127.0.0.1', 1),
(2660, 4, 1390, '0', NULL, NULL, NULL, '0', NULL, NULL, 1, 1, '2024-07-24 00:00:00', '127.0.0.1', 1),
(2661, 4, 1390, '1', NULL, NULL, NULL, '1', NULL, NULL, 2, 1, '2024-07-24 00:00:00', '127.0.0.1', 1),
(2662, 4, 1390, '2', NULL, NULL, NULL, '2', NULL, NULL, 3, 1, '2024-07-24 00:00:00', '127.0.0.1', 1),
(2663, 4, 1390, '3', NULL, NULL, NULL, '3', NULL, NULL, 4, 1, '2024-07-24 00:00:00', '127.0.0.1', 1),
(2664, 4, 1390, '4', NULL, NULL, NULL, '4', NULL, NULL, 5, 1, '2024-07-24 00:00:00', '127.0.0.1', 1),
(2665, 4, 1390, '5', NULL, NULL, NULL, '5', NULL, NULL, 6, 1, '2024-07-24 00:00:00', '127.0.0.1', 1),
(2666, 4, 1390, '6', NULL, NULL, NULL, '6', NULL, NULL, 7, 1, '2024-07-24 00:00:00', '127.0.0.1', 1),
(2667, 4, 1390, '7', NULL, NULL, NULL, '7', NULL, NULL, 8, 1, '2024-07-24 00:00:00', '127.0.0.1', 1),
(2668, 4, 1390, '8', NULL, NULL, NULL, '8', NULL, NULL, 9, 1, '2024-07-24 00:00:00', '127.0.0.1', 1),
(2669, 4, 1390, '9', NULL, NULL, NULL, '9', NULL, NULL, 10, 1, '2024-07-24 00:00:00', '127.0.0.1', 1),
(2670, 4, 1390, '10', NULL, NULL, NULL, '10', NULL, NULL, 11, 1, '2024-07-24 00:00:00', '127.0.0.1', 1),
(2671, 4, 1392, '0', NULL, NULL, NULL, '0', NULL, NULL, 1, 1, '2024-07-24 00:00:00', '127.0.0.1', 1),
(2672, 4, 1392, '1', NULL, NULL, NULL, '1', NULL, NULL, 2, 1, '2024-07-24 00:00:00', '127.0.0.1', 1),
(2673, 4, 1392, '2', NULL, NULL, NULL, '2', NULL, NULL, 3, 1, '2024-07-24 00:00:00', '127.0.0.1', 1),
(2674, 4, 1392, '3', NULL, NULL, NULL, '3', NULL, NULL, 4, 1, '2024-07-24 00:00:00', '127.0.0.1', 1),
(2675, 4, 1392, '4', NULL, NULL, NULL, '4', NULL, NULL, 5, 1, '2024-07-24 00:00:00', '127.0.0.1', 1),
(2676, 4, 1392, '5', NULL, NULL, NULL, '5', NULL, NULL, 6, 1, '2024-07-24 00:00:00', '127.0.0.1', 1),
(2677, 4, 1392, '6', NULL, NULL, NULL, '6', NULL, NULL, 7, 1, '2024-07-24 00:00:00', '127.0.0.1', 1),
(2678, 4, 1392, '7', NULL, NULL, NULL, '7', NULL, NULL, 8, 1, '2024-07-24 00:00:00', '127.0.0.1', 1),
(2679, 4, 1392, '8', NULL, NULL, NULL, '8', NULL, NULL, 9, 1, '2024-07-24 00:00:00', '127.0.0.1', 1),
(2680, 4, 1392, '9', NULL, NULL, NULL, '9', NULL, NULL, 10, 1, '2024-07-24 00:00:00', '127.0.0.1', 1),
(2681, 4, 1392, '10', NULL, NULL, NULL, '10', NULL, NULL, 11, 1, '2024-07-24 00:00:00', '127.0.0.1', 1),
(2682, 4, 1394, '0', NULL, NULL, NULL, '0', NULL, NULL, 1, 1, '2024-07-24 00:00:00', '127.0.0.1', 1),
(2683, 4, 1394, '1', NULL, NULL, NULL, '1', NULL, NULL, 2, 1, '2024-07-24 00:00:00', '127.0.0.1', 1),
(2684, 4, 1394, '2', NULL, NULL, NULL, '2', NULL, NULL, 3, 1, '2024-07-24 00:00:00', '127.0.0.1', 1),
(2685, 4, 1394, '3', NULL, NULL, NULL, '3', NULL, NULL, 4, 1, '2024-07-24 00:00:00', '127.0.0.1', 1),
(2686, 4, 1394, '4', NULL, NULL, NULL, '4', NULL, NULL, 5, 1, '2024-07-24 00:00:00', '127.0.0.1', 1),
(2687, 4, 1394, '5', NULL, NULL, NULL, '5', NULL, NULL, 6, 1, '2024-07-24 00:00:00', '127.0.0.1', 1),
(2688, 4, 1394, '6', NULL, NULL, NULL, '6', NULL, NULL, 7, 1, '2024-07-24 00:00:00', '127.0.0.1', 1),
(2689, 4, 1394, '7', NULL, NULL, NULL, '7', NULL, NULL, 8, 1, '2024-07-24 00:00:00', '127.0.0.1', 1),
(2690, 4, 1394, '8', NULL, NULL, NULL, '8', NULL, NULL, 9, 1, '2024-07-24 00:00:00', '127.0.0.1', 1),
(2691, 4, 1394, '9', NULL, NULL, NULL, '9', NULL, NULL, 10, 1, '2024-07-24 00:00:00', '127.0.0.1', 1),
(2692, 4, 1394, '10', NULL, NULL, NULL, '10', NULL, NULL, 11, 1, '2024-07-24 00:00:00', '127.0.0.1', 1),
(2693, 4, 1396, '0', NULL, NULL, NULL, '0', NULL, NULL, 1, 1, '2024-07-24 00:00:00', '127.0.0.1', 1),
(2694, 4, 1396, '1', NULL, NULL, NULL, '1', NULL, NULL, 2, 1, '2024-07-24 00:00:00', '127.0.0.1', 1),
(2695, 4, 1396, '2', NULL, NULL, NULL, '2', NULL, NULL, 3, 1, '2024-07-24 00:00:00', '127.0.0.1', 1),
(2696, 4, 1396, '3', NULL, NULL, NULL, '3', NULL, NULL, 4, 1, '2024-07-24 00:00:00', '127.0.0.1', 1),
(2697, 4, 1396, '4', NULL, NULL, NULL, '4', NULL, NULL, 5, 1, '2024-07-24 00:00:00', '127.0.0.1', 1),
(2698, 4, 1396, '5', NULL, NULL, NULL, '5', NULL, NULL, 6, 1, '2024-07-24 00:00:00', '127.0.0.1', 1),
(2699, 4, 1396, '6', NULL, NULL, NULL, '6', NULL, NULL, 7, 1, '2024-07-24 00:00:00', '127.0.0.1', 1),
(2700, 4, 1396, '7', NULL, NULL, NULL, '7', NULL, NULL, 8, 1, '2024-07-24 00:00:00', '127.0.0.1', 1),
(2701, 4, 1396, '8', NULL, NULL, NULL, '8', NULL, NULL, 9, 1, '2024-07-24 00:00:00', '127.0.0.1', 1),
(2702, 4, 1396, '9', NULL, NULL, NULL, '9', NULL, NULL, 10, 1, '2024-07-24 00:00:00', '127.0.0.1', 1),
(2703, 4, 1396, '10', NULL, NULL, NULL, '10', NULL, NULL, 11, 1, '2024-07-24 00:00:00', '127.0.0.1', 1),
(2704, 4, 1398, '0', NULL, NULL, NULL, '0', NULL, NULL, 1, 1, '2024-07-24 00:00:00', '127.0.0.1', 1),
(2705, 4, 1398, '1', NULL, NULL, NULL, '1', NULL, NULL, 2, 1, '2024-07-24 00:00:00', '127.0.0.1', 1),
(2706, 4, 1398, '2', NULL, NULL, NULL, '2', NULL, NULL, 3, 1, '2024-07-24 00:00:00', '127.0.0.1', 1),
(2707, 4, 1398, '3', NULL, NULL, NULL, '3', NULL, NULL, 4, 1, '2024-07-24 00:00:00', '127.0.0.1', 1),
(2708, 4, 1398, '4', NULL, NULL, NULL, '4', NULL, NULL, 5, 1, '2024-07-24 00:00:00', '127.0.0.1', 1),
(2709, 4, 1398, '5', NULL, NULL, NULL, '5', NULL, NULL, 6, 1, '2024-07-24 00:00:00', '127.0.0.1', 1),
(2710, 4, 1398, '6', NULL, NULL, NULL, '6', NULL, NULL, 7, 1, '2024-07-24 00:00:00', '127.0.0.1', 1),
(2711, 4, 1398, '7', NULL, NULL, NULL, '7', NULL, NULL, 8, 1, '2024-07-24 00:00:00', '127.0.0.1', 1),
(2712, 4, 1398, '8', NULL, NULL, NULL, '8', NULL, NULL, 9, 1, '2024-07-24 00:00:00', '127.0.0.1', 1),
(2713, 4, 1398, '9', NULL, NULL, NULL, '9', NULL, NULL, 10, 1, '2024-07-24 00:00:00', '127.0.0.1', 1),
(2714, 4, 1398, '10', NULL, NULL, NULL, '10', NULL, NULL, 11, 1, '2024-07-24 00:00:00', '127.0.0.1', 1),
(2715, 4, 1401, '0', NULL, NULL, NULL, '0', NULL, NULL, 1, 1, '2024-07-24 00:00:00', '127.0.0.1', 1),
(2716, 4, 1401, '1', NULL, NULL, NULL, '1', NULL, NULL, 2, 1, '2024-07-24 00:00:00', '127.0.0.1', 1),
(2717, 4, 1401, '2', NULL, NULL, NULL, '2', NULL, NULL, 3, 1, '2024-07-24 00:00:00', '127.0.0.1', 1),
(2718, 4, 1401, '3', NULL, NULL, NULL, '3', NULL, NULL, 4, 1, '2024-07-24 00:00:00', '127.0.0.1', 1),
(2719, 4, 1401, '4', NULL, NULL, NULL, '4', NULL, NULL, 5, 1, '2024-07-24 00:00:00', '127.0.0.1', 1),
(2720, 4, 1401, '5', NULL, NULL, NULL, '5', NULL, NULL, 6, 1, '2024-07-24 00:00:00', '127.0.0.1', 1),
(2721, 4, 1401, '6', NULL, NULL, NULL, '6', NULL, NULL, 7, 1, '2024-07-24 00:00:00', '127.0.0.1', 1),
(2722, 4, 1401, '7', NULL, NULL, NULL, '7', NULL, NULL, 8, 1, '2024-07-24 00:00:00', '127.0.0.1', 1),
(2723, 4, 1401, '8', NULL, NULL, NULL, '8', NULL, NULL, 9, 1, '2024-07-24 00:00:00', '127.0.0.1', 1),
(2724, 4, 1401, '9', NULL, NULL, NULL, '9', NULL, NULL, 10, 1, '2024-07-24 00:00:00', '127.0.0.1', 1),
(2725, 4, 1401, '10', NULL, NULL, NULL, '10', NULL, NULL, 11, 1, '2024-07-24 00:00:00', '127.0.0.1', 1),
(2726, 4, 1403, '0', NULL, NULL, NULL, '0', NULL, NULL, 1, 1, '2024-07-24 00:00:00', '127.0.0.1', 1),
(2727, 4, 1403, '1', NULL, NULL, NULL, '1', NULL, NULL, 2, 1, '2024-07-24 00:00:00', '127.0.0.1', 1),
(2728, 4, 1403, '2', NULL, NULL, NULL, '2', NULL, NULL, 3, 1, '2024-07-24 00:00:00', '127.0.0.1', 1),
(2729, 4, 1403, '3', NULL, NULL, NULL, '3', NULL, NULL, 4, 1, '2024-07-24 00:00:00', '127.0.0.1', 1),
(2730, 4, 1403, '4', NULL, NULL, NULL, '4', NULL, NULL, 5, 1, '2024-07-24 00:00:00', '127.0.0.1', 1),
(2731, 4, 1403, '5', NULL, NULL, NULL, '5', NULL, NULL, 6, 1, '2024-07-24 00:00:00', '127.0.0.1', 1),
(2732, 4, 1403, '6', NULL, NULL, NULL, '6', NULL, NULL, 7, 1, '2024-07-24 00:00:00', '127.0.0.1', 1),
(2733, 4, 1403, '7', NULL, NULL, NULL, '7', NULL, NULL, 8, 1, '2024-07-24 00:00:00', '127.0.0.1', 1),
(2734, 4, 1403, '8', NULL, NULL, NULL, '8', NULL, NULL, 9, 1, '2024-07-24 00:00:00', '127.0.0.1', 1),
(2735, 4, 1403, '9', NULL, NULL, NULL, '9', NULL, NULL, 10, 1, '2024-07-24 00:00:00', '127.0.0.1', 1),
(2736, 4, 1403, '10', NULL, NULL, NULL, '10', NULL, NULL, 11, 1, '2024-07-24 00:00:00', '127.0.0.1', 1),
(2737, 4, 1406, '0', NULL, NULL, NULL, '0', NULL, NULL, 1, 1, '2024-07-24 00:00:00', '127.0.0.1', 1),
(2738, 4, 1406, '1', NULL, NULL, NULL, '1', NULL, NULL, 2, 1, '2024-07-24 00:00:00', '127.0.0.1', 1),
(2739, 4, 1406, '2', NULL, NULL, NULL, '2', NULL, NULL, 3, 1, '2024-07-24 00:00:00', '127.0.0.1', 1),
(2740, 4, 1406, '3', NULL, NULL, NULL, '3', NULL, NULL, 4, 1, '2024-07-24 00:00:00', '127.0.0.1', 1),
(2741, 4, 1406, '4', NULL, NULL, NULL, '4', NULL, NULL, 5, 1, '2024-07-24 00:00:00', '127.0.0.1', 1),
(2742, 4, 1406, '5', NULL, NULL, NULL, '5', NULL, NULL, 6, 1, '2024-07-24 00:00:00', '127.0.0.1', 1),
(2743, 4, 1406, '6', NULL, NULL, NULL, '6', NULL, NULL, 7, 1, '2024-07-24 00:00:00', '127.0.0.1', 1),
(2744, 4, 1406, '7', NULL, NULL, NULL, '7', NULL, NULL, 8, 1, '2024-07-24 00:00:00', '127.0.0.1', 1),
(2745, 4, 1406, '8', NULL, NULL, NULL, '8', NULL, NULL, 9, 1, '2024-07-24 00:00:00', '127.0.0.1', 1),
(2746, 4, 1406, '9', NULL, NULL, NULL, '9', NULL, NULL, 10, 1, '2024-07-24 00:00:00', '127.0.0.1', 1),
(2747, 4, 1406, '10', NULL, NULL, NULL, '10', NULL, NULL, 11, 1, '2024-07-24 00:00:00', '127.0.0.1', 1),
(2748, 4, 1408, '0', NULL, NULL, NULL, '0', NULL, NULL, 1, 1, '2024-07-24 00:00:00', '127.0.0.1', 1),
(2749, 4, 1408, '1', NULL, NULL, NULL, '1', NULL, NULL, 2, 1, '2024-07-24 00:00:00', '127.0.0.1', 1),
(2750, 4, 1408, '2', NULL, NULL, NULL, '2', NULL, NULL, 3, 1, '2024-07-24 00:00:00', '127.0.0.1', 1),
(2751, 4, 1408, '3', NULL, NULL, NULL, '3', NULL, NULL, 4, 1, '2024-07-24 00:00:00', '127.0.0.1', 1),
(2752, 4, 1408, '4', NULL, NULL, NULL, '4', NULL, NULL, 5, 1, '2024-07-24 00:00:00', '127.0.0.1', 1),
(2753, 4, 1408, '5', NULL, NULL, NULL, '5', NULL, NULL, 6, 1, '2024-07-24 00:00:00', '127.0.0.1', 1),
(2754, 4, 1408, '6', NULL, NULL, NULL, '6', NULL, NULL, 7, 1, '2024-07-24 00:00:00', '127.0.0.1', 1),
(2755, 4, 1408, '7', NULL, NULL, NULL, '7', NULL, NULL, 8, 1, '2024-07-24 00:00:00', '127.0.0.1', 1),
(2756, 4, 1408, '8', NULL, NULL, NULL, '8', NULL, NULL, 9, 1, '2024-07-24 00:00:00', '127.0.0.1', 1),
(2757, 4, 1408, '9', NULL, NULL, NULL, '9', NULL, NULL, 10, 1, '2024-07-24 00:00:00', '127.0.0.1', 1),
(2758, 4, 1408, '10', NULL, NULL, NULL, '10', NULL, NULL, 11, 1, '2024-07-24 00:00:00', '127.0.0.1', 1),
(2759, 4, 1410, '0', NULL, NULL, NULL, '0', NULL, NULL, 1, 1, '2024-07-24 00:00:00', '127.0.0.1', 1),
(2760, 4, 1410, '1', NULL, NULL, NULL, '1', NULL, NULL, 2, 1, '2024-07-24 00:00:00', '127.0.0.1', 1),
(2761, 4, 1410, '2', NULL, NULL, NULL, '2', NULL, NULL, 3, 1, '2024-07-24 00:00:00', '127.0.0.1', 1),
(2762, 4, 1410, '3', NULL, NULL, NULL, '3', NULL, NULL, 4, 1, '2024-07-24 00:00:00', '127.0.0.1', 1),
(2763, 4, 1410, '4', NULL, NULL, NULL, '4', NULL, NULL, 5, 1, '2024-07-24 00:00:00', '127.0.0.1', 1),
(2764, 4, 1410, '5', NULL, NULL, NULL, '5', NULL, NULL, 6, 1, '2024-07-24 00:00:00', '127.0.0.1', 1),
(2765, 4, 1410, '6', NULL, NULL, NULL, '6', NULL, NULL, 7, 1, '2024-07-24 00:00:00', '127.0.0.1', 1),
(2766, 4, 1410, '7', NULL, NULL, NULL, '7', NULL, NULL, 8, 1, '2024-07-24 00:00:00', '127.0.0.1', 1),
(2767, 4, 1410, '8', NULL, NULL, NULL, '8', NULL, NULL, 9, 1, '2024-07-24 00:00:00', '127.0.0.1', 1),
(2768, 4, 1410, '9', NULL, NULL, NULL, '9', NULL, NULL, 10, 1, '2024-07-24 00:00:00', '127.0.0.1', 1),
(2769, 4, 1410, '10', NULL, NULL, NULL, '10', NULL, NULL, 11, 1, '2024-07-24 00:00:00', '127.0.0.1', 1),
(2770, 4, 1412, '0', NULL, NULL, NULL, '0', NULL, NULL, 1, 1, '2024-07-24 00:00:00', '127.0.0.1', 1),
(2771, 4, 1412, '1', NULL, NULL, NULL, '1', NULL, NULL, 2, 1, '2024-07-24 00:00:00', '127.0.0.1', 1),
(2772, 4, 1412, '2', NULL, NULL, NULL, '2', NULL, NULL, 3, 1, '2024-07-24 00:00:00', '127.0.0.1', 1),
(2773, 4, 1412, '3', NULL, NULL, NULL, '3', NULL, NULL, 4, 1, '2024-07-24 00:00:00', '127.0.0.1', 1),
(2774, 4, 1412, '4', NULL, NULL, NULL, '4', NULL, NULL, 5, 1, '2024-07-24 00:00:00', '127.0.0.1', 1),
(2775, 4, 1412, '5', NULL, NULL, NULL, '5', NULL, NULL, 6, 1, '2024-07-24 00:00:00', '127.0.0.1', 1),
(2776, 4, 1412, '6', NULL, NULL, NULL, '6', NULL, NULL, 7, 1, '2024-07-24 00:00:00', '127.0.0.1', 1),
(2777, 4, 1412, '7', NULL, NULL, NULL, '7', NULL, NULL, 8, 1, '2024-07-24 00:00:00', '127.0.0.1', 1),
(2778, 4, 1412, '8', NULL, NULL, NULL, '8', NULL, NULL, 9, 1, '2024-07-24 00:00:00', '127.0.0.1', 1),
(2779, 4, 1412, '9', NULL, NULL, NULL, '9', NULL, NULL, 10, 1, '2024-07-24 00:00:00', '127.0.0.1', 1),
(2780, 4, 1412, '10', NULL, NULL, NULL, '10', NULL, NULL, 11, 1, '2024-07-24 00:00:00', '127.0.0.1', 1),
(2781, 4, 1414, '0', NULL, NULL, NULL, '0', NULL, NULL, 1, 1, '2024-07-24 00:00:00', '127.0.0.1', 1),
(2782, 4, 1414, '1', NULL, NULL, NULL, '1', NULL, NULL, 2, 1, '2024-07-24 00:00:00', '127.0.0.1', 1),
(2783, 4, 1414, '2', NULL, NULL, NULL, '2', NULL, NULL, 3, 1, '2024-07-24 00:00:00', '127.0.0.1', 1),
(2784, 4, 1414, '3', NULL, NULL, NULL, '3', NULL, NULL, 4, 1, '2024-07-24 00:00:00', '127.0.0.1', 1),
(2785, 4, 1414, '4', NULL, NULL, NULL, '4', NULL, NULL, 5, 1, '2024-07-24 00:00:00', '127.0.0.1', 1),
(2786, 4, 1414, '5', NULL, NULL, NULL, '5', NULL, NULL, 6, 1, '2024-07-24 00:00:00', '127.0.0.1', 1),
(2787, 4, 1414, '6', NULL, NULL, NULL, '6', NULL, NULL, 7, 1, '2024-07-24 00:00:00', '127.0.0.1', 1),
(2788, 4, 1414, '7', NULL, NULL, NULL, '7', NULL, NULL, 8, 1, '2024-07-24 00:00:00', '127.0.0.1', 1),
(2789, 4, 1414, '8', NULL, NULL, NULL, '8', NULL, NULL, 9, 1, '2024-07-24 00:00:00', '127.0.0.1', 1),
(2790, 4, 1414, '9', NULL, NULL, NULL, '9', NULL, NULL, 10, 1, '2024-07-24 00:00:00', '127.0.0.1', 1),
(2791, 4, 1414, '10', NULL, NULL, NULL, '10', NULL, NULL, 11, 1, '2024-07-24 00:00:00', '127.0.0.1', 1),
(2792, 4, 1417, '0', NULL, NULL, NULL, '0', NULL, NULL, 1, 1, '2024-07-24 00:00:00', '127.0.0.1', 1),
(2793, 4, 1417, '1', NULL, NULL, NULL, '1', NULL, NULL, 2, 1, '2024-07-24 00:00:00', '127.0.0.1', 1),
(2794, 4, 1417, '2', NULL, NULL, NULL, '2', NULL, NULL, 3, 1, '2024-07-24 00:00:00', '127.0.0.1', 1),
(2795, 4, 1417, '3', NULL, NULL, NULL, '3', NULL, NULL, 4, 1, '2024-07-24 00:00:00', '127.0.0.1', 1),
(2796, 4, 1417, '4', NULL, NULL, NULL, '4', NULL, NULL, 5, 1, '2024-07-24 00:00:00', '127.0.0.1', 1),
(2797, 4, 1417, '5', NULL, NULL, NULL, '5', NULL, NULL, 6, 1, '2024-07-24 00:00:00', '127.0.0.1', 1),
(2798, 4, 1417, '6', NULL, NULL, NULL, '6', NULL, NULL, 7, 1, '2024-07-24 00:00:00', '127.0.0.1', 1),
(2799, 4, 1417, '7', NULL, NULL, NULL, '7', NULL, NULL, 8, 1, '2024-07-24 00:00:00', '127.0.0.1', 1),
(2800, 4, 1417, '8', NULL, NULL, NULL, '8', NULL, NULL, 9, 1, '2024-07-24 00:00:00', '127.0.0.1', 1),
(2801, 4, 1417, '9', NULL, NULL, NULL, '9', NULL, NULL, 10, 1, '2024-07-24 00:00:00', '127.0.0.1', 1),
(2802, 4, 1417, '10', NULL, NULL, NULL, '10', NULL, NULL, 11, 1, '2024-07-24 00:00:00', '127.0.0.1', 1),
(2803, 4, 1419, '0', NULL, NULL, NULL, '0', NULL, NULL, 1, 1, '2024-07-24 00:00:00', '127.0.0.1', 1),
(2804, 4, 1419, '1', NULL, NULL, NULL, '1', NULL, NULL, 2, 1, '2024-07-24 00:00:00', '127.0.0.1', 1),
(2805, 4, 1419, '2', NULL, NULL, NULL, '2', NULL, NULL, 3, 1, '2024-07-24 00:00:00', '127.0.0.1', 1),
(2806, 4, 1419, '3', NULL, NULL, NULL, '3', NULL, NULL, 4, 1, '2024-07-24 00:00:00', '127.0.0.1', 1),
(2807, 4, 1419, '4', NULL, NULL, NULL, '4', NULL, NULL, 5, 1, '2024-07-24 00:00:00', '127.0.0.1', 1),
(2808, 4, 1419, '5', NULL, NULL, NULL, '5', NULL, NULL, 6, 1, '2024-07-24 00:00:00', '127.0.0.1', 1),
(2809, 4, 1419, '6', NULL, NULL, NULL, '6', NULL, NULL, 7, 1, '2024-07-24 00:00:00', '127.0.0.1', 1),
(2810, 4, 1419, '7', NULL, NULL, NULL, '7', NULL, NULL, 8, 1, '2024-07-24 00:00:00', '127.0.0.1', 1),
(2811, 4, 1419, '8', NULL, NULL, NULL, '8', NULL, NULL, 9, 1, '2024-07-24 00:00:00', '127.0.0.1', 1),
(2812, 4, 1419, '9', NULL, NULL, NULL, '9', NULL, NULL, 10, 1, '2024-07-24 00:00:00', '127.0.0.1', 1),
(2813, 4, 1419, '10', NULL, NULL, NULL, '10', NULL, NULL, 11, 1, '2024-07-24 00:00:00', '127.0.0.1', 1),
(2814, 4, 1422, '0', NULL, NULL, NULL, '0', NULL, NULL, 1, 1, '2024-07-24 00:00:00', '127.0.0.1', 1),
(2815, 4, 1422, '1', NULL, NULL, NULL, '1', NULL, NULL, 2, 1, '2024-07-24 00:00:00', '127.0.0.1', 1),
(2816, 4, 1422, '2', NULL, NULL, NULL, '2', NULL, NULL, 3, 1, '2024-07-24 00:00:00', '127.0.0.1', 1),
(2817, 4, 1422, '3', NULL, NULL, NULL, '3', NULL, NULL, 4, 1, '2024-07-24 00:00:00', '127.0.0.1', 1),
(2818, 4, 1422, '4', NULL, NULL, NULL, '4', NULL, NULL, 5, 1, '2024-07-24 00:00:00', '127.0.0.1', 1);
INSERT INTO `form_field_multiple` (`multi_id`, `form_id`, `field_id`, `label`, `label_hindi`, `label_odiya`, `selected`, `value`, `value_hindi`, `value_odiya`, `order_by`, `added_by`, `added_datetime`, `ip_address`, `status`) VALUES
(2819, 4, 1422, '5', NULL, NULL, NULL, '5', NULL, NULL, 6, 1, '2024-07-24 00:00:00', '127.0.0.1', 1),
(2820, 4, 1422, '6', NULL, NULL, NULL, '6', NULL, NULL, 7, 1, '2024-07-24 00:00:00', '127.0.0.1', 1),
(2821, 4, 1422, '7', NULL, NULL, NULL, '7', NULL, NULL, 8, 1, '2024-07-24 00:00:00', '127.0.0.1', 1),
(2822, 4, 1422, '8', NULL, NULL, NULL, '8', NULL, NULL, 9, 1, '2024-07-24 00:00:00', '127.0.0.1', 1),
(2823, 4, 1422, '9', NULL, NULL, NULL, '9', NULL, NULL, 10, 1, '2024-07-24 00:00:00', '127.0.0.1', 1),
(2824, 4, 1422, '10', NULL, NULL, NULL, '10', NULL, NULL, 11, 1, '2024-07-24 00:00:00', '127.0.0.1', 1),
(2825, 4, 1424, '0', NULL, NULL, NULL, '0', NULL, NULL, 1, 1, '2024-07-24 00:00:00', '127.0.0.1', 1),
(2826, 4, 1424, '1', NULL, NULL, NULL, '1', NULL, NULL, 2, 1, '2024-07-24 00:00:00', '127.0.0.1', 1),
(2827, 4, 1424, '2', NULL, NULL, NULL, '2', NULL, NULL, 3, 1, '2024-07-24 00:00:00', '127.0.0.1', 1),
(2828, 4, 1424, '3', NULL, NULL, NULL, '3', NULL, NULL, 4, 1, '2024-07-24 00:00:00', '127.0.0.1', 1),
(2829, 4, 1424, '4', NULL, NULL, NULL, '4', NULL, NULL, 5, 1, '2024-07-24 00:00:00', '127.0.0.1', 1),
(2830, 4, 1424, '5', NULL, NULL, NULL, '5', NULL, NULL, 6, 1, '2024-07-24 00:00:00', '127.0.0.1', 1),
(2831, 4, 1424, '6', NULL, NULL, NULL, '6', NULL, NULL, 7, 1, '2024-07-24 00:00:00', '127.0.0.1', 1),
(2832, 4, 1424, '7', NULL, NULL, NULL, '7', NULL, NULL, 8, 1, '2024-07-24 00:00:00', '127.0.0.1', 1),
(2833, 4, 1424, '8', NULL, NULL, NULL, '8', NULL, NULL, 9, 1, '2024-07-24 00:00:00', '127.0.0.1', 1),
(2834, 4, 1424, '9', NULL, NULL, NULL, '9', NULL, NULL, 10, 1, '2024-07-24 00:00:00', '127.0.0.1', 1),
(2835, 4, 1424, '10', NULL, NULL, NULL, '10', NULL, NULL, 11, 1, '2024-07-24 00:00:00', '127.0.0.1', 1),
(2836, 4, 1426, '0', NULL, NULL, NULL, '0', NULL, NULL, 1, 1, '2024-07-24 00:00:00', '127.0.0.1', 1),
(2837, 4, 1426, '1', NULL, NULL, NULL, '1', NULL, NULL, 2, 1, '2024-07-24 00:00:00', '127.0.0.1', 1),
(2838, 4, 1426, '2', NULL, NULL, NULL, '2', NULL, NULL, 3, 1, '2024-07-24 00:00:00', '127.0.0.1', 1),
(2839, 4, 1426, '3', NULL, NULL, NULL, '3', NULL, NULL, 4, 1, '2024-07-24 00:00:00', '127.0.0.1', 1),
(2840, 4, 1426, '4', NULL, NULL, NULL, '4', NULL, NULL, 5, 1, '2024-07-24 00:00:00', '127.0.0.1', 1),
(2841, 4, 1426, '5', NULL, NULL, NULL, '5', NULL, NULL, 6, 1, '2024-07-24 00:00:00', '127.0.0.1', 1),
(2842, 4, 1426, '6', NULL, NULL, NULL, '6', NULL, NULL, 7, 1, '2024-07-24 00:00:00', '127.0.0.1', 1),
(2843, 4, 1426, '7', NULL, NULL, NULL, '7', NULL, NULL, 8, 1, '2024-07-24 00:00:00', '127.0.0.1', 1),
(2844, 4, 1426, '8', NULL, NULL, NULL, '8', NULL, NULL, 9, 1, '2024-07-24 00:00:00', '127.0.0.1', 1),
(2845, 4, 1426, '9', NULL, NULL, NULL, '9', NULL, NULL, 10, 1, '2024-07-24 00:00:00', '127.0.0.1', 1),
(2846, 4, 1426, '10', NULL, NULL, NULL, '10', NULL, NULL, 11, 1, '2024-07-24 00:00:00', '127.0.0.1', 1),
(2847, 4, 1428, '0', NULL, NULL, NULL, '0', NULL, NULL, 1, 1, '2024-07-24 00:00:00', '127.0.0.1', 1),
(2848, 4, 1428, '1', NULL, NULL, NULL, '1', NULL, NULL, 2, 1, '2024-07-24 00:00:00', '127.0.0.1', 1),
(2849, 4, 1428, '2', NULL, NULL, NULL, '2', NULL, NULL, 3, 1, '2024-07-24 00:00:00', '127.0.0.1', 1),
(2850, 4, 1428, '3', NULL, NULL, NULL, '3', NULL, NULL, 4, 1, '2024-07-24 00:00:00', '127.0.0.1', 1),
(2851, 4, 1428, '4', NULL, NULL, NULL, '4', NULL, NULL, 5, 1, '2024-07-24 00:00:00', '127.0.0.1', 1),
(2852, 4, 1428, '5', NULL, NULL, NULL, '5', NULL, NULL, 6, 1, '2024-07-24 00:00:00', '127.0.0.1', 1),
(2853, 4, 1428, '6', NULL, NULL, NULL, '6', NULL, NULL, 7, 1, '2024-07-24 00:00:00', '127.0.0.1', 1),
(2854, 4, 1428, '7', NULL, NULL, NULL, '7', NULL, NULL, 8, 1, '2024-07-24 00:00:00', '127.0.0.1', 1),
(2855, 4, 1428, '8', NULL, NULL, NULL, '8', NULL, NULL, 9, 1, '2024-07-24 00:00:00', '127.0.0.1', 1),
(2856, 4, 1428, '9', NULL, NULL, NULL, '9', NULL, NULL, 10, 1, '2024-07-24 00:00:00', '127.0.0.1', 1),
(2857, 4, 1428, '10', NULL, NULL, NULL, '10', NULL, NULL, 11, 1, '2024-07-24 00:00:00', '127.0.0.1', 1),
(2858, 4, 1430, '0', NULL, NULL, NULL, '0', NULL, NULL, 1, 1, '2024-07-24 00:00:00', '127.0.0.1', 1),
(2859, 4, 1430, '1', NULL, NULL, NULL, '1', NULL, NULL, 2, 1, '2024-07-24 00:00:00', '127.0.0.1', 1),
(2860, 4, 1430, '2', NULL, NULL, NULL, '2', NULL, NULL, 3, 1, '2024-07-24 00:00:00', '127.0.0.1', 1),
(2861, 4, 1430, '3', NULL, NULL, NULL, '3', NULL, NULL, 4, 1, '2024-07-24 00:00:00', '127.0.0.1', 1),
(2862, 4, 1430, '4', NULL, NULL, NULL, '4', NULL, NULL, 5, 1, '2024-07-24 00:00:00', '127.0.0.1', 1),
(2863, 4, 1430, '5', NULL, NULL, NULL, '5', NULL, NULL, 6, 1, '2024-07-24 00:00:00', '127.0.0.1', 1),
(2864, 4, 1430, '6', NULL, NULL, NULL, '6', NULL, NULL, 7, 1, '2024-07-24 00:00:00', '127.0.0.1', 1),
(2865, 4, 1430, '7', NULL, NULL, NULL, '7', NULL, NULL, 8, 1, '2024-07-24 00:00:00', '127.0.0.1', 1),
(2866, 4, 1430, '8', NULL, NULL, NULL, '8', NULL, NULL, 9, 1, '2024-07-24 00:00:00', '127.0.0.1', 1),
(2867, 4, 1430, '9', NULL, NULL, NULL, '9', NULL, NULL, 10, 1, '2024-07-24 00:00:00', '127.0.0.1', 1),
(2868, 4, 1430, '10', NULL, NULL, NULL, '10', NULL, NULL, 11, 1, '2024-07-24 00:00:00', '127.0.0.1', 1),
(2869, 4, 1433, '0', NULL, NULL, NULL, '0', NULL, NULL, 1, 1, '2024-07-24 00:00:00', '127.0.0.1', 1),
(2870, 4, 1433, '1', NULL, NULL, NULL, '1', NULL, NULL, 2, 1, '2024-07-24 00:00:00', '127.0.0.1', 1),
(2871, 4, 1433, '2', NULL, NULL, NULL, '2', NULL, NULL, 3, 1, '2024-07-24 00:00:00', '127.0.0.1', 1),
(2872, 4, 1433, '3', NULL, NULL, NULL, '3', NULL, NULL, 4, 1, '2024-07-24 00:00:00', '127.0.0.1', 1),
(2873, 4, 1433, '4', NULL, NULL, NULL, '4', NULL, NULL, 5, 1, '2024-07-24 00:00:00', '127.0.0.1', 1),
(2874, 4, 1433, '5', NULL, NULL, NULL, '5', NULL, NULL, 6, 1, '2024-07-24 00:00:00', '127.0.0.1', 1),
(2875, 4, 1433, '6', NULL, NULL, NULL, '6', NULL, NULL, 7, 1, '2024-07-24 00:00:00', '127.0.0.1', 1),
(2876, 4, 1433, '7', NULL, NULL, NULL, '7', NULL, NULL, 8, 1, '2024-07-24 00:00:00', '127.0.0.1', 1),
(2877, 4, 1433, '8', NULL, NULL, NULL, '8', NULL, NULL, 9, 1, '2024-07-24 00:00:00', '127.0.0.1', 1),
(2878, 4, 1433, '9', NULL, NULL, NULL, '9', NULL, NULL, 10, 1, '2024-07-24 00:00:00', '127.0.0.1', 1),
(2879, 4, 1433, '10', NULL, NULL, NULL, '10', NULL, NULL, 11, 1, '2024-07-24 00:00:00', '127.0.0.1', 1),
(2880, 4, 1435, '0', NULL, NULL, NULL, '0', NULL, NULL, 1, 1, '2024-07-24 00:00:00', '127.0.0.1', 1),
(2881, 4, 1435, '1', NULL, NULL, NULL, '1', NULL, NULL, 2, 1, '2024-07-24 00:00:00', '127.0.0.1', 1),
(2882, 4, 1435, '2', NULL, NULL, NULL, '2', NULL, NULL, 3, 1, '2024-07-24 00:00:00', '127.0.0.1', 1),
(2883, 4, 1435, '3', NULL, NULL, NULL, '3', NULL, NULL, 4, 1, '2024-07-24 00:00:00', '127.0.0.1', 1),
(2884, 4, 1435, '4', NULL, NULL, NULL, '4', NULL, NULL, 5, 1, '2024-07-24 00:00:00', '127.0.0.1', 1),
(2885, 4, 1435, '5', NULL, NULL, NULL, '5', NULL, NULL, 6, 1, '2024-07-24 00:00:00', '127.0.0.1', 1),
(2886, 4, 1435, '6', NULL, NULL, NULL, '6', NULL, NULL, 7, 1, '2024-07-24 00:00:00', '127.0.0.1', 1),
(2887, 4, 1435, '7', NULL, NULL, NULL, '7', NULL, NULL, 8, 1, '2024-07-24 00:00:00', '127.0.0.1', 1),
(2888, 4, 1435, '8', NULL, NULL, NULL, '8', NULL, NULL, 9, 1, '2024-07-24 00:00:00', '127.0.0.1', 1),
(2889, 4, 1435, '9', NULL, NULL, NULL, '9', NULL, NULL, 10, 1, '2024-07-24 00:00:00', '127.0.0.1', 1),
(2890, 4, 1435, '10', NULL, NULL, NULL, '10', NULL, NULL, 11, 1, '2024-07-24 00:00:00', '127.0.0.1', 1),
(2891, 4, 1438, '0', NULL, NULL, NULL, '0', NULL, NULL, 1, 1, '2024-07-24 00:00:00', '127.0.0.1', 1),
(2892, 4, 1438, '1', NULL, NULL, NULL, '1', NULL, NULL, 2, 1, '2024-07-24 00:00:00', '127.0.0.1', 1),
(2893, 4, 1438, '2', NULL, NULL, NULL, '2', NULL, NULL, 3, 1, '2024-07-24 00:00:00', '127.0.0.1', 1),
(2894, 4, 1438, '3', NULL, NULL, NULL, '3', NULL, NULL, 4, 1, '2024-07-24 00:00:00', '127.0.0.1', 1),
(2895, 4, 1438, '4', NULL, NULL, NULL, '4', NULL, NULL, 5, 1, '2024-07-24 00:00:00', '127.0.0.1', 1),
(2896, 4, 1438, '5', NULL, NULL, NULL, '5', NULL, NULL, 6, 1, '2024-07-24 00:00:00', '127.0.0.1', 1),
(2897, 4, 1438, '6', NULL, NULL, NULL, '6', NULL, NULL, 7, 1, '2024-07-24 00:00:00', '127.0.0.1', 1),
(2898, 4, 1438, '7', NULL, NULL, NULL, '7', NULL, NULL, 8, 1, '2024-07-24 00:00:00', '127.0.0.1', 1),
(2899, 4, 1438, '8', NULL, NULL, NULL, '8', NULL, NULL, 9, 1, '2024-07-24 00:00:00', '127.0.0.1', 1),
(2900, 4, 1438, '9', NULL, NULL, NULL, '9', NULL, NULL, 10, 1, '2024-07-24 00:00:00', '127.0.0.1', 1),
(2901, 4, 1438, '10', NULL, NULL, NULL, '10', NULL, NULL, 11, 1, '2024-07-24 00:00:00', '127.0.0.1', 1),
(2902, 4, 1440, '0', NULL, NULL, NULL, '0', NULL, NULL, 1, 1, '2024-07-24 00:00:00', '127.0.0.1', 1),
(2903, 4, 1440, '1', NULL, NULL, NULL, '1', NULL, NULL, 2, 1, '2024-07-24 00:00:00', '127.0.0.1', 1),
(2904, 4, 1440, '2', NULL, NULL, NULL, '2', NULL, NULL, 3, 1, '2024-07-24 00:00:00', '127.0.0.1', 1),
(2905, 4, 1440, '3', NULL, NULL, NULL, '3', NULL, NULL, 4, 1, '2024-07-24 00:00:00', '127.0.0.1', 1),
(2906, 4, 1440, '4', NULL, NULL, NULL, '4', NULL, NULL, 5, 1, '2024-07-24 00:00:00', '127.0.0.1', 1),
(2907, 4, 1440, '5', NULL, NULL, NULL, '5', NULL, NULL, 6, 1, '2024-07-24 00:00:00', '127.0.0.1', 1),
(2908, 4, 1440, '6', NULL, NULL, NULL, '6', NULL, NULL, 7, 1, '2024-07-24 00:00:00', '127.0.0.1', 1),
(2909, 4, 1440, '7', NULL, NULL, NULL, '7', NULL, NULL, 8, 1, '2024-07-24 00:00:00', '127.0.0.1', 1),
(2910, 4, 1440, '8', NULL, NULL, NULL, '8', NULL, NULL, 9, 1, '2024-07-24 00:00:00', '127.0.0.1', 1),
(2911, 4, 1440, '9', NULL, NULL, NULL, '9', NULL, NULL, 10, 1, '2024-07-24 00:00:00', '127.0.0.1', 1),
(2912, 4, 1440, '10', NULL, NULL, NULL, '10', NULL, NULL, 11, 1, '2024-07-24 00:00:00', '127.0.0.1', 1),
(2913, 4, 1442, '0', NULL, NULL, NULL, '0', NULL, NULL, 1, 1, '2024-07-24 00:00:00', '127.0.0.1', 1),
(2914, 4, 1442, '1', NULL, NULL, NULL, '1', NULL, NULL, 2, 1, '2024-07-24 00:00:00', '127.0.0.1', 1),
(2915, 4, 1442, '2', NULL, NULL, NULL, '2', NULL, NULL, 3, 1, '2024-07-24 00:00:00', '127.0.0.1', 1),
(2916, 4, 1442, '3', NULL, NULL, NULL, '3', NULL, NULL, 4, 1, '2024-07-24 00:00:00', '127.0.0.1', 1),
(2917, 4, 1442, '4', NULL, NULL, NULL, '4', NULL, NULL, 5, 1, '2024-07-24 00:00:00', '127.0.0.1', 1),
(2918, 4, 1442, '5', NULL, NULL, NULL, '5', NULL, NULL, 6, 1, '2024-07-24 00:00:00', '127.0.0.1', 1),
(2919, 4, 1442, '6', NULL, NULL, NULL, '6', NULL, NULL, 7, 1, '2024-07-24 00:00:00', '127.0.0.1', 1),
(2920, 4, 1442, '7', NULL, NULL, NULL, '7', NULL, NULL, 8, 1, '2024-07-24 00:00:00', '127.0.0.1', 1),
(2921, 4, 1442, '8', NULL, NULL, NULL, '8', NULL, NULL, 9, 1, '2024-07-24 00:00:00', '127.0.0.1', 1),
(2922, 4, 1442, '9', NULL, NULL, NULL, '9', NULL, NULL, 10, 1, '2024-07-24 00:00:00', '127.0.0.1', 1),
(2923, 4, 1442, '10', NULL, NULL, NULL, '10', NULL, NULL, 11, 1, '2024-07-24 00:00:00', '127.0.0.1', 1),
(2924, 4, 1444, '0', NULL, NULL, NULL, '0', NULL, NULL, 1, 1, '2024-07-24 00:00:00', '127.0.0.1', 1),
(2925, 4, 1444, '1', NULL, NULL, NULL, '1', NULL, NULL, 2, 1, '2024-07-24 00:00:00', '127.0.0.1', 1),
(2926, 4, 1444, '2', NULL, NULL, NULL, '2', NULL, NULL, 3, 1, '2024-07-24 00:00:00', '127.0.0.1', 1),
(2927, 4, 1444, '3', NULL, NULL, NULL, '3', NULL, NULL, 4, 1, '2024-07-24 00:00:00', '127.0.0.1', 1),
(2928, 4, 1444, '4', NULL, NULL, NULL, '4', NULL, NULL, 5, 1, '2024-07-24 00:00:00', '127.0.0.1', 1),
(2929, 4, 1444, '5', NULL, NULL, NULL, '5', NULL, NULL, 6, 1, '2024-07-24 00:00:00', '127.0.0.1', 1),
(2930, 4, 1444, '6', NULL, NULL, NULL, '6', NULL, NULL, 7, 1, '2024-07-24 00:00:00', '127.0.0.1', 1),
(2931, 4, 1444, '7', NULL, NULL, NULL, '7', NULL, NULL, 8, 1, '2024-07-24 00:00:00', '127.0.0.1', 1),
(2932, 4, 1444, '8', NULL, NULL, NULL, '8', NULL, NULL, 9, 1, '2024-07-24 00:00:00', '127.0.0.1', 1),
(2933, 4, 1444, '9', NULL, NULL, NULL, '9', NULL, NULL, 10, 1, '2024-07-24 00:00:00', '127.0.0.1', 1),
(2934, 4, 1444, '10', NULL, NULL, NULL, '10', NULL, NULL, 11, 1, '2024-07-24 00:00:00', '127.0.0.1', 1),
(2935, 4, 1446, '0', NULL, NULL, NULL, '0', NULL, NULL, 1, 1, '2024-07-24 00:00:00', '127.0.0.1', 1),
(2936, 4, 1446, '1', NULL, NULL, NULL, '1', NULL, NULL, 2, 1, '2024-07-24 00:00:00', '127.0.0.1', 1),
(2937, 4, 1446, '2', NULL, NULL, NULL, '2', NULL, NULL, 3, 1, '2024-07-24 00:00:00', '127.0.0.1', 1),
(2938, 4, 1446, '3', NULL, NULL, NULL, '3', NULL, NULL, 4, 1, '2024-07-24 00:00:00', '127.0.0.1', 1),
(2939, 4, 1446, '4', NULL, NULL, NULL, '4', NULL, NULL, 5, 1, '2024-07-24 00:00:00', '127.0.0.1', 1),
(2940, 4, 1446, '5', NULL, NULL, NULL, '5', NULL, NULL, 6, 1, '2024-07-24 00:00:00', '127.0.0.1', 1),
(2941, 4, 1446, '6', NULL, NULL, NULL, '6', NULL, NULL, 7, 1, '2024-07-24 00:00:00', '127.0.0.1', 1),
(2942, 4, 1446, '7', NULL, NULL, NULL, '7', NULL, NULL, 8, 1, '2024-07-24 00:00:00', '127.0.0.1', 1),
(2943, 4, 1446, '8', NULL, NULL, NULL, '8', NULL, NULL, 9, 1, '2024-07-24 00:00:00', '127.0.0.1', 1),
(2944, 4, 1446, '9', NULL, NULL, NULL, '9', NULL, NULL, 10, 1, '2024-07-24 00:00:00', '127.0.0.1', 1),
(2945, 4, 1446, '10', NULL, NULL, NULL, '10', NULL, NULL, 11, 1, '2024-07-24 00:00:00', '127.0.0.1', 1),
(2946, 4, 1449, '0', NULL, NULL, NULL, '0', NULL, NULL, 1, 1, '2024-07-24 00:00:00', '127.0.0.1', 1),
(2947, 4, 1449, '1', NULL, NULL, NULL, '1', NULL, NULL, 2, 1, '2024-07-24 00:00:00', '127.0.0.1', 1),
(2948, 4, 1449, '2', NULL, NULL, NULL, '2', NULL, NULL, 3, 1, '2024-07-24 00:00:00', '127.0.0.1', 1),
(2949, 4, 1449, '3', NULL, NULL, NULL, '3', NULL, NULL, 4, 1, '2024-07-24 00:00:00', '127.0.0.1', 1),
(2950, 4, 1449, '4', NULL, NULL, NULL, '4', NULL, NULL, 5, 1, '2024-07-24 00:00:00', '127.0.0.1', 1),
(2951, 4, 1449, '5', NULL, NULL, NULL, '5', NULL, NULL, 6, 1, '2024-07-24 00:00:00', '127.0.0.1', 1),
(2952, 4, 1449, '6', NULL, NULL, NULL, '6', NULL, NULL, 7, 1, '2024-07-24 00:00:00', '127.0.0.1', 1),
(2953, 4, 1449, '7', NULL, NULL, NULL, '7', NULL, NULL, 8, 1, '2024-07-24 00:00:00', '127.0.0.1', 1),
(2954, 4, 1449, '8', NULL, NULL, NULL, '8', NULL, NULL, 9, 1, '2024-07-24 00:00:00', '127.0.0.1', 1),
(2955, 4, 1449, '9', NULL, NULL, NULL, '9', NULL, NULL, 10, 1, '2024-07-24 00:00:00', '127.0.0.1', 1),
(2956, 4, 1449, '10', NULL, NULL, NULL, '10', NULL, NULL, 11, 1, '2024-07-24 00:00:00', '127.0.0.1', 1),
(2957, 4, 753, 'Bulls or casterated male buffalo (>2 years)', NULL, NULL, NULL, 'Bulls or casterated male buffalo (>2 years)', NULL, NULL, 6, 1, '2024-10-28 00:00:00', '127.0.0.1', 1),
(2958, 4, 753, 'Bulls or casterated male buffalo (>6 months old - <2 years )', NULL, NULL, NULL, 'Bulls or casterated male buffalo (>6 months old - <2 years )', NULL, NULL, 7, 1, '2024-10-28 00:00:00', '127.0.0.1', 1),
(2959, 4, 1476, 'Yes', NULL, NULL, NULL, 'Yes', NULL, NULL, 1, 1, '2025-02-06 00:00:00', '127.0.0.1', 1),
(2960, 4, 1476, 'No', NULL, NULL, NULL, 'No', NULL, NULL, 2, 1, '2025-02-06 00:00:00', '127.0.0.1', 1);

-- --------------------------------------------------------

--
-- Table structure for table `ic_data_file`
--

DROP TABLE IF EXISTS `ic_data_file`;
CREATE TABLE IF NOT EXISTS `ic_data_file` (
  `id` int UNSIGNED NOT NULL AUTO_INCREMENT,
  `file_id` varchar(255) CHARACTER SET utf8mb3 COLLATE utf8mb3_general_ci NOT NULL,
  `data_id` varchar(255) CHARACTER SET utf8mb3 COLLATE utf8mb3_general_ci DEFAULT NULL,
  `form_id` int UNSIGNED DEFAULT NULL,
  `field_id` int UNSIGNED DEFAULT NULL,
  `project_id` int UNSIGNED DEFAULT NULL,
  `division_id` varchar(40) CHARACTER SET utf8mb3 COLLATE utf8mb3_general_ci DEFAULT NULL,
  `circle_id` varchar(40) CHARACTER SET utf8mb3 COLLATE utf8mb3_general_ci DEFAULT NULL,
  `village_id` varchar(40) CHARACTER SET utf8mb3 COLLATE utf8mb3_general_ci DEFAULT NULL,
  `user_id` int UNSIGNED DEFAULT NULL,
  `file_name` text CHARACTER SET utf8mb3 COLLATE utf8mb3_general_ci,
  `file_type` varchar(100) CHARACTER SET utf8mb3 COLLATE utf8mb3_general_ci DEFAULT NULL,
  `file_lat` text CHARACTER SET utf8mb3 COLLATE utf8mb3_general_ci,
  `file_long` text CHARACTER SET utf8mb3 COLLATE utf8mb3_general_ci,
  `created_date` datetime DEFAULT NULL,
  `ip_address` varchar(100) CHARACTER SET utf8mb3 COLLATE utf8mb3_general_ci DEFAULT NULL,
  `status` tinyint(1) NOT NULL DEFAULT '1',
  PRIMARY KEY (`id`),
  UNIQUE KEY `file_id` (`file_id`)
) ENGINE=InnoDB AUTO_INCREMENT=310 DEFAULT CHARSET=latin1;

--
-- Dumping data for table `ic_data_file`
--

INSERT INTO `ic_data_file` (`id`, `file_id`, `data_id`, `form_id`, `field_id`, `project_id`, `division_id`, `circle_id`, `village_id`, `user_id`, `file_name`, `file_type`, `file_lat`, `file_long`, `created_date`, `ip_address`, `status`) VALUES
(1, '1723538585188-1-FAY1U7', '1723538602-1-0F5KRI', 1, 657, NULL, NULL, NULL, NULL, 1, 'gfeast-1723538585188.jpg', 'image', NULL, NULL, '2024-08-13 08:43:22', '192.168.1.16', 1),
(2, '1723551229606-1-1KQ5TI', '1723551211-1-NXWY43', 1, 657, NULL, NULL, NULL, NULL, 1, 'gfeast-1723551229606.jpg', 'image', NULL, NULL, '2024-08-13 12:14:01', '192.168.1.16', 1),
(3, '1723552118453-1-E0M1YO', '1723552136-1-EL08PM', 1, 657, NULL, NULL, NULL, NULL, 1, 'gfeast-1723552118453.jpg', 'image', NULL, NULL, '2024-08-13 12:28:56', '192.168.1.16', 1),
(4, '1723552157373-1-U4C1FA', '1723552136-1-EL08PM', 1, 657, NULL, NULL, NULL, NULL, 1, 'gfeast-1723552157373.jpg', 'image', NULL, NULL, '2024-08-13 12:29:37', '192.168.1.16', 1),
(5, '1723552709602-1-RJC23H', '1723552696-1-LQJ90U', 1, 657, NULL, NULL, NULL, NULL, 1, 'gfeast-1723552709602.jpg', 'image', NULL, NULL, '2024-08-13 12:38:39', '192.168.1.16', 1),
(6, '1723554354863-1-35LCAI', '1723554222-1-W9M1TU', 1, 657, NULL, NULL, NULL, NULL, 1, 'gfeast-1723554354863.jpg', 'image', NULL, NULL, '2024-08-13 13:06:17', '192.168.0.102', 1),
(7, '1723554365712-1-3OGQ7A', '1723554222-1-W9M1TU', 1, 658, NULL, NULL, NULL, NULL, 1, 'gfeast-1723554365712.jpg', 'image', NULL, NULL, '2024-08-13 13:06:17', '192.168.0.102', 1),
(8, '1724065425071-1-SPMD30', '1724065336-1-A6UWZ4', 1, 657, NULL, NULL, NULL, NULL, 1, 'gfeast-1724065425071.jpg', 'image', NULL, NULL, '2024-08-19 11:04:08', '192.168.1.153', 1),
(9, '1724065437344-1-4YAO6Q', '1724065336-1-A6UWZ4', 1, 658, NULL, NULL, NULL, NULL, 1, 'gfeast-1724065437344.jpg', 'image', NULL, NULL, '2024-08-19 11:04:08', '192.168.1.153', 1),
(10, '1724065615395-1-KJ0AM4', '1724065532-1-Y23GVR', 1, 657, NULL, NULL, NULL, NULL, 1, 'gfeast-1724065615395.jpg', 'image', NULL, NULL, '2024-08-19 11:07:18', '192.168.1.153', 1),
(11, '1724065627552-1-H30QPJ', '1724065532-1-Y23GVR', 1, 658, NULL, NULL, NULL, NULL, 1, 'gfeast-1724065627552.jpg', 'image', NULL, NULL, '2024-08-19 11:07:18', '192.168.1.153', 1),
(12, '1724065810162-1-DJFE07', '1724065681-1-4MJ2UT', 1, 657, NULL, NULL, NULL, NULL, 1, 'gfeast-1724065810162.jpg', 'image', NULL, NULL, '2024-08-19 11:10:33', '192.168.1.153', 1),
(13, '1724065820429-1-4YN1QD', '1724065681-1-4MJ2UT', 1, 658, NULL, NULL, NULL, NULL, 1, 'gfeast-1724065820429.jpg', 'image', NULL, NULL, '2024-08-19 11:10:33', '192.168.1.153', 1),
(14, '1724071562098-1-0D2GCR', '1724071535-1-E2AQ9Y', 1, 657, NULL, NULL, NULL, NULL, 1, 'gfeast-1724071562098.jpg', 'image', NULL, NULL, '2024-08-19 12:46:15', '192.168.1.38', 1),
(15, '1724129054089-1-OX6J0K', '1724129099-1-U75YQA', 1, 657, NULL, NULL, NULL, NULL, 1, 'pic_gfeast-1-1724129053080.jpg', 'image', NULL, NULL, '2024-08-20 04:44:59', '10.0.2.16', 1),
(16, '1724129622969-1-4CYPZ6', '1724129099-1-U75YQA', 1, 657, NULL, NULL, NULL, NULL, 1, 'pic_gfeast-1-1724129622069.jpg', 'image', NULL, NULL, '2024-08-20 04:53:54', '10.0.2.16', 1),
(17, '1724130016554-1-18DBUQ', '1724130024-1-N3QHS5', 1, 657, NULL, NULL, NULL, NULL, 1, 'pic_gfeast-1-1724130016258.jpg', 'image', NULL, NULL, '2024-08-20 05:00:24', '0.0.0.0', 1),
(18, '1724130023632-1-16RWQC', '1724130024-1-N3QHS5', 1, 658, NULL, NULL, NULL, NULL, 1, 'pic_gfeast-1-1724130023415.jpg', 'image', NULL, NULL, '2024-08-20 05:00:24', '0.0.0.0', 1),
(19, '1724155806644-1-ILXJ84', '1724155767-1-AU9V5O', 1, 657, NULL, NULL, NULL, NULL, 1, 'pic_gfeast-1-1724155805793.jpg', 'image', NULL, NULL, '2024-08-20 12:10:18', '10.0.2.15', 1),
(20, '1729840352702-1-CB1T9L', '1729839934-1-GJ69KM', 1, 658, NULL, NULL, NULL, NULL, 1, 'pic_gfeast-1-1729840351728.jpg', 'image', NULL, NULL, '2024-10-25 07:12:34', '192.168.0.102', 1),
(21, '1729840348010-1-G34WVT', '1729839934-1-GJ69KM', 1, 657, NULL, NULL, NULL, NULL, 1, 'pic_gfeast-1-1729840347183.jpg', 'image', NULL, NULL, '2024-10-25 07:12:34', '192.168.0.102', 1),
(22, '1730969675441-279-XC38BH', '1730968694-279-HFI02K', 1, 658, NULL, NULL, NULL, NULL, 279, 'pic_gfeast-279-1730969674626.jpg', 'image', NULL, NULL, '2024-11-07 08:54:37', '192.168.0.103', 1),
(24, '1730969669941-279-N47PHA', '1730968694-279-HFI02K', 1, 657, NULL, NULL, NULL, NULL, 279, 'pic_gfeast-279-1730969668889.jpg', 'image', NULL, NULL, '2024-11-07 08:54:37', '192.168.0.103', 1),
(26, '1731306466363-279-9OWAQ5', '1731306257-279-RUOD59', 1, 657, NULL, NULL, NULL, NULL, 279, 'pic_gfeast-279-1731306465337.jpg', 'image', NULL, NULL, '2024-11-11 06:27:52', '192.168.0.103', 1),
(27, '1731306470200-279-O65YKW', '1731306257-279-RUOD59', 1, 658, NULL, NULL, NULL, NULL, 279, 'pic_gfeast-279-1731306469350.jpg', 'image', NULL, NULL, '2024-11-11 06:27:52', '192.168.0.103', 1),
(28, '1731308026888-279-85HSKQ', '1731307657-279-MRY23B', 1, 658, NULL, NULL, NULL, NULL, 279, 'pic_gfeast-279-1731308025967.jpg', 'image', NULL, NULL, '2024-11-11 06:53:49', '192.168.0.103', 1),
(29, '1731308022183-279-BZDM16', '1731307657-279-MRY23B', 1, 657, NULL, NULL, NULL, NULL, 279, 'pic_gfeast-279-1731308020987.jpg', 'image', NULL, NULL, '2024-11-11 06:53:49', '192.168.0.103', 1),
(30, '1731990018392-279-ZKBM09', '1731989875-279-KJ4Y0A', 1, 657, NULL, NULL, NULL, NULL, 279, 'pic_gfeast-279-1731990017111.jpg', 'image', NULL, NULL, '2024-11-19 04:20:24', '192.168.0.103', 1),
(31, '1731990022436-279-NW5LR9', '1731989875-279-KJ4Y0A', 1, 658, NULL, NULL, NULL, NULL, 279, 'pic_gfeast-279-1731990021617.jpg', 'image', NULL, NULL, '2024-11-19 04:20:24', '192.168.0.103', 1),
(32, '1731990223698-279-QKN21E', '1731990093-279-3KR6HD', 1, 657, NULL, NULL, NULL, NULL, 279, 'pic_gfeast-279-1731990222693.jpg', 'image', NULL, NULL, '2024-11-19 04:23:49', '192.168.0.103', 1),
(34, '1731990228003-279-N7IPJ9', '1731990093-279-3KR6HD', 1, 658, NULL, NULL, NULL, NULL, 279, 'pic_gfeast-279-1731990227157.jpg', 'image', NULL, NULL, '2024-11-19 04:23:49', '192.168.0.103', 1),
(36, '1731990440513-279-ZJ1AS6', '1731990275-279-XAV6B8', 1, 658, NULL, NULL, NULL, NULL, 279, 'pic_gfeast-279-1731990439670.jpg', 'image', NULL, NULL, '2024-11-19 04:27:22', '192.168.0.103', 1),
(37, '1731990436576-279-7TPZQ1', '1731990275-279-XAV6B8', 1, 657, NULL, NULL, NULL, NULL, 279, 'pic_gfeast-279-1731990435735.jpg', 'image', NULL, NULL, '2024-11-19 04:27:22', '192.168.0.103', 1),
(38, '1731990685567-279-OJUG31', '1731990519-279-AH67PB', 1, 657, NULL, NULL, NULL, NULL, 279, 'pic_gfeast-279-1731990684610.jpg', 'image', NULL, NULL, '2024-11-19 04:31:34', '192.168.0.103', 1),
(40, '1731990691574-279-BR2AT0', '1731990519-279-AH67PB', 1, 658, NULL, NULL, NULL, NULL, 279, 'pic_gfeast-279-1731990690730.jpg', 'image', NULL, NULL, '2024-11-19 04:31:34', '192.168.0.103', 1),
(42, '1732617630326-279-1W5ACY', '1732617479-279-2J5NVO', 1, 657, NULL, NULL, NULL, NULL, 279, 'pic_gfeast-279-1732617629019.jpg', 'image', NULL, NULL, '2024-11-26 10:40:37', '192.168.0.103', 1),
(43, '1732617635179-279-9DWYN1', '1732617479-279-2J5NVO', 1, 658, NULL, NULL, NULL, NULL, 279, 'pic_gfeast-279-1732617634290.jpg', 'image', NULL, NULL, '2024-11-26 10:40:37', '192.168.0.103', 1),
(44, '1732702327823-1-UL65EQ', '1732694399-1-3N4CUR', 1, 657, NULL, NULL, NULL, NULL, 1, 'pic_gfeast-1-1732702327282.jpg', 'image', NULL, NULL, '2024-11-27 10:12:12', '10.0.4.6', 1),
(45, '1732702331390-1-2ED9PJ', '1732694399-1-3N4CUR', 1, 658, NULL, NULL, NULL, NULL, 1, 'pic_gfeast-1-1732702330829.jpg', 'image', NULL, NULL, '2024-11-27 10:12:12', '10.0.4.6', 1),
(46, '1732778177046-280-8RLK1T', '1732778035-280-6DQ2ZF', 1, 658, NULL, NULL, NULL, NULL, 280, 'pic_gfeast-280-1732778176032.jpg', 'image', NULL, NULL, '2024-11-28 07:16:18', '192.168.0.103', 1),
(47, '1732778170859-280-IW32OB', '1732778035-280-6DQ2ZF', 1, 657, NULL, NULL, NULL, NULL, 280, 'pic_gfeast-280-1732778169878.jpg', 'image', NULL, NULL, '2024-11-28 07:16:18', '192.168.0.103', 1),
(62, '1739343290376-278-FCX9U0', '1739343145-278-VGB9E7', 1, 657, NULL, NULL, NULL, NULL, 278, 'pic_gfeast-278-1739343289654.jpg', 'image', NULL, NULL, '2025-02-12 06:54:53', '192.168.1.6', 1),
(63, '1739345249969-278-V0TY5A', '1739343145-278-VGB9E7', 1, 658, NULL, NULL, NULL, NULL, 278, 'pic_gfeast-278-1739345249428.jpg', 'image', NULL, NULL, '2025-02-12 07:27:32', '192.168.1.6', 1),
(64, '1739345219120-278-0T8SUX', '1739343145-278-VGB9E7', 1, 657, NULL, NULL, NULL, NULL, 278, 'pic_gfeast-278-1739345218448.jpg', 'image', NULL, NULL, '2025-02-12 07:27:02', '192.168.1.6', 1),
(68, '1739346637511-278-8IJZ2O', '1739343145-278-VGB9E7', 1, 658, NULL, NULL, NULL, NULL, 278, 'pic_gfeast-278-1739346636613.jpg', 'image', NULL, NULL, '2025-02-12 07:50:39', '192.168.1.6', 1),
(71, '1739429231902-291-SI94NQ', '1739428941-291-7MUG0W', 1, 658, NULL, NULL, NULL, NULL, 291, 'pic_gfeast-291-1739429231055.jpg', 'image', NULL, NULL, '2025-02-13 06:47:14', '0.0.0.0', 1),
(72, '1739429228021-291-GH2KD5', '1739428941-291-7MUG0W', 1, 657, NULL, NULL, NULL, NULL, 291, 'pic_gfeast-291-1739429227001.jpg', 'image', NULL, NULL, '2025-02-13 06:47:14', '0.0.0.0', 1),
(73, '1739439687731-291-9GEY2B', '1739439453-291-7DXHW4', 1, 657, NULL, NULL, NULL, NULL, 291, 'pic_gfeast-291-1739439686729.jpg', 'image', NULL, NULL, '2025-02-13 09:41:32', '0.0.0.0', 1),
(74, '1739439691437-291-5PHDB2', '1739439453-291-7DXHW4', 1, 658, NULL, NULL, NULL, NULL, 291, 'pic_gfeast-291-1739439690592.jpg', 'image', NULL, NULL, '2025-02-13 09:41:32', '0.0.0.0', 1),
(76, '1739442105651-292-E53FWI', '1739440526-292-HC43QY', 1, 657, NULL, NULL, NULL, NULL, 292, 'pic_gfeast-292-1739442105072.jpg', 'image', NULL, NULL, '2025-02-13 10:21:49', '192.168.29.103', 1),
(77, '1739442108461-292-SR7B6V', '1739440526-292-HC43QY', 1, 658, NULL, NULL, NULL, NULL, 292, 'pic_gfeast-292-1739442107913.jpg', 'image', NULL, NULL, '2025-02-13 10:21:49', '192.168.29.103', 1),
(78, '1739442450441-292-8U5WGV', '1739440168-292-ZI8WY4', 1, 657, NULL, NULL, NULL, NULL, 292, 'pic_gfeast-292-1739442449936.jpg', 'image', NULL, NULL, '2025-02-13 10:27:34', '192.168.29.103', 1),
(79, '1739442453028-292-C4BMG9', '1739440168-292-ZI8WY4', 1, 658, NULL, NULL, NULL, NULL, 292, 'pic_gfeast-292-1739442452547.jpg', 'image', NULL, NULL, '2025-02-13 10:27:34', '192.168.29.103', 1),
(80, '1739444956750-292-OI2SC1', '1739444370-292-3L7TUY', 1, 658, NULL, NULL, NULL, NULL, 292, 'pic_gfeast-292-1739444956315.jpg', 'image', NULL, NULL, '2025-02-13 11:09:18', '192.168.29.103', 1),
(81, '1739444954278-292-86IENP', '1739444370-292-3L7TUY', 1, 657, NULL, NULL, NULL, NULL, 292, 'pic_gfeast-292-1739444953675.jpg', 'image', NULL, NULL, '2025-02-13 11:09:18', '192.168.29.103', 1),
(82, '1739448197021-294-SRBG93', '1739448037-294-VS31KB', 1, 658, NULL, NULL, NULL, NULL, 294, 'pic_gfeast-294-1739448196221.jpg', 'image', NULL, NULL, '2025-02-13 12:03:20', '0.0.0.0', 1),
(83, '1739448193023-294-3U6KNJ', '1739448037-294-VS31KB', 1, 657, NULL, NULL, NULL, NULL, 294, 'pic_gfeast-294-1739448192011.jpg', 'image', NULL, NULL, '2025-02-13 12:03:20', '0.0.0.0', 1),
(84, '1739510800455-291-0SNP2A', '1739510580-291-13VGET', 1, 658, NULL, NULL, NULL, NULL, 291, 'pic_gfeast-291-1739510799619.jpg', 'image', NULL, NULL, '2025-02-14 05:26:41', '0.0.0.0', 1),
(85, '1739510795895-291-24SZTF', '1739510580-291-13VGET', 1, 657, NULL, NULL, NULL, NULL, 291, 'pic_gfeast-291-1739510794778.jpg', 'image', NULL, NULL, '2025-02-14 05:26:41', '0.0.0.0', 1),
(87, '1739517763768-296-NK17BA', '1739514917-296-Z7D0LV', 1, 657, NULL, NULL, NULL, NULL, 296, 'pic_gfeast-296-1739517763306.jpg', 'image', NULL, NULL, '2025-02-14 07:22:47', '192.168.29.103', 1),
(88, '1739517765931-296-8RJ6DS', '1739514917-296-Z7D0LV', 1, 658, NULL, NULL, NULL, NULL, 296, 'pic_gfeast-296-1739517765434.jpg', 'image', NULL, NULL, '2025-02-14 07:22:47', '192.168.29.103', 1),
(89, '1739518468367-296-XEY43H', '1739517801-296-CV9K4E', 1, 657, NULL, NULL, NULL, NULL, 296, 'pic_gfeast-296-1739518467875.jpg', 'image', NULL, NULL, '2025-02-14 07:34:32', '192.168.29.103', 1),
(90, '1739518470988-296-K9QO3C', '1739517801-296-CV9K4E', 1, 658, NULL, NULL, NULL, NULL, 296, 'pic_gfeast-296-1739518470521.jpg', 'image', NULL, NULL, '2025-02-14 07:34:32', '192.168.29.103', 1),
(91, '1739520591622-296-GJY0Q7', '1739518743-296-QN0DK1', 1, 657, NULL, NULL, NULL, NULL, 296, 'pic_gfeast-296-1739520591142.jpg', 'image', NULL, NULL, '2025-02-14 08:09:55', '192.168.29.103', 1),
(92, '1739520594090-296-F71OGM', '1739518743-296-QN0DK1', 1, 658, NULL, NULL, NULL, NULL, 296, 'pic_gfeast-296-1739520593590.jpg', 'image', NULL, NULL, '2025-02-14 08:09:55', '192.168.29.103', 1),
(93, '1739768839805-296-DX4VZ6', '1739768269-296-C13SPO', 1, 657, NULL, NULL, NULL, NULL, 296, 'pic_gfeast-296-1739768839383.jpg', 'image', NULL, NULL, '2025-02-17 05:07:23', '0.0.0.0', 1),
(94, '1739768842259-296-YBLT94', '1739768269-296-C13SPO', 1, 658, NULL, NULL, NULL, NULL, 296, 'pic_gfeast-296-1739768841877.jpg', 'image', NULL, NULL, '2025-02-17 05:07:23', '0.0.0.0', 1),
(95, '1739861735661-296-T5E0AD', '1739861009-296-R2EQL9', 1, 657, NULL, NULL, NULL, NULL, 296, 'pic_gfeast-296-1739861735250.jpg', 'image', NULL, NULL, '2025-02-18 06:55:41', '0.0.0.0', 1),
(96, '1739861739202-296-KVH78I', '1739861009-296-R2EQL9', 1, 658, NULL, NULL, NULL, NULL, 296, 'pic_gfeast-296-1739861738648.jpg', 'image', NULL, NULL, '2025-02-18 06:55:41', '0.0.0.0', 1),
(97, '1739861809798-291-7TEYL1', '1739861618-291-HPVT23', 1, 658, NULL, NULL, NULL, NULL, 291, 'pic_gfeast-291-1739861808962.jpg', 'image', NULL, NULL, '2025-02-18 06:56:52', '0.0.0.0', 1),
(98, '1739861805975-291-61XOYN', '1739861618-291-HPVT23', 1, 657, NULL, NULL, NULL, NULL, 291, 'pic_gfeast-291-1739861804925.jpg', 'image', NULL, NULL, '2025-02-18 06:56:52', '0.0.0.0', 1),
(100, '1739863172689-291-1CFM6W', '1739862896-291-DO60CA', 1, 658, NULL, NULL, NULL, NULL, 291, 'pic_gfeast-291-1739863171697.jpg', 'image', NULL, NULL, '2025-02-18 07:19:38', '0.0.0.0', 1),
(101, '1739863176664-291-7KWN2B', '1739862896-291-DO60CA', 1, 657, NULL, NULL, NULL, NULL, 291, 'pic_gfeast-291-1739863175811.jpg', 'image', NULL, NULL, '2025-02-18 07:19:38', '0.0.0.0', 1),
(102, '1739945601209-291-9S6AQY', '1739945393-291-C7ES4T', 1, 658, NULL, NULL, NULL, NULL, 291, 'pic_gfeast-291-1739945600407.jpg', 'image', NULL, NULL, '2025-02-19 06:13:24', '0.0.0.0', 1),
(103, '1739945597791-291-PZG6I8', '1739945393-291-C7ES4T', 1, 657, NULL, NULL, NULL, NULL, 291, 'pic_gfeast-291-1739945596808.jpg', 'image', NULL, NULL, '2025-02-19 06:13:24', '0.0.0.0', 1),
(104, '1740033683946-291-T7SOM0', '1740033663-291-R7N4GH', 1, 657, NULL, NULL, NULL, NULL, 291, 'pic_gfeast-291-1740033683197.jpg', 'image', NULL, NULL, '2025-02-20 06:41:47', '192.168.1.3', 1),
(105, '1740033704833-291-C6JHR7', '1740033663-291-R7N4GH', 1, 658, NULL, NULL, NULL, NULL, 291, 'pic_gfeast-291-1740033704149.jpg', 'image', NULL, NULL, '2025-02-20 06:41:47', '192.168.1.3', 1),
(106, '1740042334205-297-E3ZU5F', '1739952025-297-UVFP91', 1, 658, NULL, NULL, NULL, NULL, 297, 'pic_gfeast-297-1740042333574.jpg', 'image', NULL, NULL, '2025-02-20 09:06:04', '10.6.20.218', 1),
(107, '1740042347423-297-NTP7J9', '1739952025-297-UVFP91', 1, 657, NULL, NULL, NULL, NULL, 297, 'pic_gfeast-297-1740042346911.jpg', 'image', NULL, NULL, '2025-02-20 09:06:04', '10.6.20.218', 1),
(108, '1740042341384-297-HJD7Z4', '1739952025-297-UVFP91', 1, 657, NULL, NULL, NULL, NULL, 297, 'pic_gfeast-297-1740042340900.jpg', 'image', NULL, NULL, '2025-02-20 09:06:04', '10.6.20.218', 1),
(109, '1740042351589-297-8M0FBY', '1739952025-297-UVFP91', 1, 658, NULL, NULL, NULL, NULL, 297, 'pic_gfeast-297-1740042351056.jpg', 'image', NULL, NULL, '2025-02-20 09:06:04', '10.6.20.218', 1),
(110, '1740060923638-296-7OFVZ6', '1740060368-296-70KCBW', 1, 657, NULL, NULL, NULL, NULL, 296, 'pic_gfeast-296-1740060923073.jpg', 'image', NULL, NULL, '2025-02-20 14:15:28', '192.168.1.6', 1),
(111, '1740060926360-296-8G9AXK', '1740060368-296-70KCBW', 1, 658, NULL, NULL, NULL, NULL, 296, 'pic_gfeast-296-1740060925868.jpg', 'image', NULL, NULL, '2025-02-20 14:15:28', '192.168.1.6', 1),
(112, '1740060933118-296-UP8YT4', '1740060368-296-70KCBW', 1, 657, NULL, NULL, NULL, NULL, 296, 'pic_gfeast-296-1740060932685.jpg', 'image', NULL, NULL, '2025-02-20 14:15:37', '192.168.1.6', 1),
(113, '1740060936128-296-K3XN5C', '1740060368-296-70KCBW', 1, 658, NULL, NULL, NULL, NULL, 296, 'pic_gfeast-296-1740060935706.jpg', 'image', NULL, NULL, '2025-02-20 14:15:37', '192.168.1.6', 1),
(114, '1740063411794-296-FI1K6U', '1740062402-296-5P2GAM', 1, 657, NULL, NULL, NULL, NULL, 296, 'pic_gfeast-296-1740063411274.jpg', 'image', NULL, NULL, '2025-02-20 14:56:55', '192.168.1.7', 1),
(115, '1740063414464-296-R21QWX', '1740062402-296-5P2GAM', 1, 658, NULL, NULL, NULL, NULL, 296, 'pic_gfeast-296-1740063414115.jpg', 'image', NULL, NULL, '2025-02-20 14:56:55', '192.168.1.7', 1),
(116, '1740063925315-296-D16UOR', '1740063669-296-DV86SN', 1, 657, NULL, NULL, NULL, NULL, 296, 'pic_gfeast-296-1740063924903.jpg', 'image', NULL, NULL, '2025-02-20 15:05:28', '192.168.1.7', 1),
(117, '1740063927661-296-H36MUZ', '1740063669-296-DV86SN', 1, 658, NULL, NULL, NULL, NULL, 296, 'pic_gfeast-296-1740063927191.jpg', 'image', NULL, NULL, '2025-02-20 15:05:28', '192.168.1.7', 1),
(118, '1740140985846-291-8QBR7Y', '1740033663-291-R7N4GH', 1, 657, NULL, NULL, NULL, NULL, 291, 'pic_gfeast-291-1740140985589.jpg', 'image', NULL, NULL, '2025-02-21 12:29:56', '0.0.0.0', 1),
(119, '1740140994935-291-Q3FT7R', '1740033663-291-R7N4GH', 1, 658, NULL, NULL, NULL, NULL, 291, 'pic_gfeast-291-1740140994727.jpg', 'image', NULL, NULL, '2025-02-21 12:29:56', '0.0.0.0', 1),
(120, '1740384003261-300-ND6O2F', '1740383516-300-IYD8U6', 1, 657, NULL, NULL, NULL, NULL, 300, 'pic_gfeast-300-1740384002585.jpg', 'image', NULL, NULL, '2025-02-24 08:00:07', '0.0.0.0', 1),
(121, '1740384005820-300-BZ24OP', '1740383516-300-IYD8U6', 1, 658, NULL, NULL, NULL, NULL, 300, 'pic_gfeast-300-1740384005242.jpg', 'image', NULL, NULL, '2025-02-24 08:00:07', '0.0.0.0', 1),
(122, '1740398247450-300-5WGYQ1', '1740397855-300-FQ63WY', 1, 657, NULL, NULL, NULL, NULL, 300, 'pic_gfeast-300-1740398246814.jpg', 'image', NULL, NULL, '2025-02-24 11:57:32', '0.0.0.0', 1),
(123, '1740398250328-300-YME58V', '1740397855-300-FQ63WY', 1, 658, NULL, NULL, NULL, NULL, 300, 'pic_gfeast-300-1740398249788.jpg', 'image', NULL, NULL, '2025-02-24 11:57:32', '0.0.0.0', 1),
(124, '1740398734050-300-TI7AY8', '1740398358-300-VDWQ64', 1, 657, NULL, NULL, NULL, NULL, 300, 'pic_gfeast-300-1740398733479.jpg', 'image', NULL, NULL, '2025-02-24 12:05:38', '0.0.0.0', 1),
(125, '1740398737447-300-6XA2UG', '1740398358-300-VDWQ64', 1, 658, NULL, NULL, NULL, NULL, 300, 'pic_gfeast-300-1740398736874.jpg', 'image', NULL, NULL, '2025-02-24 12:05:38', '0.0.0.0', 1),
(126, '1740399168407-300-O1JM9W', '1740382607-300-82KYRS', 1, 657, NULL, NULL, NULL, NULL, 300, 'pic_gfeast-300-1740399167815.jpg', 'image', NULL, NULL, '2025-02-24 12:13:02', '0.0.0.0', 1),
(127, '1740399171684-300-RYPA29', '1740382607-300-82KYRS', 1, 658, NULL, NULL, NULL, NULL, 300, 'pic_gfeast-300-1740399171131.jpg', 'image', NULL, NULL, '2025-02-24 12:13:02', '0.0.0.0', 1),
(128, '1740399663262-300-4GH0JT', '1740399288-300-3DK1XT', 1, 657, NULL, NULL, NULL, NULL, 300, 'pic_gfeast-300-1740399662604.jpg', 'image', NULL, NULL, '2025-02-24 12:21:11', '0.0.0.0', 1),
(129, '1740399670362-300-PQIJ98', '1740399288-300-3DK1XT', 1, 658, NULL, NULL, NULL, NULL, 300, 'pic_gfeast-300-1740399669805.jpg', 'image', NULL, NULL, '2025-02-24 12:21:11', '0.0.0.0', 1),
(130, '1740405677939-300-I3BVM1', '1740405261-300-V89YIU', 1, 657, NULL, NULL, NULL, NULL, 300, 'pic_gfeast-300-1740405677227.jpg', 'image', NULL, NULL, '2025-02-24 14:01:22', '0.0.0.0', 1),
(131, '1740405680601-300-JX6A1Y', '1740405261-300-V89YIU', 1, 658, NULL, NULL, NULL, NULL, 300, 'pic_gfeast-300-1740405680158.jpg', 'image', NULL, NULL, '2025-02-24 14:01:22', '0.0.0.0', 1),
(132, '1740482946039-300-0MDGT9', '1740482125-300-2DZX7E', 1, 657, NULL, NULL, NULL, NULL, 300, 'pic_gfeast-300-1740482945416.jpg', 'image', NULL, NULL, '2025-02-25 11:29:13', '0.0.0.0', 1),
(133, '1740482950578-300-4LI2CX', '1740482125-300-2DZX7E', 1, 658, NULL, NULL, NULL, NULL, 300, 'pic_gfeast-300-1740482950020.jpg', 'image', NULL, NULL, '2025-02-25 11:29:13', '0.0.0.0', 1),
(134, '1740566473604-296-4JRY9M', '1740566144-296-5O0EZH', 1, 657, NULL, NULL, NULL, NULL, 296, 'pic_gfeast-296-1740566473148.jpg', 'image', NULL, NULL, '2025-02-26 10:41:17', '192.168.1.2', 1),
(135, '1740566476081-296-ULZ14C', '1740566144-296-5O0EZH', 1, 658, NULL, NULL, NULL, NULL, 296, 'pic_gfeast-296-1740566475510.jpg', 'image', NULL, NULL, '2025-02-26 10:41:17', '192.168.1.2', 1),
(136, '1740642097220-300-EF8O4A', '1740641336-300-R8U5LP', 1, 657, NULL, NULL, NULL, NULL, 300, 'pic_gfeast-300-1740642096803.jpg', 'image', NULL, NULL, '2025-02-27 07:41:51', '0.0.0.0', 1),
(137, '1740642109004-300-C9GM8T', '1740641336-300-R8U5LP', 1, 658, NULL, NULL, NULL, NULL, 300, 'pic_gfeast-300-1740642108405.jpg', 'image', NULL, NULL, '2025-02-27 07:41:51', '0.0.0.0', 1),
(138, '1740645057526-302-TNXR54', '1740644759-302-OC2HL1', 1, 657, NULL, NULL, NULL, NULL, 302, 'pic_gfeast-302-1740645056116.jpg', 'image', NULL, NULL, '2025-02-27 08:31:04', '0.0.0.0', 1),
(139, '1740645062568-302-NK6BR9', '1740644759-302-OC2HL1', 1, 658, NULL, NULL, NULL, NULL, 302, 'pic_gfeast-302-1740645061598.jpg', 'image', NULL, NULL, '2025-02-27 08:31:04', '0.0.0.0', 1),
(141, '1740646546870-302-RKA53N', '1740646311-302-J1Z0WN', 1, 657, NULL, NULL, NULL, NULL, 302, 'pic_gfeast-302-1740646545785.jpg', 'image', NULL, NULL, '2025-02-27 08:55:52', '0.0.0.0', 1),
(143, '1740646551207-302-H17DPM', '1740646311-302-J1Z0WN', 1, 658, NULL, NULL, NULL, NULL, 302, 'pic_gfeast-302-1740646550256.jpg', 'image', NULL, NULL, '2025-02-27 08:55:52', '0.0.0.0', 1),
(145, '1740719397249-303-6FXDG9', '1740718783-303-CAXJ48', 1, 657, NULL, NULL, NULL, NULL, 303, 'pic_gfeast-303-1740719396586.jpg', 'image', NULL, NULL, '2025-02-28 05:10:05', '10.6.20.120', 1),
(146, '1740719401957-303-RA6T1M', '1740718783-303-CAXJ48', 1, 658, NULL, NULL, NULL, NULL, 303, 'pic_gfeast-303-1740719401427.jpg', 'image', NULL, NULL, '2025-02-28 05:10:05', '10.6.20.120', 1),
(147, '1740736665540-304-R6K0HJ', '1740728859-304-0US4PG', 1, 657, NULL, NULL, NULL, NULL, 304, 'pic_gfeast-304-1740736665098.jpg', 'image', NULL, NULL, '2025-02-28 09:57:49', '192.168.1.6', 1),
(148, '1740736668147-304-S8L3AJ', '1740728859-304-0US4PG', 1, 658, NULL, NULL, NULL, NULL, 304, 'pic_gfeast-304-1740736667649.jpg', 'image', NULL, NULL, '2025-02-28 09:57:49', '192.168.1.6', 1),
(149, '1740747274153-304-3VLG7A', '1740746995-304-96BRIL', 1, 657, NULL, NULL, NULL, NULL, 304, 'pic_gfeast-304-1740747273373.jpg', 'image', NULL, NULL, '2025-02-28 12:54:36', '192.168.1.7', 1),
(150, '1740756573649-304-2FIJR0', '1740755813-304-XP6T5N', 1, 658, NULL, NULL, NULL, NULL, 304, 'pic_gfeast-304-1740756573126.jpg', 'image', NULL, NULL, '2025-02-28 15:29:35', '192.168.1.6', 1),
(151, '1740756571329-304-SP6E3U', '1740755813-304-XP6T5N', 1, 657, NULL, NULL, NULL, NULL, 304, 'pic_gfeast-304-1740756570723.jpg', 'image', NULL, NULL, '2025-02-28 15:29:35', '192.168.1.6', 1),
(152, '1740769325102-304-J73HAU', '1740769018-304-HVI8W2', 1, 657, NULL, NULL, NULL, NULL, 304, 'pic_gfeast-304-1740769324458.jpg', 'image', NULL, NULL, '2025-02-28 19:02:11', '192.168.1.6', 1),
(153, '1740769330178-304-DAY04H', '1740769018-304-HVI8W2', 1, 658, NULL, NULL, NULL, NULL, 304, 'pic_gfeast-304-1740769329579.jpg', 'image', NULL, NULL, '2025-02-28 19:02:11', '192.168.1.6', 1),
(154, '1740802963828-306-0PEQ4F', '1740802674-306-KF56RI', 1, 658, NULL, NULL, NULL, NULL, 306, 'pic_gfeast-306-1740802963316.jpg', 'image', NULL, NULL, '2025-03-01 04:22:55', '172.20.10.4', 1),
(155, '1740802959802-306-C0L4SD', '1740802674-306-KF56RI', 1, 657, NULL, NULL, NULL, NULL, 306, 'pic_gfeast-306-1740802959131.jpg', 'image', NULL, NULL, '2025-03-01 04:22:55', '172.20.10.4', 1),
(156, '1740802968162-306-78OHGK', '1740802674-306-KF56RI', 1, 658, NULL, NULL, NULL, NULL, 306, 'pic_gfeast-306-1740802967651.jpg', 'image', NULL, NULL, '2025-03-01 04:22:55', '172.20.10.4', 1),
(157, '1740802972165-306-3C5KYV', '1740802674-306-KF56RI', 1, 657, NULL, NULL, NULL, NULL, 306, 'pic_gfeast-306-1740802971680.jpg', 'image', NULL, NULL, '2025-03-01 04:22:55', '172.20.10.4', 1),
(158, '1740821267789-304-4DKJ1C', '1740820820-304-CM2BK8', 1, 657, NULL, NULL, NULL, NULL, 304, 'pic_gfeast-304-1740821266907.jpg', 'image', NULL, NULL, '2025-03-01 09:27:52', '192.168.1.6', 1),
(159, '1740821270874-304-8CRMU0', '1740820820-304-CM2BK8', 1, 658, NULL, NULL, NULL, NULL, 304, 'pic_gfeast-304-1740821270349.jpg', 'image', NULL, NULL, '2025-03-01 09:27:52', '192.168.1.6', 1),
(160, '1740825201069-307-B1M6ZR', '1740824984-307-JM6N0R', 1, 657, NULL, NULL, NULL, NULL, 307, 'pic_gfeast-307-1740825200492.jpg', 'image', NULL, NULL, '2025-03-01 10:33:24', '192.168.1.6', 1),
(161, '1740825203516-307-DP3A1Y', '1740824984-307-JM6N0R', 1, 658, NULL, NULL, NULL, NULL, 307, 'pic_gfeast-307-1740825202995.jpg', 'image', NULL, NULL, '2025-03-01 10:33:24', '192.168.1.6', 1),
(162, '1740899757154-304-V2XD9C', '1740899298-304-1UV3NF', 1, 657, NULL, NULL, NULL, NULL, 304, 'pic_gfeast-304-1740899756508.jpg', 'image', NULL, NULL, '2025-03-02 07:16:04', '192.168.1.6', 1),
(163, '1740899762060-304-A1XBH3', '1740899298-304-1UV3NF', 1, 658, NULL, NULL, NULL, NULL, 304, 'pic_gfeast-304-1740899761513.jpg', 'image', NULL, NULL, '2025-03-02 07:16:04', '192.168.1.6', 1),
(164, '1740905139053-308-SDA8J0', '1740904893-308-26TJHN', 1, 658, NULL, NULL, NULL, NULL, 308, 'pic_gfeast-308-1740905138485.jpg', 'image', NULL, NULL, '2025-03-02 08:45:40', '192.168.1.6', 1),
(165, '1740905136397-308-SN76JK', '1740904893-308-26TJHN', 1, 657, NULL, NULL, NULL, NULL, 308, 'pic_gfeast-308-1740905135739.jpg', 'image', NULL, NULL, '2025-03-02 08:45:40', '192.168.1.6', 1),
(166, '1740909494111-308-I2XRG0', '1740909276-308-M3BO0W', 1, 658, NULL, NULL, NULL, NULL, 308, 'pic_gfeast-308-1740909493593.jpg', 'image', NULL, NULL, '2025-03-02 09:58:19', '192.168.1.6', 1),
(167, '1740909491679-308-GVP84M', '1740909276-308-M3BO0W', 1, 657, NULL, NULL, NULL, NULL, 308, 'pic_gfeast-308-1740909491183.jpg', 'image', NULL, NULL, '2025-03-02 09:58:19', '192.168.1.6', 1),
(168, '1740982043852-308-TJ5OI1', '1740981816-308-4IDOS5', 1, 657, NULL, NULL, NULL, NULL, 308, 'pic_gfeast-308-1740982043258.jpg', 'image', NULL, NULL, '2025-03-03 06:07:27', '192.168.1.6', 1),
(169, '1740982046230-308-QLJB54', '1740981816-308-4IDOS5', 1, 658, NULL, NULL, NULL, NULL, 308, 'pic_gfeast-308-1740982045817.jpg', 'image', NULL, NULL, '2025-03-03 06:07:27', '192.168.1.6', 1),
(170, '1740984039341-308-EV6SW5', '1740983862-308-6LJ9HN', 1, 657, NULL, NULL, NULL, NULL, 308, 'pic_gfeast-308-1740984038182.jpg', 'image', NULL, NULL, '2025-03-03 06:40:44', '0.0.0.0', 1),
(171, '1740984041599-308-QAD41W', '1740983862-308-6LJ9HN', 1, 658, NULL, NULL, NULL, NULL, 308, 'pic_gfeast-308-1740984041212.jpg', 'image', NULL, NULL, '2025-03-03 06:40:44', '0.0.0.0', 1),
(172, '1740984844261-306-VXG78P', '1740984657-306-0B9JAP', 1, 657, NULL, NULL, NULL, NULL, 306, 'pic_gfeast-306-1740984843646.jpg', 'image', NULL, NULL, '2025-03-03 06:54:07', '192.168.0.198', 1),
(173, '1741543803663-308-FCB92E', '1741543495-308-HGYI43', 1, 657, NULL, NULL, NULL, NULL, 308, 'pic_gfeast-308-1741543803106.jpg', 'image', NULL, NULL, '2025-03-09 18:10:07', '192.168.1.6', 1),
(174, '1741543806307-308-2EUQN5', '1741543495-308-HGYI43', 1, 658, NULL, NULL, NULL, NULL, 308, 'pic_gfeast-308-1741543805849.jpg', 'image', NULL, NULL, '2025-03-09 18:10:07', '192.168.1.6', 1),
(176, '1741589513615-308-6N8CEX', '1741589281-308-UB3OM1', 1, 657, NULL, NULL, NULL, NULL, 308, 'pic_gfeast-308-1741589513074.jpg', 'image', NULL, NULL, '2025-03-10 06:51:57', '192.168.1.6', 1),
(177, '1741589516120-308-RJT5C2', '1741589281-308-UB3OM1', 1, 658, NULL, NULL, NULL, NULL, 308, 'pic_gfeast-308-1741589515716.jpg', 'image', NULL, NULL, '2025-03-10 06:51:57', '192.168.1.6', 1),
(178, '1741591916409-308-3VFSJ7', '1741591662-308-K3PJ7T', 1, 657, NULL, NULL, NULL, NULL, 308, 'pic_gfeast-308-1741591915898.jpg', 'image', NULL, NULL, '2025-03-10 07:32:00', '192.168.1.6', 1),
(179, '1741591918830-308-KD02CJ', '1741591662-308-K3PJ7T', 1, 658, NULL, NULL, NULL, NULL, 308, 'pic_gfeast-308-1741591918405.jpg', 'image', NULL, NULL, '2025-03-10 07:32:00', '192.168.1.6', 1),
(180, '1741758567049-306-XW2G6N', '1741758275-306-1MFQ4G', 1, 657, NULL, NULL, NULL, NULL, 306, 'pic_gfeast-306-1741758566303.jpg', 'image', NULL, NULL, '2025-03-12 05:49:48', '0.0.0.0', 1),
(181, '1741758571796-306-2XP4NJ', '1741758275-306-1MFQ4G', 1, 658, NULL, NULL, NULL, NULL, 306, 'pic_gfeast-306-1741758571292.jpg', 'image', NULL, NULL, '2025-03-12 05:49:48', '0.0.0.0', 1),
(182, '1741764630285-313-X7TQL5', '1741763849-313-KNU1C7', 1, 657, NULL, NULL, NULL, NULL, 313, 'pic_gfeast-313-1741764629433.jpg', 'image', NULL, NULL, '2025-03-12 07:31:52', '192.168.1.43', 1),
(183, '1741764636553-313-4A8YCW', '1741763849-313-KNU1C7', 1, 658, NULL, NULL, NULL, NULL, 313, 'pic_gfeast-313-1741764635933.jpg', 'image', NULL, NULL, '2025-03-12 07:31:52', '192.168.1.43', 1),
(184, '1743161622254-314-ZRE3Y4', '1743161236-314-L5JME2', 1, 657, NULL, NULL, NULL, NULL, 314, 'pic_gfeast-314-1743161621163.jpg', 'image', NULL, NULL, '2025-03-28 11:33:47', '0.0.0.0', 1),
(185, '1743161626111-314-GZT90A', '1743161236-314-L5JME2', 1, 658, NULL, NULL, NULL, NULL, 314, 'pic_gfeast-314-1743161625233.jpg', 'image', NULL, NULL, '2025-03-28 11:33:47', '0.0.0.0', 1),
(187, '1743756465617-315-5ZJYT9', '1743756073-315-59IECY', 1, 658, NULL, NULL, NULL, NULL, 315, 'pic_gfeast-315-1743756465169.jpg', 'image', NULL, NULL, '2025-04-04 08:47:46', '192.168.1.7', 1),
(188, '1743756463352-315-7VY5TS', '1743756073-315-59IECY', 1, 657, NULL, NULL, NULL, NULL, 315, 'pic_gfeast-315-1743756462911.jpg', 'image', NULL, NULL, '2025-04-04 08:47:46', '192.168.1.7', 1),
(189, '1743939380617-315-ETW9N4', '1743938766-315-GYB8X7', 1, 657, NULL, NULL, NULL, NULL, 315, 'pic_gfeast-315-1743939379985.jpg', 'image', NULL, NULL, '2025-04-06 11:36:25', '0.0.0.0', 1),
(190, '1743939383638-315-ZWT13C', '1743938766-315-GYB8X7', 1, 658, NULL, NULL, NULL, NULL, 315, 'pic_gfeast-315-1743939383081.jpg', 'image', NULL, NULL, '2025-04-06 11:36:25', '0.0.0.0', 1),
(192, '1743940832685-315-4A3WJO', '1743939504-315-L1POB4', 1, 658, NULL, NULL, NULL, NULL, 315, 'pic_gfeast-315-1743940832138.jpg', 'image', NULL, NULL, '2025-04-06 12:00:34', '0.0.0.0', 1),
(193, '1743940829850-315-X2ED7V', '1743939504-315-L1POB4', 1, 657, NULL, NULL, NULL, NULL, 315, 'pic_gfeast-315-1743940829201.jpg', 'image', NULL, NULL, '2025-04-06 12:00:34', '0.0.0.0', 1),
(196, '1743941255234-315-2HOA5N', '1743940958-315-2P1GMU', 1, 657, NULL, NULL, NULL, NULL, 315, 'pic_gfeast-315-1743941254611.jpg', 'image', NULL, NULL, '2025-04-06 12:07:38', '0.0.0.0', 1),
(197, '1743941257713-315-NQ84YA', '1743940958-315-2P1GMU', 1, 658, NULL, NULL, NULL, NULL, 315, 'pic_gfeast-315-1743941257174.jpg', 'image', NULL, NULL, '2025-04-06 12:07:38', '0.0.0.0', 1),
(198, '1744131178254-320-12WBGY', '1744130930-320-EX4GQ5', 1, 657, NULL, NULL, NULL, NULL, 320, 'pic_gfeast-320-1744131177720.jpg', 'image', NULL, NULL, '2025-04-08 16:53:02', '192.168.1.5', 1),
(199, '1744131180860-320-GCZ42H', '1744130930-320-EX4GQ5', 1, 658, NULL, NULL, NULL, NULL, 320, 'pic_gfeast-320-1744131180346.jpg', 'image', NULL, NULL, '2025-04-08 16:53:02', '192.168.1.5', 1),
(200, '1744131486822-320-7P2EUK', '1744131192-320-5G6MUO', 1, 658, NULL, NULL, NULL, NULL, 320, 'pic_gfeast-320-1744131486420.jpg', 'image', NULL, NULL, '2025-04-08 16:58:08', '192.168.1.5', 1),
(201, '1744131484602-320-G7Z5YB', '1744131192-320-5G6MUO', 1, 657, NULL, NULL, NULL, NULL, 320, 'pic_gfeast-320-1744131484133.jpg', 'image', NULL, NULL, '2025-04-08 16:58:08', '192.168.1.5', 1),
(202, '1744131930019-320-PVR09A', '1744131497-320-3TZI0J', 1, 657, NULL, NULL, NULL, NULL, 320, 'pic_gfeast-320-1744131929567.jpg', 'image', NULL, NULL, '2025-04-08 17:05:33', '192.168.1.5', 1),
(203, '1744131932088-320-35WNEK', '1744131497-320-3TZI0J', 1, 658, NULL, NULL, NULL, NULL, 320, 'pic_gfeast-320-1744131931704.jpg', 'image', NULL, NULL, '2025-04-08 17:05:33', '192.168.1.5', 1),
(204, '1744186791859-320-BR27OI', '1744186566-320-UN8ED1', 1, 657, NULL, NULL, NULL, NULL, 320, 'pic_gfeast-320-1744186791231.jpg', 'image', NULL, NULL, '2025-04-09 08:19:55', '192.168.1.5', 1),
(205, '1744186793886-320-X96JPS', '1744186566-320-UN8ED1', 1, 658, NULL, NULL, NULL, NULL, 320, 'pic_gfeast-320-1744186793496.jpg', 'image', NULL, NULL, '2025-04-09 08:19:55', '192.168.1.5', 1),
(206, '1744611101879-321-WD0XV6', '1744610928-321-GE7NA2', 1, 657, NULL, NULL, NULL, NULL, 321, 'pic_gfeast-321-1744611100002.jpg', 'image', NULL, NULL, '2025-04-14 06:11:49', '0.0.0.0', 1),
(207, '1744611106452-321-6UXW3C', '1744610928-321-GE7NA2', 1, 658, NULL, NULL, NULL, NULL, 321, 'pic_gfeast-321-1744611104426.jpg', 'image', NULL, NULL, '2025-04-14 06:11:49', '0.0.0.0', 1),
(208, '1744782596423-322-QZNJ39', '1744782198-322-WR7H8E', 1, 657, NULL, NULL, NULL, NULL, 322, 'pic_gfeast-322-1744782594546.jpg', 'image', NULL, NULL, '2025-04-16 05:50:03', '0.0.0.0', 1),
(209, '1744782600755-322-1WMKV7', '1744782198-322-WR7H8E', 1, 658, NULL, NULL, NULL, NULL, 322, 'pic_gfeast-322-1744782598902.jpg', 'image', NULL, NULL, '2025-04-16 05:50:03', '0.0.0.0', 1),
(212, '1744882114550-323-W0EV8Z', '1744881429-323-7CGYZ0', 1, 658, NULL, NULL, NULL, NULL, 323, 'pic_gfeast-323-1744882114207.jpg', 'image', NULL, NULL, '2025-04-17 09:28:35', '192.168.1.3', 1),
(213, '1744882110966-323-BH8G1O', '1744881429-323-7CGYZ0', 1, 657, NULL, NULL, NULL, NULL, 323, 'pic_gfeast-323-1744882110549.jpg', 'image', NULL, NULL, '2025-04-17 09:28:35', '192.168.1.3', 1),
(214, '1744882614405-323-SW9H2X', '1744882277-323-QS5WC9', 1, 657, NULL, NULL, NULL, NULL, 323, 'pic_gfeast-323-1744882613995.jpg', 'image', NULL, NULL, '2025-04-17 09:37:00', '192.168.1.3', 1),
(215, '1744882618620-323-1Y2FZA', '1744882277-323-QS5WC9', 1, 658, NULL, NULL, NULL, NULL, 323, 'pic_gfeast-323-1744882618240.jpg', 'image', NULL, NULL, '2025-04-17 09:37:00', '192.168.1.3', 1),
(216, '1744883271787-323-T8V9NQ', '1744882680-323-HKZ6O9', 1, 658, NULL, NULL, NULL, NULL, 323, 'pic_gfeast-323-1744883271215.jpg', 'image', NULL, NULL, '2025-04-17 09:47:54', '192.168.1.3', 1),
(217, '1744883264961-323-8V1DYE', '1744882680-323-HKZ6O9', 1, 657, NULL, NULL, NULL, NULL, 323, 'pic_gfeast-323-1744883264308.jpg', 'image', NULL, NULL, '2025-04-17 09:47:54', '192.168.1.3', 1),
(218, '1744884300784-323-19QJBU', '1744883356-323-ETAX98', 1, 658, NULL, NULL, NULL, NULL, 323, 'pic_gfeast-323-1744884300377.jpg', 'image', NULL, NULL, '2025-04-17 10:05:02', '192.168.1.3', 1),
(219, '1744884296144-323-SJ2G3W', '1744883356-323-ETAX98', 1, 657, NULL, NULL, NULL, NULL, 323, 'pic_gfeast-323-1744884295713.jpg', 'image', NULL, NULL, '2025-04-17 10:05:02', '192.168.1.3', 1),
(220, '1744884616123-323-3Q7GXV', '1744884357-323-JGHE53', 1, 657, NULL, NULL, NULL, NULL, 323, 'pic_gfeast-323-1744884615755.jpg', 'image', NULL, NULL, '2025-04-17 10:10:21', '192.168.1.3', 1),
(221, '1744884620352-323-M4C3OU', '1744884357-323-JGHE53', 1, 658, NULL, NULL, NULL, NULL, 323, 'pic_gfeast-323-1744884619987.jpg', 'image', NULL, NULL, '2025-04-17 10:10:21', '192.168.1.3', 1),
(222, '1744884956063-323-31JSNF', '1744884678-323-3I7UHW', 1, 658, NULL, NULL, NULL, NULL, 323, 'pic_gfeast-323-1744884955441.jpg', 'image', NULL, NULL, '2025-04-17 10:15:57', '192.168.1.3', 1),
(223, '1744884950866-323-A2CX1S', '1744884678-323-3I7UHW', 1, 657, NULL, NULL, NULL, NULL, 323, 'pic_gfeast-323-1744884950230.jpg', 'image', NULL, NULL, '2025-04-17 10:15:57', '192.168.1.3', 1),
(224, '1745170907556-324-SAG7Z6', '1745170576-324-C7ZM6L', 1, 658, NULL, NULL, NULL, NULL, 324, 'pic_gfeast-324-1745170907286.jpg', 'image', NULL, NULL, '2025-04-20 17:41:48', '192.168.1.3', 1),
(225, '1745170905557-324-9NCIT8', '1745170576-324-C7ZM6L', 1, 657, NULL, NULL, NULL, NULL, 324, 'pic_gfeast-324-1745170905251.jpg', 'image', NULL, NULL, '2025-04-20 17:41:48', '192.168.1.3', 1),
(226, '1745304204360-325-XYP92O', '1745303701-325-7BAX1C', 1, 657, NULL, NULL, NULL, NULL, 325, 'pic_gfeast-325-1745304203822.jpg', 'image', NULL, NULL, '2025-04-22 06:43:29', '192.168.1.4', 1),
(227, '1745304206451-325-D80IGW', '1745303701-325-7BAX1C', 1, 658, NULL, NULL, NULL, NULL, 325, 'pic_gfeast-325-1745304206158.jpg', 'image', NULL, NULL, '2025-04-22 06:43:29', '192.168.1.4', 1),
(228, '1745385814039-297-ELS89D', '1745385453-297-XL19DA', 1, 657, NULL, NULL, NULL, NULL, 297, 'pic_gfeast-297-1745385813290.jpg', 'image', NULL, NULL, '2025-04-23 05:23:36', '192.168.1.42', 1),
(229, '1746595617149-329-6C1YZK', '1746591944-329-GD98KE', 1, 657, NULL, NULL, NULL, NULL, 329, 'pic_gfeast-329-1746595616688.jpg', 'image', NULL, NULL, '2025-05-07 05:27:00', '10.6.22.223', 1),
(230, '1747326922806-322-LNXI34', '1747326765-322-VT06EY', 1, 657, NULL, NULL, NULL, NULL, 322, 'pic_gfeast-322-1747326920693.jpg', 'image', NULL, NULL, '2025-05-15 16:35:29', '0.0.0.0', 1),
(231, '1747326927941-322-BKZ2P4', '1747326765-322-VT06EY', 1, 658, NULL, NULL, NULL, NULL, 322, 'pic_gfeast-322-1747326926102.jpg', 'image', NULL, NULL, '2025-05-15 16:35:29', '0.0.0.0', 1),
(232, '1747327130261-322-R95ONI', '1747326994-322-ZDWT75', 1, 657, NULL, NULL, NULL, NULL, 322, 'pic_gfeast-322-1747327128287.jpg', 'image', NULL, NULL, '2025-05-15 16:38:56', '0.0.0.0', 1),
(233, '1747327135096-322-KUNP56', '1747326994-322-ZDWT75', 1, 658, NULL, NULL, NULL, NULL, 322, 'pic_gfeast-322-1747327133262.jpg', 'image', NULL, NULL, '2025-05-15 16:38:56', '0.0.0.0', 1),
(234, '1747358365823-330-B71ALS', '1747357883-330-T1CL4W', 1, 657, NULL, NULL, NULL, NULL, 330, 'pic_gfeast-330-1747358365374.jpg', 'image', NULL, NULL, '2025-05-16 01:19:29', '192.168.1.8', 1),
(235, '1747358368047-330-J7ITO1', '1747357883-330-T1CL4W', 1, 658, NULL, NULL, NULL, NULL, 330, 'pic_gfeast-330-1747358367532.jpg', 'image', NULL, NULL, '2025-05-16 01:19:29', '192.168.1.8', 1),
(236, '1747360278207-330-X3YL6V', '1747359947-330-IOS81U', 1, 657, NULL, NULL, NULL, NULL, 330, 'pic_gfeast-330-1747360277930.jpg', 'image', NULL, NULL, '2025-05-16 01:51:21', '192.168.1.8', 1),
(237, '1747360280291-330-R5FS9K', '1747359947-330-IOS81U', 1, 658, NULL, NULL, NULL, NULL, 330, 'pic_gfeast-330-1747360279809.jpg', 'image', NULL, NULL, '2025-05-16 01:51:21', '192.168.1.8', 1),
(238, '1747360558127-330-JB7LV8', '1747360318-330-7YJOM5', 1, 657, NULL, NULL, NULL, NULL, 330, 'pic_gfeast-330-1747360557720.jpg', 'image', NULL, NULL, '2025-05-16 01:56:01', '192.168.1.8', 1),
(239, '1747360560102-330-QIS1P6', '1747360318-330-7YJOM5', 1, 658, NULL, NULL, NULL, NULL, 330, 'pic_gfeast-330-1747360559633.jpg', 'image', NULL, NULL, '2025-05-16 01:56:01', '192.168.1.8', 1),
(240, '1748159083587-330-N19LHT', '1748158695-330-OCG67E', 1, 657, NULL, NULL, NULL, NULL, 330, 'pic_gfeast-330-1748159083397.jpg', 'image', NULL, NULL, '2025-05-25 07:44:48', '192.168.1.9', 1),
(241, '1748159086346-330-KO7VG3', '1748158695-330-OCG67E', 1, 658, NULL, NULL, NULL, NULL, 330, 'pic_gfeast-330-1748159086161.jpg', 'image', NULL, NULL, '2025-05-25 07:44:48', '192.168.1.9', 1),
(242, '1748235597001-321-05HOGM', '1748235420-321-9BFQ3P', 1, 658, NULL, NULL, NULL, NULL, 321, 'pic_gfeast-321-1748235595416.jpg', 'image', NULL, NULL, '2025-05-26 04:59:58', '0.0.0.0', 1),
(243, '1748235591828-321-WCB09U', '1748235420-321-9BFQ3P', 1, 657, NULL, NULL, NULL, NULL, 321, 'pic_gfeast-321-1748235590064.jpg', 'image', NULL, NULL, '2025-05-26 04:59:58', '0.0.0.0', 1),
(244, '1748327995311-335-BYS4I3', '1748327590-335-63ISCZ', 1, 657, NULL, NULL, NULL, NULL, 335, 'pic_gfeast-335-1748327994834.jpg', 'image', NULL, NULL, '2025-05-27 06:39:58', '0.0.0.0', 1),
(245, '1748327997429-335-OLBW46', '1748327590-335-63ISCZ', 1, 658, NULL, NULL, NULL, NULL, 335, 'pic_gfeast-335-1748327997121.jpg', 'image', NULL, NULL, '2025-05-27 06:39:58', '0.0.0.0', 1),
(246, '1748333958864-333-XW3IO8', '1748333473-333-YRC23D', 1, 657, NULL, NULL, NULL, NULL, 333, 'pic_gfeast-333-1748333958588.jpg', 'image', NULL, NULL, '2025-05-27 08:19:22', '192.168.1.4', 1),
(247, '1748333960873-333-KXH53R', '1748333473-333-YRC23D', 1, 658, NULL, NULL, NULL, NULL, 333, 'pic_gfeast-333-1748333960443.jpg', 'image', NULL, NULL, '2025-05-27 08:19:22', '192.168.1.4', 1),
(248, '1748411901891-335-YRU52M', '1748411665-335-G47EUB', 1, 658, NULL, NULL, NULL, NULL, 335, 'pic_gfeast-335-1748411901577.jpg', 'image', NULL, NULL, '2025-05-28 05:58:23', '0.0.0.0', 1),
(250, '1748411899968-335-O41LAH', '1748411665-335-G47EUB', 1, 657, NULL, NULL, NULL, NULL, 335, 'pic_gfeast-335-1748411899429.jpg', 'image', NULL, NULL, '2025-05-28 05:58:23', '0.0.0.0', 1),
(252, '1749216696063-306-N2LW1C', '1749208371-306-IQ05SP', 1, 657, NULL, NULL, NULL, NULL, 306, 'pic_gfeast-306-1749216695541.jpg', 'image', NULL, NULL, '2025-06-06 13:31:41', '192.168.1.217', 1),
(253, '1749726153356-328-LO2YK3', '1749725047-328-A68QWU', 1, 658, NULL, NULL, NULL, NULL, 328, 'pic_gfeast-328-1749726152601.jpg', 'image', NULL, NULL, '2025-06-12 11:02:50', '172.20.10.4', 1),
(254, '1749726144605-328-J7BVO6', '1749725047-328-A68QWU', 1, 657, NULL, NULL, NULL, NULL, 328, 'pic_gfeast-328-1749726143376.jpg', 'image', NULL, NULL, '2025-06-12 11:02:50', '172.20.10.4', 1),
(255, '1749727242873-334-1EJ4HB', '1749726720-334-7E2QVK', 1, 658, NULL, NULL, NULL, NULL, 334, 'pic_gfeast-334-1749727241152.jpg', 'image', NULL, NULL, '2025-06-12 11:20:44', '0.0.0.0', 1),
(256, '1749727236970-334-8VK0DF', '1749726720-334-7E2QVK', 1, 657, NULL, NULL, NULL, NULL, 334, 'pic_gfeast-334-1749727235057.jpg', 'image', NULL, NULL, '2025-06-12 11:20:44', '0.0.0.0', 1),
(257, '1749730032208-339-FG71BI', '1749729558-339-X4ID8S', 1, 657, NULL, NULL, NULL, NULL, 339, 'pic_gfeast-339-1749730031656.jpg', 'image', NULL, NULL, '2025-06-12 12:07:16', '0.0.0.0', 1),
(258, '1749730034804-339-M6IW8E', '1749729558-339-X4ID8S', 1, 658, NULL, NULL, NULL, NULL, 339, 'pic_gfeast-339-1749730034297.jpg', 'image', NULL, NULL, '2025-06-12 12:07:16', '0.0.0.0', 1),
(259, '1750059603894-297-C0AE1Z', '1750059386-297-IB5C9V', 1, 657, NULL, NULL, NULL, NULL, 297, 'pic_gfeast-297-1750059603196.jpg', 'image', NULL, NULL, '2025-06-16 07:40:06', '192.168.1.41', 1),
(260, '1750833083461-340-37HTXM', '1750832928-340-ZB2D6A', 1, 658, NULL, NULL, NULL, NULL, 340, 'pic_gfeast-340-1750833081656.jpg', 'image', NULL, NULL, '2025-06-25 06:31:24', '0.0.0.0', 1),
(261, '1750833079154-340-LF9Y1G', '1750832928-340-ZB2D6A', 1, 657, NULL, NULL, NULL, NULL, 340, 'pic_gfeast-340-1750833077133.jpg', 'image', NULL, NULL, '2025-06-25 06:31:24', '0.0.0.0', 1),
(262, '1750833502308-343-0Y6LDN', '1750833342-343-53KUMY', 1, 658, NULL, NULL, NULL, NULL, 343, 'pic_gfeast-343-1750833500415.jpg', 'image', NULL, NULL, '2025-06-25 06:38:23', '0.0.0.0', 1),
(263, '1750833496195-343-PD19JC', '1750833342-343-53KUMY', 1, 657, NULL, NULL, NULL, NULL, 343, 'pic_gfeast-343-1750833494492.jpg', 'image', NULL, NULL, '2025-06-25 06:38:23', '0.0.0.0', 1),
(264, '1750833666468-341-Y0J5DB', '1750833359-341-F6Q4JG', 1, 657, NULL, NULL, NULL, NULL, 341, 'pic_gfeast-341-1750833666187.jpg', 'image', NULL, NULL, '2025-06-25 06:41:10', '192.168.1.4', 1),
(265, '1750833668848-341-V3HO4N', '1750833359-341-F6Q4JG', 1, 658, NULL, NULL, NULL, NULL, 341, 'pic_gfeast-341-1750833668358.jpg', 'image', NULL, NULL, '2025-06-25 06:41:10', '192.168.1.4', 1),
(266, '1750834205121-328-KMCV47', '1750833954-328-3NM2VW', 1, 658, NULL, NULL, NULL, NULL, 328, 'pic_gfeast-328-1750834204662.jpg', 'image', NULL, NULL, '2025-06-25 06:50:07', '192.168.1.4', 1),
(267, '1750834202925-328-DTW9Q4', '1750833954-328-3NM2VW', 1, 657, NULL, NULL, NULL, NULL, 328, 'pic_gfeast-328-1750834202647.jpg', 'image', NULL, NULL, '2025-06-25 06:50:07', '192.168.1.4', 1),
(268, '1750837141050-342-K0JF3L', '1750836962-342-5I4OCT', 1, 657, NULL, NULL, NULL, NULL, 342, 'pic_gfeast-342-1750837140566.jpg', 'image', NULL, NULL, '2025-06-25 07:39:05', '192.168.1.4', 1),
(269, '1750837143183-342-CJ1VA6', '1750836962-342-5I4OCT', 1, 658, NULL, NULL, NULL, NULL, 342, 'pic_gfeast-342-1750837142696.jpg', 'image', NULL, NULL, '2025-06-25 07:39:05', '192.168.1.4', 1),
(270, '1750837405557-342-V9I6GX', '1750837195-342-Y6M5XK', 1, 658, NULL, NULL, NULL, NULL, 342, 'pic_gfeast-342-1750837405080.jpg', 'image', NULL, NULL, '2025-06-25 07:43:26', '192.168.1.4', 1),
(271, '1750837403592-342-0YS3CG', '1750837195-342-Y6M5XK', 1, 657, NULL, NULL, NULL, NULL, 342, 'pic_gfeast-342-1750837403132.jpg', 'image', NULL, NULL, '2025-06-25 07:43:26', '192.168.1.4', 1),
(272, '1750838730106-341-T43KWX', '1750838524-341-A62QFO', 1, 657, NULL, NULL, NULL, NULL, 341, 'pic_gfeast-341-1750838729638.jpg', 'image', NULL, NULL, '2025-06-25 08:05:33', '192.168.1.4', 1),
(273, '1750838732037-341-8SX6AR', '1750838524-341-A62QFO', 1, 658, NULL, NULL, NULL, NULL, 341, 'pic_gfeast-341-1750838731752.jpg', 'image', NULL, NULL, '2025-06-25 08:05:33', '192.168.1.4', 1),
(274, '1750847104117-341-SY80BJ', '1750846919-341-LT95OQ', 1, 657, NULL, NULL, NULL, NULL, 341, 'pic_gfeast-341-1750847103837.jpg', 'image', NULL, NULL, '2025-06-25 10:25:08', '192.168.1.4', 1),
(275, '1750847106147-341-75VKFH', '1750846919-341-LT95OQ', 1, 658, NULL, NULL, NULL, NULL, 341, 'pic_gfeast-341-1750847105835.jpg', 'image', NULL, NULL, '2025-06-25 10:25:08', '192.168.1.4', 1),
(276, '1750926500500-342-5T4AGW', '1750926256-342-C5ZW1T', 1, 657, NULL, NULL, NULL, NULL, 342, 'pic_gfeast-342-1750926499951.jpg', 'image', NULL, NULL, '2025-06-26 08:28:23', '192.168.1.4', 1),
(277, '1750926502539-342-TJ1Y7I', '1750926256-342-C5ZW1T', 1, 658, NULL, NULL, NULL, NULL, 342, 'pic_gfeast-342-1750926502020.jpg', 'image', NULL, NULL, '2025-06-26 08:28:23', '192.168.1.4', 1),
(278, '1750928035245-342-B6RI2W', '1750927842-342-SGO2P8', 1, 658, NULL, NULL, NULL, NULL, 342, 'pic_gfeast-342-1750928034974.jpg', 'image', NULL, NULL, '2025-06-26 08:53:56', '192.168.1.4', 1),
(279, '1750928033548-342-YOMW94', '1750927842-342-SGO2P8', 1, 657, NULL, NULL, NULL, NULL, 342, 'pic_gfeast-342-1750928033276.jpg', 'image', NULL, NULL, '2025-06-26 08:53:56', '192.168.1.4', 1),
(280, '1750933319924-342-AG49PZ', '1750933091-342-T43KQZ', 1, 658, NULL, NULL, NULL, NULL, 342, 'pic_gfeast-342-1750933319458.jpg', 'image', NULL, NULL, '2025-06-26 10:22:01', '192.168.1.4', 1),
(281, '1750933318022-342-7CBHD8', '1750933091-342-T43KQZ', 1, 657, NULL, NULL, NULL, NULL, 342, 'pic_gfeast-342-1750933317745.jpg', 'image', NULL, NULL, '2025-06-26 10:22:01', '192.168.1.4', 1),
(283, '1752821577855-1-QPS05K', '1752820797-1-U6RVA9', 1, 658, NULL, NULL, NULL, NULL, 1, 'pic_gfeast-1-1752821577673.jpg', 'image', NULL, NULL, '2025-07-18 06:53:00', '192.168.1.5', 1),
(284, '1752821575205-1-HZA39F', '1752820797-1-U6RVA9', 1, 657, NULL, NULL, NULL, NULL, 1, 'pic_gfeast-1-1752821574950.jpg', 'image', NULL, NULL, '2025-07-18 06:53:00', '192.168.1.5', 1),
(285, '1754650191544-346-HRMX01', '1754646768-346-P0BQZ8', 1, 657, NULL, NULL, NULL, NULL, 346, 'pic_gfeast-346-1754650191216.jpg', 'image', NULL, NULL, '2025-08-08 10:49:56', '192.168.1.7', 1),
(286, '1754650195347-346-NJ3Y0M', '1754646768-346-P0BQZ8', 1, 658, NULL, NULL, NULL, NULL, 346, 'pic_gfeast-346-1754650194915.jpg', 'image', NULL, NULL, '2025-08-08 10:49:56', '192.168.1.7', 1),
(287, '1754732697491-346-J15RAU', '1754730378-346-B2KFS1', 1, 658, NULL, NULL, NULL, NULL, 346, 'pic_gfeast-346-1754732696957.jpg', 'image', NULL, NULL, '2025-08-09 09:44:58', '192.168.1.7', 1),
(288, '1754732693558-346-EW4S7F', '1754730378-346-B2KFS1', 1, 657, NULL, NULL, NULL, NULL, 346, 'pic_gfeast-346-1754732693163.jpg', 'image', NULL, NULL, '2025-08-09 09:44:58', '192.168.1.7', 1),
(289, '1758191523217-347-M1WDA4', '1758191116-347-MH91EP', 1, 658, NULL, NULL, NULL, NULL, 347, 'pic_gfeast-347-1758191522896.jpg', 'image', NULL, NULL, '2025-09-18 10:32:04', '0.0.0.0', 1),
(290, '1758191521125-347-7FBJW8', '1758191116-347-MH91EP', 1, 657, NULL, NULL, NULL, NULL, 347, 'pic_gfeast-347-1758191520659.jpg', 'image', NULL, NULL, '2025-09-18 10:32:04', '0.0.0.0', 1),
(291, '1760505932922-348-P0G2ZY', '1760505051-348-5VAZF8', 1, 657, NULL, NULL, NULL, NULL, 348, 'pic_gfeast-348-1760505932499.jpg', 'image', NULL, NULL, '2025-10-15 05:25:41', '0.0.0.0', 1),
(292, '1760505938539-348-L9UE5T', '1760505051-348-5VAZF8', 1, 658, NULL, NULL, NULL, NULL, 348, 'pic_gfeast-348-1760505938149.jpg', 'image', NULL, NULL, '2025-10-15 05:25:41', '0.0.0.0', 1),
(293, '1760511038775-348-G2TVK7', '1760510768-348-QF4B1V', 1, 657, NULL, NULL, NULL, NULL, 348, 'pic_gfeast-348-1760511038438.jpg', 'image', NULL, NULL, '2025-10-15 06:50:42', '0.0.0.0', 1),
(294, '1760511041355-348-H94JDT', '1760510768-348-QF4B1V', 1, 658, NULL, NULL, NULL, NULL, 348, 'pic_gfeast-348-1760511041021.jpg', 'image', NULL, NULL, '2025-10-15 06:50:42', '0.0.0.0', 1),
(295, '1760516993904-348-QH96VU', '1760516718-348-PRK5T9', 1, 657, NULL, NULL, NULL, NULL, 348, 'pic_gfeast-348-1760516993570.jpg', 'image', NULL, NULL, '2025-10-15 08:30:04', '0.0.0.0', 1),
(296, '1760517002128-348-A3HPM5', '1760516718-348-PRK5T9', 1, 658, NULL, NULL, NULL, NULL, 348, 'pic_gfeast-348-1760517001481.jpg', 'image', NULL, NULL, '2025-10-15 08:30:04', '0.0.0.0', 1),
(297, '1760593268754-348-8P1AWV', '1760592974-348-W26ZTH', 1, 657, NULL, NULL, NULL, NULL, 348, 'pic_gfeast-348-1760593268404.jpg', 'image', NULL, NULL, '2025-10-16 05:41:12', '0.0.0.0', 1),
(298, '1760593271285-348-SQZ9F3', '1760592974-348-W26ZTH', 1, 658, NULL, NULL, NULL, NULL, 348, 'pic_gfeast-348-1760593270758.jpg', 'image', NULL, NULL, '2025-10-16 05:41:12', '0.0.0.0', 1),
(299, '1764146160423-340-OX03WF', '1764145989-340-BS6Z7K', 1, 657, NULL, NULL, NULL, NULL, 340, 'pic_gfeast-340-1764146158568.jpg', 'image', NULL, NULL, '2025-11-26 08:36:06', '0.0.0.0', 1),
(300, '1764146164372-340-Z6CED4', '1764145989-340-BS6Z7K', 1, 658, NULL, NULL, NULL, NULL, 340, 'pic_gfeast-340-1764146162807.jpg', 'image', NULL, NULL, '2025-11-26 08:36:06', '0.0.0.0', 1),
(301, '1764234430953-340-GQ8MV9', '1764234262-340-XAN4F3', 1, 658, NULL, NULL, NULL, NULL, 340, 'pic_gfeast-340-1764234428637.jpg', 'image', NULL, NULL, '2025-11-27 09:07:16', '192.168.1.11', 1),
(302, '1764234426045-340-6QJ9CF', '1764234262-340-XAN4F3', 1, 657, NULL, NULL, NULL, NULL, 340, 'pic_gfeast-340-1764234424282.jpg', 'image', NULL, NULL, '2025-11-27 09:07:16', '192.168.1.11', 1);
INSERT INTO `ic_data_file` (`id`, `file_id`, `data_id`, `form_id`, `field_id`, `project_id`, `division_id`, `circle_id`, `village_id`, `user_id`, `file_name`, `file_type`, `file_lat`, `file_long`, `created_date`, `ip_address`, `status`) VALUES
(303, '1764240171698-1-30EURY', '1764239995-1-MYO4H1', 1, 658, NULL, NULL, NULL, NULL, 1, 'pic_gfeast-1-1764240169954.jpg', 'image', NULL, NULL, '2025-11-27 10:42:53', '192.168.1.11', 1),
(304, '1764240163300-1-J6TE3Q', '1764239995-1-MYO4H1', 1, 657, NULL, NULL, NULL, NULL, 1, 'pic_gfeast-1-1764240161254.jpg', 'image', NULL, NULL, '2025-11-27 10:42:53', '192.168.1.11', 1),
(305, '1773294504933-361-Q5WIT9', '1773294233-361-PB2Y4W', 1, 658, NULL, NULL, NULL, NULL, 361, 'pic_gfeast-361-1773294503411.jpg', 'image', NULL, NULL, '2026-03-12 05:48:26', '0.0.0.0', 1),
(306, '1773294500106-361-FL3U5N', '1773294233-361-PB2Y4W', 1, 657, NULL, NULL, NULL, NULL, 361, 'pic_gfeast-361-1773294498291.jpg', 'image', NULL, NULL, '2026-03-12 05:48:26', '0.0.0.0', 1),
(307, '1773726252936-361-95QJZR', '1773726087-361-AH4RE2', 1, 657, NULL, NULL, NULL, NULL, 361, 'pic_gfeast-361-1773726250979.jpg', 'image', NULL, NULL, '2026-03-17 05:44:14', '0.0.0.0', 1),
(308, '1773726827947-365-SH2V6C', '1773726683-365-6NR0OM', 1, 657, NULL, NULL, NULL, NULL, 365, 'pic_gfeast-365-1773726826012.jpg', 'image', NULL, NULL, '2026-03-17 05:53:49', '0.0.0.0', 1),
(309, '1774430599630-365-KN35BC', '1774430371-365-7T9LHY', 1, 657, NULL, NULL, NULL, NULL, 365, 'pic_gfeast-365-1774430597856.jpg', 'image', NULL, NULL, '2026-03-25 09:23:21', '192.168.1.9', 1);

-- --------------------------------------------------------

--
-- Table structure for table `ic_data_location`
--

DROP TABLE IF EXISTS `ic_data_location`;
CREATE TABLE IF NOT EXISTS `ic_data_location` (
  `id` int UNSIGNED NOT NULL AUTO_INCREMENT,
  `location_id` varchar(255) CHARACTER SET utf8mb3 COLLATE utf8mb3_general_ci NOT NULL,
  `data_id` varchar(255) CHARACTER SET utf8mb3 COLLATE utf8mb3_general_ci DEFAULT NULL,
  `form_id` int UNSIGNED DEFAULT NULL,
  `project_id` int UNSIGNED DEFAULT NULL,
  `division_id` varchar(40) CHARACTER SET utf8mb3 COLLATE utf8mb3_general_ci DEFAULT NULL,
  `circle_id` varchar(40) CHARACTER SET utf8mb3 COLLATE utf8mb3_general_ci DEFAULT NULL,
  `village_id` varchar(40) CHARACTER SET utf8mb3 COLLATE utf8mb3_general_ci DEFAULT NULL,
  `client_id` int DEFAULT NULL,
  `user_id` int UNSIGNED DEFAULT NULL,
  `lat` decimal(11,8) DEFAULT NULL,
  `lng` decimal(11,8) DEFAULT NULL,
  `address` text CHARACTER SET utf8mb3 COLLATE utf8mb3_general_ci,
  `country` text CHARACTER SET utf8mb3 COLLATE utf8mb3_general_ci,
  `state` text CHARACTER SET utf8mb3 COLLATE utf8mb3_general_ci,
  `city` text CHARACTER SET utf8mb3 COLLATE utf8mb3_general_ci,
  `pin` varchar(100) CHARACTER SET utf8mb3 COLLATE utf8mb3_general_ci DEFAULT NULL,
  `created_date` datetime DEFAULT NULL,
  `ip_address` varchar(100) CHARACTER SET utf8mb3 COLLATE utf8mb3_general_ci DEFAULT NULL,
  `status` tinyint(1) NOT NULL DEFAULT '1',
  PRIMARY KEY (`id`),
  UNIQUE KEY `location_id` (`location_id`)
) ENGINE=InnoDB DEFAULT CHARSET=latin1;

-- --------------------------------------------------------

--
-- Table structure for table `ic_form_data`
--

DROP TABLE IF EXISTS `ic_form_data`;
CREATE TABLE IF NOT EXISTS `ic_form_data` (
  `id` int UNSIGNED NOT NULL AUTO_INCREMENT,
  `data_id` varchar(255) CHARACTER SET utf8mb3 COLLATE utf8mb3_general_ci NOT NULL,
  `form_id` int DEFAULT NULL,
  `project_id` int UNSIGNED DEFAULT NULL,
  `beneficiary_id` varchar(255) CHARACTER SET utf8mb3 COLLATE utf8mb3_general_ci DEFAULT NULL,
  `aadhar_number` varchar(25) CHARACTER SET utf8mb3 COLLATE utf8mb3_general_ci DEFAULT NULL,
  `farmer_number` varchar(255) CHARACTER SET utf8mb3 COLLATE utf8mb3_general_ci DEFAULT NULL,
  `plot_number` varchar(255) CHARACTER SET utf8mb3 COLLATE utf8mb3_general_ci DEFAULT NULL,
  `division_id` int DEFAULT NULL,
  `circle_id` int DEFAULT NULL,
  `village_id` int UNSIGNED DEFAULT NULL,
  `user_id` int UNSIGNED DEFAULT NULL,
  `form_data` text CHARACTER SET utf8mb3 COLLATE utf8mb3_general_ci,
  `reg_date_time` datetime DEFAULT NULL,
  `ip_address` varchar(100) CHARACTER SET utf8mb3 COLLATE utf8mb3_general_ci DEFAULT NULL,
  `data_status` tinyint(1) DEFAULT NULL,
  PRIMARY KEY (`id`),
  UNIQUE KEY `data_id` (`data_id`)
) ENGINE=InnoDB DEFAULT CHARSET=latin1;

-- --------------------------------------------------------

--
-- Table structure for table `ic_form_group_data`
--

DROP TABLE IF EXISTS `ic_form_group_data`;
CREATE TABLE IF NOT EXISTS `ic_form_group_data` (
  `id` int UNSIGNED NOT NULL AUTO_INCREMENT,
  `group_id` varchar(255) CHARACTER SET utf8mb3 COLLATE utf8mb3_general_ci NOT NULL,
  `data_id` varchar(255) CHARACTER SET utf8mb3 COLLATE utf8mb3_general_ci NOT NULL,
  `form_id` int DEFAULT NULL,
  `user_id` int UNSIGNED DEFAULT NULL,
  `groupfield_id` int UNSIGNED DEFAULT NULL,
  `formgroup_data` text CHARACTER SET utf8mb3 COLLATE utf8mb3_general_ci,
  `reg_date_time` datetime DEFAULT NULL,
  `ip_address` varchar(100) CHARACTER SET utf8mb3 COLLATE utf8mb3_general_ci DEFAULT NULL,
  `data_status` tinyint(1) DEFAULT NULL,
  PRIMARY KEY (`id`),
  UNIQUE KEY `group_id` (`group_id`)
) ENGINE=InnoDB DEFAULT CHARSET=latin1;

-- --------------------------------------------------------

--
-- Table structure for table `ic_log`
--

DROP TABLE IF EXISTS `ic_log`;
CREATE TABLE IF NOT EXISTS `ic_log` (
  `ic_log_id` int NOT NULL AUTO_INCREMENT,
  `editedby` int DEFAULT NULL,
  `editedfor` int DEFAULT NULL,
  `table_name` varchar(255) CHARACTER SET utf8mb3 COLLATE utf8mb3_general_ci DEFAULT NULL,
  `table_row_id` varchar(255) CHARACTER SET utf8mb3 COLLATE utf8mb3_general_ci DEFAULT NULL,
  `table_field_name` varchar(255) CHARACTER SET utf8mb3 COLLATE utf8mb3_general_ci DEFAULT NULL,
  `old_value` text CHARACTER SET utf8mb3 COLLATE utf8mb3_general_ci,
  `new_value` text CHARACTER SET utf8mb3 COLLATE utf8mb3_general_ci,
  `edited_reason` text CHARACTER SET utf8mb3 COLLATE utf8mb3_general_ci,
  `updated_date` datetime DEFAULT NULL,
  `ip_address` varchar(100) CHARACTER SET utf8mb3 COLLATE utf8mb3_general_ci DEFAULT NULL,
  `log_status` tinyint(1) DEFAULT '1',
  PRIMARY KEY (`ic_log_id`)
) ENGINE=InnoDB DEFAULT CHARSET=latin1;

-- --------------------------------------------------------

--
-- Table structure for table `lkp_account_group_master`
--

DROP TABLE IF EXISTS `lkp_account_group_master`;
CREATE TABLE IF NOT EXISTS `lkp_account_group_master` (
  `account_group_id` int NOT NULL AUTO_INCREMENT,
  `unit_id` int DEFAULT NULL,
  `company_code` int DEFAULT NULL,
  `account_group_code` text CHARACTER SET utf8mb3 COLLATE utf8mb3_general_ci,
  `account_group_name` text CHARACTER SET utf8mb3 COLLATE utf8mb3_general_ci,
  `reconciliation_account` text CHARACTER SET utf8mb3 COLLATE utf8mb3_general_ci,
  `purchasing_organization` varchar(100) CHARACTER SET utf8mb3 COLLATE utf8mb3_general_ci DEFAULT NULL,
  `account_group_status` tinyint(1) DEFAULT '1',
  PRIMARY KEY (`account_group_id`)
) ENGINE=InnoDB AUTO_INCREMENT=7 DEFAULT CHARSET=latin1;

--
-- Dumping data for table `lkp_account_group_master`
--

INSERT INTO `lkp_account_group_master` (`account_group_id`, `unit_id`, `company_code`, `account_group_code`, `account_group_name`, `reconciliation_account`, `purchasing_organization`, `account_group_status`) VALUES
(1, 1000, 1000, 'Z006', 'Cane Vendors (RYOT) (Nindra)', '0000150000', 'ZCAN', 1),
(2, 1000, 1000, 'Z007\r\n', 'Cane Harvesting Vendors (Nindra)\r\n', '0000150050', 'ZCAN', 1),
(3, 1000, 1000, 'Z008\r\n', 'Cane Transport Vendors (Nindra)\r\n', '0000150060', 'ZCAN', 1),
(4, 2000, 2000, 'Z010\r\n', 'Cane Vendors (RYOT) (Zaherabad)\r\n', '0000150000', 'ZCAN', 1),
(5, 2000, 2000, 'Z011\r\n', 'Cane Harvesting Vendors (Zaherabad)\r\n', '0000150050', 'ZCAN', 1),
(6, 2000, 2000, 'Z012\r\n', 'Cane Transport Vendors (Zaherabad)\r\n', '0000150060', 'ZCAN', 1);

-- --------------------------------------------------------

--
-- Table structure for table `lkp_add_season`
--

DROP TABLE IF EXISTS `lkp_add_season`;
CREATE TABLE IF NOT EXISTS `lkp_add_season` (
  `id` int NOT NULL AUTO_INCREMENT,
  `data_id` varchar(250) CHARACTER SET utf8mb3 COLLATE utf8mb3_general_ci DEFAULT NULL,
  `fgd_ID` varchar(250) CHARACTER SET utf8mb3 COLLATE utf8mb3_general_ci NOT NULL,
  `season_name` varchar(250) CHARACTER SET utf8mb3 COLLATE utf8mb3_general_ci DEFAULT NULL,
  `user_id` int DEFAULT NULL,
  `datetime` datetime DEFAULT NULL,
  `status` tinyint(1) NOT NULL DEFAULT '1',
  PRIMARY KEY (`id`),
  UNIQUE KEY `season` (`data_id`)
) ENGINE=InnoDB AUTO_INCREMENT=509 DEFAULT CHARSET=latin1;

--
-- Dumping data for table `lkp_add_season`
--

INSERT INTO `lkp_add_season` (`id`, `data_id`, `fgd_ID`, `season_name`, `user_id`, `datetime`, `status`) VALUES
(1, '1738311610-278', 'K53891', 'aaaa', 278, NULL, 1),
(2, '1738311804-278', 'K12509', 'ttttt', 278, NULL, 1),
(6, '1738316812-278', 'K81469', 'hhhh', 278, NULL, 1),
(7, '1738317093-278', 'K30587', 'test1', 278, NULL, 1),
(8, '1738317256-278', 'K95407', 'season1', 278, NULL, 1),
(9, '1738317896-278', 'K21307', 'aaa', 278, NULL, 1),
(10, '1738318076-278', 'K01695', 'season2', 278, NULL, 1),
(11, '1738320732-278', 'K86517', 'yyyyy', 278, NULL, 1),
(13, '1738323269-278', 'K91748', 'mmm', 278, NULL, 1),
(15, '1738331552-278', 'K79340', 'hhh', 278, NULL, 1),
(16, '1738333468-278', 'K47510', 'aaaa', 278, NULL, 1),
(17, '1738333661-278', 'K14093', 'nnn', 278, NULL, 1),
(18, '1738333747-278', 'K81235', 'nn', 278, NULL, 1),
(20, '1738334384-278', 'K80953', 'mmm', 278, NULL, 1),
(21, '1738336102-278', 'K76421', 'mmm', 278, NULL, 1),
(22, '1738593865-278', 'K46579', 'kkkk', 278, NULL, 1),
(23, '1738746255-278', 'K19485', 'testedit', 278, NULL, 0),
(24, '1738762326-278', '', 'hhh', 278, NULL, 1),
(25, '1738762356-278', 'K98562', 'new', 278, NULL, 1),
(29, '1738764187-278', 'K27840', 'test', 278, NULL, 1),
(35, '1739193883-278', 'K84251', 'Season1', 278, NULL, 1),
(36, '1739352787-278', 'K73415', 'testttt', 278, NULL, 1),
(37, '1739429022-291', 'K45821', 'testen', 291, NULL, 1),
(38, '1739433428-291', 'K25984', 'test1302', 291, NULL, 1),
(39, '1739439534-291', 'K58024', 'test22', 291, NULL, 1),
(40, '1739440932-292', 'K87615', 'rabi', 292, NULL, 1),
(45, '1739442223-292', 'K57428', 'season 1', 292, NULL, 1),
(61, '1739444475-292', 'K02567', 'rabi', 292, NULL, 1),
(79, '1739448073-294', 'K04613', 'test', 294, NULL, 1),
(82, '1739510618-291', 'K72908', 'test', 291, NULL, 1),
(83, '1739517096-296', 'K03758', 'kharif', 296, NULL, 1),
(84, '1739518047-296', 'K43062', 'rabi', 296, NULL, 1),
(106, '1739520253-296', 'K75241', 'kharif', 296, NULL, 1),
(161, '1739532335-297', 'K80126', 'summer', 297, NULL, 1),
(198, '1739768418-296', 'K23847', 'kharif', 296, NULL, 1),
(199, '1739861182-296', 'K28106', 'kharif', 296, NULL, 1),
(200, '1739861652-291', 'K86140', 'test', 291, NULL, 1),
(201, '1739862982-291', 'K94327', 'tsst', 291, NULL, 1),
(202, '1739945457-291', 'K80539', 'testlook', 291, NULL, 1),
(203, '1739952387-297', 'K12960', 'Kharif', 297, NULL, 1),
(228, '1739956019-297', 'K81052', 'rainy', 297, NULL, 1),
(301, '1739985376-291', 'K52341', 'test1', 291, NULL, 1),
(305, '1739985675-291', 'K90187', 'test11', 291, NULL, 1),
(318, '1739985387-291', 'K52341', 'test2', 291, NULL, 1),
(319, '1739985394-291', 'K52341', 'test3', 291, NULL, 1),
(320, '1739985402-291', 'K52341', 'test4', 291, NULL, 1),
(321, '1739985682-291', 'K90187', 'test2', 291, NULL, 1),
(322, '1739985691-291', 'K90187', 'test3', 291, NULL, 1),
(323, '1739985699-291', 'K90187', 'test4', 291, NULL, 1),
(324, '1739985710-291', 'K90187', 'test5', 291, NULL, 1),
(325, '1740060599-296', 'K86942', 'kharif', 296, NULL, 1),
(326, '1740062475-296', 'K63520', 'khari', 296, NULL, 1),
(327, '1740063743-296', 'K70346', 'rabi', 296, NULL, 1),
(328, '1740383656-300', 'K79602', 'sea_1', 300, NULL, 0),
(329, '1740383676-300', 'K79602', 'kharif', 300, NULL, 1),
(330, '1740397992-300', 'K21359', 'rabi', 300, NULL, 1),
(331, '1740398455-300', 'K12854', 'rabi', 300, NULL, 1),
(332, '1740398857-300', 'K14236', 'kharif', 300, NULL, 1),
(333, '1740399426-300', 'K31579', 'rabi', 300, NULL, 1),
(334, '1740405514-300', 'K45320', 'rabi', 300, NULL, 1),
(335, '1740455241-291', 'K62418', 'summer', 291, NULL, 1),
(336, '1740455251-291', 'K62418', 'winter', 291, NULL, 1),
(337, '1740455261-291', 'K62418', 'rainy', 291, NULL, 1),
(338, '1740455267-291', 'K62418', 'rabi', 291, NULL, 1),
(339, '1740455274-291', 'K62418', 'kharif', 291, NULL, 1),
(340, '1740479153-300', 'K06534', 'kharif', 300, NULL, 1),
(341, '1740482380-300', 'K29673', 'Rabi', 300, NULL, 1),
(342, '1740482389-300', 'K29673', 'kharif', 300, NULL, 1),
(343, '1740563437-300', 'K31745', 'aaa', 300, NULL, 1),
(344, '1740566234-296', 'K94130', 'kharif', 296, NULL, 1),
(345, '1740641721-300', 'K10486', 'kharif', 300, NULL, 1),
(346, '1740644862-302', 'K21964', 'testtest11', 302, NULL, 1),
(347, '1740646373-302', 'K42317', 'testrn1', 302, NULL, 1),
(348, '1740718974-303', 'K28504', 'Summer', 303, NULL, 1),
(349, '1740718981-303', 'K28504', 'Rabi', 303, NULL, 1),
(350, '1740718987-303', 'K28504', 'Kharif', 303, NULL, 1),
(351, '1740736421-304', 'K17308', 'kharif', 304, NULL, 1),
(352, '1740747082-304', 'K75932', 'test', 304, NULL, 1),
(353, '1740756369-304', 'K14935', 'test', 304, NULL, 1),
(354, '1740769094-304', 'K82159', 'test', 304, NULL, 1),
(355, '1740802716-306', 'K13469', 'Rabi', 306, NULL, 1),
(356, '1740802726-306', 'K13469', 'Kharif', 306, NULL, 1),
(357, '1740802732-306', 'K13469', 'Summer', 306, NULL, 1),
(358, '1740821059-304', 'K73058', 'kharif', 304, NULL, 1),
(359, '1740825061-307', 'K97465', 'kharif', 307, NULL, 1),
(360, '1740899468-304', 'K40968', 'kharif', 304, NULL, 1),
(361, '1740904978-308', 'K32840', 'Rabi', 308, NULL, 1),
(362, '1740909334-308', 'K50389', 'rabi', 308, NULL, 1),
(363, '1740981888-308', 'K49678', 'kharif', 308, NULL, 1),
(364, '1740983912-308', 'K74980', 'rabi', 308, NULL, 1),
(365, '1740984699-306', 'K35196', 'Summer', 306, NULL, 1),
(366, '1741543622-308', 'K53198', 'tesy', 308, NULL, 1),
(367, '1741589336-308', 'K53086', 'kharif', 308, NULL, 1),
(368, '1741591752-308', 'K40781', 'kharif', 308, NULL, 1),
(369, '1741595679-308', 'K26508', 'kharif', 308, NULL, 1),
(370, '1741615644-308', 'K02931', 'rabi', 308, NULL, 1),
(371, '1741673581-308', 'K93210', 'kharif', 308, NULL, 1),
(372, '1741682195-306', 'K57643', 'RABI', 306, NULL, 1),
(373, '1741682203-306', 'K57643', 'kharif', 306, NULL, 1),
(374, '1741682209-306', 'K57643', 'Summer', 306, NULL, 0),
(375, '1741758087-306', 'K46390', 'wetseaspn', 306, NULL, 1),
(376, '1741758321-306', 'K15498', 'wet', 306, NULL, 1),
(377, '1741764247-313', 'K18439', 'Long rains', 313, NULL, 1),
(378, '1741764259-313', 'K18439', 'Dry season', 313, NULL, 1),
(379, '1741347682-306', 'K67293', 'Rainy', 306, NULL, 1),
(380, '1741347705-306', 'K67293', 'Short rains', 306, NULL, 1),
(381, '1741347714-306', 'K67293', 'Dry', 306, NULL, 1),
(382, '1743161366-314', 'K65340', 'test', 314, NULL, 1),
(383, '1743490901-291', 'K79380', 'summer', 291, NULL, 1),
(384, '1743756218-315', 'K64325', 'tedt', 315, NULL, 1),
(405, '1743855542-1', 'K17680', 'newly', 1, NULL, 1),
(407, '1743938931-315', 'K36947', 'test', 315, NULL, 1),
(408, '1743938943-315', 'K36947', 'rabi', 315, NULL, 1),
(409, '1743939590-315', 'K35740', 'rabi', 315, NULL, 1),
(410, '1743940885-315', 'K48916', 'rabi', 315, NULL, 1),
(411, '1743941030-315', 'K08237', 'kharif', 315, NULL, 1),
(412, '1744130992-320', 'K49358', 'kharif', 320, NULL, 1),
(413, '1744131340-320', 'K83205', 'rabi', 320, NULL, 1),
(414, '1744131792-320', 'K29316', 'kharif', 320, NULL, 1),
(415, '1744186653-320', 'K60315', 'kharif', 320, NULL, 1),
(416, '1744610978-321', 'K90754', 'test_gfeast123', 321, NULL, 1),
(417, '1744782338-322', 'K54872', 'testfeast123@mail.com', 322, NULL, 1),
(418, '1744881702-323', 'K59306', 'kharif', 323, NULL, 1),
(419, '1744882378-323', 'K02976', 'rabi', 323, NULL, 1),
(420, '1744882829-323', 'K78651', 'summer', 323, NULL, 1),
(421, '1744883434-323', 'K02956', 'kharif', 323, NULL, 1),
(422, '1744884419-323', 'K47906', 'kharif', 323, NULL, 1),
(423, '1744884745-323', 'K62490', 'rabi', 323, NULL, 1),
(424, '1745170661-324', 'K78453', 'rabj', 324, NULL, 0),
(425, '1745170672-324', 'K78453', 'Rabi', 324, NULL, 1),
(426, '1745303931-325', 'K32106', 'Tabi', 325, NULL, 0),
(427, '1745303941-325', 'K32106', 'Rabi', 325, NULL, 1),
(428, '1745385544-297', 'K70294', 'Kharif ', 297, NULL, 1),
(429, '1745385554-297', 'K70294', 'RABI', 297, NULL, 1),
(430, '1745389735-325', 'K73204', 'kharif', 325, NULL, 1),
(431, '1745400077-325', 'K78035', 'test23', 325, NULL, 1),
(432, '1746593887-329', 'K27845', 'Kharif', 329, NULL, 1),
(433, '1746612534-329', 'K38546', 'rabi', 329, NULL, 1),
(434, '1746672443-329', 'K72689', 'kharif', 329, NULL, 1),
(435, '1746676327-329', 'K37685', 'rabi', 329, NULL, 1),
(436, '1746765405-329', 'K31789', 'kharif', 329, NULL, 1),
(437, '1747326803-322', 'K74986', 'test', 322, NULL, 1),
(438, '1747327030-322', 'K93028', 'test1', 322, NULL, 1),
(439, '1747358032-330', 'K73850', 'Rabi', 330, NULL, 1),
(440, '1747360088-330', 'K80371', 'kharif', 330, NULL, 1),
(441, '1747360389-330', 'K87469', 'summer', 330, NULL, 1),
(442, '1748158780-330', 'K75290', 'newest season', 330, NULL, 1),
(443, '1748234728-322', 'K07568', 'test 2605', 322, NULL, 1),
(444, '1748235461-321', 'K13795', 'test 2605', 321, NULL, 1),
(445, '1748327818-335', 'K31792', 'rabi', 335, NULL, 1),
(446, '1748333726-333', 'K27486', 'rabi', 333, NULL, 1),
(447, '1748411737-335', 'K49813', 'kharif', 335, NULL, 1),
(449, '1749208679-306', 'K78340', 'Agatasi', 306, NULL, 1),
(450, '1749208691-306', 'K78340', 'Ici', 306, NULL, 1),
(451, '1749208706-306', 'K78340', 'Urushana', 306, NULL, 1),
(452, '1749711789-325', 'K40326', 'test', 325, NULL, 1),
(453, '1749725179-328', 'K25813', 'Rainfed', 328, NULL, 0),
(454, '1749725196-328', 'K25813', 'Rabi', 328, NULL, 1),
(455, '1749725207-328', 'K25813', 'Kharif', 328, NULL, 1),
(456, '1749726836-334', 'K05274', 'test', 334, NULL, 1),
(457, '1749729799-339', 'K05374', 'kharif ', 339, NULL, 1),
(458, '1750059433-297', 'K95374', 'Rainfed', 297, NULL, 1),
(459, '1750062893-328', 'K72956', 'Verimboly (saison intermediaire)', 328, NULL, 1),
(460, '1750062926-328', 'K72956', 'Voly Avotra (Contre Saison)', 328, NULL, 1),
(461, '1750062953-328', 'K72956', 'Voly Be (Grande saison)', 328, NULL, 1),
(462, '1750071164-328', 'K75926', 'Verimboly (saison Intermediaire)', 328, NULL, 1),
(463, '1750071191-328', 'K75926', 'Voly Avotra (contre saison)', 328, NULL, 1),
(464, '1750071210-328', 'K75926', 'Voly Be (grande saison)', 328, NULL, 1),
(465, '1750078884-328', 'K14926', 'Ririnina', 328, NULL, 1),
(466, '1750078901-328', 'K14926', 'Lohataona', 328, NULL, 1),
(467, '1750078921-328', 'K14926', 'Fahavaratra', 328, NULL, 1),
(468, '1750088266-328', 'K17685', 'Fahavaratra', 328, NULL, 1),
(469, '1750088282-328', 'K17685', 'Lohataona', 328, NULL, 1),
(470, '1750088294-328', 'K17685', 'Ririnina', 328, NULL, 1),
(471, '1750334406-326', 'K94067', 'Agatasi', 326, NULL, 1),
(472, '1750334416-326', 'K94067', 'Ici', 326, NULL, 1),
(473, '1750334431-326', 'K94067', 'Urushana', 326, NULL, 1),
(474, '1750832423-334', 'K41803', 'test', 334, NULL, 1),
(475, '1750832966-340', 'K46820', 'test', 340, NULL, 1),
(476, '1750833377-343', 'K01386', 'test25061', 343, NULL, 1),
(477, '1750833513-341', 'K72953', 'kharif', 341, NULL, 1),
(478, '1750834055-328', 'K19302', 'kharif', 328, NULL, 1),
(479, '1750837017-342', 'K19426', 'kharif ', 342, NULL, 1),
(480, '1750837241-342', 'K24386', 'rabi', 342, NULL, 1),
(481, '1750838609-341', 'K37698', 'kharif', 341, NULL, 1),
(482, '1750846966-341', 'K63297', 'kharif', 341, NULL, 1),
(483, '1750926365-342', 'K76913', 'Rabi', 342, NULL, 1),
(484, '1750927898-342', 'K61435', 'Rabi', 342, NULL, 1),
(485, '1750933137-342', 'K93140', 'Rabi', 342, NULL, 1),
(486, '1752820944-1', 'K06725', 'newly', 1, NULL, 1),
(487, '1754649286-346', 'K80537', 'chiri', 346, NULL, 1),
(488, '1754649371-346', 'K80537', 'opon', 346, NULL, 1),
(489, '1754730529-346', 'K13279', 'chiri', 346, NULL, 1),
(490, '1754730559-346', 'K13279', 'opon', 346, NULL, 1),
(491, '1755622480-326', 'K04593', 'agatasi ', 326, NULL, 1),
(492, '1755622488-326', 'K04593', 'ici', 326, NULL, 1),
(493, '1755622500-326', 'K04593', 'urushana', 326, NULL, 1),
(494, '1758191215-347', 'K78059', 'chiri', 347, NULL, 1),
(495, '1759937305-326', 'K35169', 'Dry', 326, NULL, 1),
(496, '1759937319-326', 'K35169', 'Rainy', 326, NULL, 1),
(497, '1760505613-348', 'K42830', 'kharif', 348, NULL, 1),
(498, '1760510845-348', 'K65309', 'kharif', 348, NULL, 1),
(499, '1760516797-348', 'K16502', 'Rabi', 348, NULL, 1),
(500, '1760593067-348', 'K18942', 'kharif', 348, NULL, 1),
(501, '1764146028-340', 'K16092', 'test', 340, NULL, 1),
(502, '1764234307-340', 'K30875', 'test2711', 340, NULL, 1),
(503, '1764240035-1', 'K26391', 'test', 1, NULL, 0),
(504, '1764240056-1', 'K26391', 'test 1127', 1, NULL, 1),
(505, '1773294336-361', 'K69380', 'test', 361, NULL, 1),
(506, '1773726131-361', 'K32064', 'test', 361, NULL, 1),
(507, '1773726719-365', 'K75913', 'test', 365, NULL, 1),
(508, '1774430490-365', 'K61920', 'test', 365, NULL, 1);

-- --------------------------------------------------------

--
-- Table structure for table `lkp_agency`
--

DROP TABLE IF EXISTS `lkp_agency`;
CREATE TABLE IF NOT EXISTS `lkp_agency` (
  `agency_id` int UNSIGNED NOT NULL AUTO_INCREMENT,
  `agency_name` varchar(255) CHARACTER SET utf8mb3 COLLATE utf8mb3_general_ci DEFAULT NULL,
  `address` text CHARACTER SET utf8mb3 COLLATE utf8mb3_general_ci,
  `phone` varchar(100) CHARACTER SET utf8mb3 COLLATE utf8mb3_general_ci DEFAULT NULL,
  `poc_name` text CHARACTER SET utf8mb3 COLLATE utf8mb3_general_ci,
  `poc_email` varchar(255) CHARACTER SET utf8mb3 COLLATE utf8mb3_general_ci DEFAULT NULL,
  `poc_phone` varchar(100) CHARACTER SET utf8mb3 COLLATE utf8mb3_general_ci DEFAULT NULL,
  `added_by` int UNSIGNED DEFAULT NULL,
  `added_datetime` datetime DEFAULT NULL,
  `ip_address` varchar(100) CHARACTER SET utf8mb3 COLLATE utf8mb3_general_ci DEFAULT NULL,
  `status` tinyint(1) DEFAULT '1',
  PRIMARY KEY (`agency_id`)
) ENGINE=InnoDB AUTO_INCREMENT=33 DEFAULT CHARSET=latin1;

--
-- Dumping data for table `lkp_agency`
--

INSERT INTO `lkp_agency` (`agency_id`, `agency_name`, `address`, `phone`, `poc_name`, `poc_email`, `poc_phone`, `added_by`, `added_datetime`, `ip_address`, `status`) VALUES
(1, 'IHMS', NULL, NULL, NULL, NULL, NULL, NULL, NULL, NULL, 1),
(2, 'Phoenix', NULL, NULL, NULL, NULL, NULL, NULL, NULL, NULL, 1),
(3, '4@!1@!', 'Telangana', 'uuuuuuuuuu', '!@@!', '!@!', 'uuuuuuuuuu', 1, '2021-08-24 19:43:49', '49.37.153.75', 1),
(4, 'Sample Agency', 'Hyderabad Telangana India', '9991999299', 'Testing POC Name', 'sampletesting@longmail.com', '+911234512345', 1, '2021-08-24 19:45:27', '49.37.153.75', 1),
(5, 'sample', 'saple', 'sample', 'sample', 'sam@in.com', '989898', 2, '2021-08-26 07:15:38', '49.37.153.75', 1),
(6, 'New Test', 'India', '8888888888', 'New POC', 'new@poc.in', '8888888888', 1, '2021-08-26 12:27:48', '49.37.153.75', 1),
(7, 'New Test Client', 'India', '77777777', 'New POC', 'new@poc.in', '7777777777', 2, '2021-08-26 12:29:04', '49.37.153.75', 1),
(8, '@@', '@# erwe', '@', '1@#!@#', '6@4.5', '!@#', 1, '2021-08-30 06:38:55', '27.6.50.186', 1),
(9, 'subex', 'a', 'a', 'a', 'a@e.c', 'a', 1, '2021-08-30 07:12:49', '27.6.50.186', 1),
(10, '3', '3', '3', '3', '2@e.e', '3', 2, '2021-08-30 07:20:41', '27.6.50.186', 1),
(11, 'bajaj agency', 'a', 'a', 'a', 'a@h.h', 'a', 2, '2021-08-30 07:25:16', '27.6.50.186', 1),
(12, 'bajaj agency2', 's', 's', 's', 's!@v.v', 's', 2, '2021-08-30 07:26:15', '27.6.50.186', 1),
(13, 'subex', 'subex', 'subex', 'subex', 'subex@subex.subex', 'subex', 1, '2021-08-30 07:41:06', '27.6.50.186', 1),
(14, 'subex', 'subex', 'subex', 'subex', 'subex@subex.subex', 'subex', 1, '2021-08-30 07:41:29', '27.6.50.186', 1),
(15, 'Test One', 'Hyd', '8686868686', 'Test', 'Testone@gmail.com', '7767676767', 1, '2021-08-30 09:30:41', '139.5.250.248', 1),
(16, 'Test HDFC', 'Hyd', '9696969696', 'Test', 'Test@Hdcfc', '8989898989', 1, '2021-08-30 13:15:47', '139.5.250.248', 1),
(17, 'subex', 'subex', 'subex', 'subex', 'subex@subex.subex', 'subex', 1, '2021-08-30 13:30:08', '27.6.50.186', 1),
(18, 'subex', 'subex', 'subex', 'subex', 'subex@subex.subex', 'subex', 1, '2021-08-30 13:30:49', '27.6.50.186', 1),
(19, 'bajaj agency', 'bajaj agency', 'bajaj agency', 'bajaj agency', 'bajajagency@bajajagency.bajaj', 'bajaj agency', 2, '2021-08-30 13:56:35', '27.6.50.186', 1),
(20, 'agency bajaj', 'agency bajaj', 'agency bajaj', 'agency bajaj', 'agency@ba.jaj', 'agency bajaj', 2, '2021-08-31 04:32:55', '27.6.50.186', 1),
(21, 'dasdasd', 'dasas', '132123', 'dasas', 'dasasd@in.in', 'sadasdsa', 1, '2021-09-02 06:21:26', '49.37.152.61', 1),
(22, 'an', 'Kukatpally', '1212121212', 'q', 'w@w', '1212121212', 2, '2021-09-02 07:24:37', '49.37.152.61', 1),
(23, 'bjag', 'bjag', 'bjag', 'bjag', 'bjag@bjag.bjag', 'vbjag', 2, '2021-09-02 07:49:51', '27.6.50.186', 1),
(24, 'test', 'hyd', '324232323', 'test', 'Test@mail.com', '8989898989', 220, '2021-09-02 09:38:03', '157.48.201.214', 1),
(25, 'testcase3', 'Hyderabad', '9999999999', 'testcase3', 'test@case', '9090909090', 2, '2021-09-03 10:55:21', '49.37.152.61', 1),
(26, 'ss1', 'hyd', '124121212', 'hyd', 'hyd@mail.com', '1123123121', 232, '2021-09-08 13:55:51', '139.5.250.233', 1),
(27, 'kk', 'xyz', '999', 'kk', 'kk@kk', '999', 1, '2021-09-08 14:10:44', '49.37.163.173', 1),
(28, 'kk1', 'kkk', '9999999', 'kkk', 'kk@kk', '9999', 220, '2021-09-08 14:11:37', '49.37.163.173', 1),
(29, 'kk2', 'kkkk', '9999999999', 'kk2', 'kk@kk', '9999999999', 232, '2021-09-08 14:13:03', '49.37.163.173', 1),
(30, 'test', 'test', '99999999999999', 'test', 'test@rte', '999999999', 232, '2021-09-08 15:21:25', '49.37.163.173', 1),
(31, 'testuser', 'testuser', '99999999', 'testuser', 'testuser@testuser', '9999999999999', 246, '2021-09-08 15:38:15', '49.37.163.173', 1),
(32, 'Test Agency 2021', 'Hyd', '1234567890', 'Point of Contact', 'email@demo.com', '1234567890', 1, '2021-09-14 18:46:01', '27.116.16.147', 1);

-- --------------------------------------------------------

--
-- Table structure for table `lkp_agency_client`
--

DROP TABLE IF EXISTS `lkp_agency_client`;
CREATE TABLE IF NOT EXISTS `lkp_agency_client` (
  `id` int UNSIGNED NOT NULL AUTO_INCREMENT,
  `client_id` int DEFAULT NULL,
  `agency_id` int DEFAULT NULL,
  `status` tinyint(1) NOT NULL DEFAULT '1',
  PRIMARY KEY (`id`)
) ENGINE=InnoDB AUTO_INCREMENT=59 DEFAULT CHARSET=latin1;

--
-- Dumping data for table `lkp_agency_client`
--

INSERT INTO `lkp_agency_client` (`id`, `client_id`, `agency_id`, `status`) VALUES
(1, 1000, 1, 1),
(2, 1000, 2, 1),
(14, 2000, 4, 1),
(21, 1000, 5, 1),
(23, 1000, 6, 1),
(24, 1000, 7, 1),
(25, 1000, 8, 1),
(28, 2002, 3, 1),
(30, 1000, 10, 1),
(31, 1000, 11, 1),
(32, 1000, 12, 1),
(35, 1000, 15, 1),
(36, 2016, 16, 1),
(39, 1000, 19, 1),
(40, 1000, 20, 1),
(41, 2011, 13, 1),
(42, 2011, 14, 1),
(43, 2011, 17, 1),
(44, 2011, 18, 1),
(45, 2011, 9, 1),
(46, 1000, 21, 1),
(47, 1000, 22, 1),
(48, 1000, 23, 1),
(50, 2016, 24, 1),
(51, 1000, 25, 1),
(52, 2000, 26, 1),
(53, 2000, 27, 1),
(54, 2016, 28, 1),
(55, 2000, 29, 1),
(56, 2000, 30, 1),
(57, 2000, 31, 1),
(58, 2000, 32, 1);

-- --------------------------------------------------------

--
-- Table structure for table `lkp_agency_user`
--

DROP TABLE IF EXISTS `lkp_agency_user`;
CREATE TABLE IF NOT EXISTS `lkp_agency_user` (
  `id` int UNSIGNED NOT NULL AUTO_INCREMENT,
  `user_id` int DEFAULT NULL,
  `client_id` int DEFAULT NULL,
  `agency_id` int DEFAULT NULL,
  `status` tinyint(1) NOT NULL DEFAULT '1',
  PRIMARY KEY (`id`)
) ENGINE=InnoDB AUTO_INCREMENT=118 DEFAULT CHARSET=latin1;

--
-- Dumping data for table `lkp_agency_user`
--

INSERT INTO `lkp_agency_user` (`id`, `user_id`, `client_id`, `agency_id`, `status`) VALUES
(2, 7, NULL, 1, 1),
(3, 8, NULL, 2, 1),
(4, 10, NULL, 2, 1),
(13, 184, NULL, 1, 1),
(14, 186, NULL, 1, 1),
(15, 189, NULL, 0, 1),
(16, 191, NULL, 0, 1),
(20, 6, NULL, 2, 1),
(24, 183, NULL, 1, 1),
(34, NULL, 1000, NULL, 1),
(35, 3, 1000, NULL, 1),
(36, 73, 2000, NULL, 1),
(37, 204, 2000, NULL, 1),
(38, 166, 1000, 1, 1),
(39, 205, 1000, NULL, 1),
(42, 208, 1000, NULL, 1),
(43, 209, 2000, NULL, 1),
(44, 165, NULL, NULL, 1),
(48, 206, 1000, NULL, 1),
(52, 68, 2007, 2, 1),
(53, 210, 2000, NULL, 1),
(54, 211, 1000, NULL, 1),
(55, 212, 1000, NULL, 1),
(56, 174, NULL, 6, 1),
(57, 213, 1000, NULL, 1),
(59, 215, 1000, NULL, 1),
(60, 216, 2006, NULL, 1),
(68, 219, 2016, 16, 1),
(69, 217, 2018, NULL, 1),
(70, 218, 2016, 16, 1),
(71, 220, 2016, 16, 1),
(72, 221, 2016, 16, 1),
(73, 222, 2018, 15, 1),
(74, 223, 2018, 15, 1),
(75, 224, 2016, 15, 1),
(78, 227, 2016, NULL, 1),
(79, 226, 2001, NULL, 1),
(80, 172, NULL, NULL, 1),
(82, 178, NULL, 1, 1),
(84, 179, NULL, NULL, 1),
(85, 169, 2000, NULL, 1),
(86, 180, 2021, NULL, 1),
(87, 207, 1000, NULL, 1),
(88, 214, 1000, NULL, 1),
(89, 225, 1000, NULL, 1),
(90, 228, 2016, NULL, 1),
(91, 229, 2016, 16, 1),
(92, 230, 2016, 16, 1),
(94, 9, NULL, NULL, 1),
(95, 161, 2000, NULL, 1),
(97, 232, 2000, NULL, 1),
(98, 233, 2019, 16, 1),
(99, 13, 1000, NULL, 1),
(101, 234, 2011, NULL, 1),
(102, 235, 1000, NULL, 1),
(104, 231, 2014, NULL, 1),
(105, 236, 2016, 16, 1),
(106, 237, 1000, 1, 1),
(107, 238, 1000, NULL, 1),
(108, 239, 2025, 16, 1),
(109, 2, 1000, 1, 1),
(110, 240, 2018, NULL, 1),
(111, 241, 2016, NULL, 1),
(112, 242, 2016, NULL, 1),
(113, 243, 2000, NULL, 1),
(114, 244, 0, NULL, 1),
(115, 245, 2000, 1, 1),
(116, 246, 2000, 1, 1),
(117, 187, 2000, NULL, 1);

-- --------------------------------------------------------

--
-- Table structure for table `lkp_animal_type`
--

DROP TABLE IF EXISTS `lkp_animal_type`;
CREATE TABLE IF NOT EXISTS `lkp_animal_type` (
  `id` int NOT NULL AUTO_INCREMENT,
  `livestock_id` int DEFAULT NULL,
  `name` text CHARACTER SET utf8mb3 COLLATE utf8mb3_general_ci,
  `lactating` text CHARACTER SET utf8mb3 COLLATE utf8mb3_general_ci,
  `dairy` text CHARACTER SET utf8mb3 COLLATE utf8mb3_general_ci,
  `min_wt` text CHARACTER SET utf8mb3 COLLATE utf8mb3_general_ci,
  `max_wt` text CHARACTER SET utf8mb3 COLLATE utf8mb3_general_ci,
  `user_id` int DEFAULT NULL,
  `status` tinyint(1) DEFAULT '1',
  PRIMARY KEY (`id`)
) ENGINE=InnoDB AUTO_INCREMENT=109 DEFAULT CHARSET=latin1;

--
-- Dumping data for table `lkp_animal_type`
--

INSERT INTO `lkp_animal_type` (`id`, `livestock_id`, `name`, `lactating`, `dairy`, `min_wt`, `max_wt`, `user_id`, `status`) VALUES
(1, 2, 'Camels', 'No', 'No', '300', '1000', NULL, 1),
(2, 4, 'Donkeys', 'No', 'No', '300', '450', NULL, 1),
(3, 5, 'Local bulls or castrated male cattle (>2 year)', 'No', 'No', '100', '400', NULL, 1),
(4, 5, 'Local bulls or castrated male cattle (>6 months old - <2 years)', 'No', 'No', '50', '300', NULL, 1),
(5, 5, 'Improved bulls or castrated male cattle (>2 year)', 'No', 'No', '500', '1200', NULL, 1),
(6, 5, 'Improved bulls or castrated male cattle ((>6 months old - <2 years)', 'No', 'No', '70', '700', NULL, 1),
(7, 6, 'Goats', 'No', 'No', '15', '40', NULL, 1),
(8, 7, 'Horse', 'No', 'No', '700', '1000', NULL, 1),
(9, 8, 'Improved buffalo-lactating', 'Yes', 'Yes', '300', '1000', NULL, 1),
(10, 8, 'Improved buffalo- non-lactating (dry)', 'No', 'Yes', '300', '1000', NULL, 1),
(11, 8, 'Improved buffalo heifers – (>6 months old- <1st calving)', 'No', 'Yes', '200', '500', NULL, 1),
(12, 8, 'Improved buffalo calves ((>6 months old) - female', 'No', 'Yes', '35', '300', NULL, 1),
(13, 8, 'Improved buffalo calves ((>6 months old) -male', 'No', 'No', '35', '300', NULL, 1),
(14, 9, 'Improved dairy cows –lactating', 'Yes', 'Yes', '200', '450', NULL, 1),
(15, 9, 'Improved dairy cows – Non-lactating (dry)', 'No', 'Yes', '200', '450', NULL, 1),
(16, 9, 'Improved Dairy heifers (>6 months old - <1st calving)', 'No', 'Yes', '100', '250', NULL, 1),
(17, 9, 'Improved dairy calves (<6 months old)-female', 'No', 'Yes', '30', '100', NULL, 1),
(18, 9, 'Improved dairy calves (<6 months old)-male', 'No', 'No', '30', '100', NULL, 1),
(19, 10, 'Other', 'No', 'No', '0', '0', NULL, 1),
(20, 11, 'Local buffalo – lactating', 'Yes', 'Yes', '300', '900', NULL, 1),
(21, 11, 'Local buffalo cow – non-lactating (dry)', 'No', 'Yes', '300', '900', NULL, 1),
(22, 11, 'Local buffalo heifers (>6 months old - <1st calving)', 'No', 'Yes', '180', '500', NULL, 1),
(23, 11, 'Local buffalo calves (<6 months old – female)', 'No', 'Yes', '35', '300', NULL, 1),
(24, 11, 'Local buffalo calves (<6 months old- Male)', 'No', 'No', '35', '300', NULL, 1),
(25, 11, 'Bulls or casterated male buffalo (>2 years)', 'No', 'No', '400', '600', NULL, 1),
(26, 11, 'Bulls or casterated male buffalo (>6 months old - <2 years )', 'No', 'No', '200', '600', NULL, 1),
(27, 12, 'Local dairy cows – lactating', 'Yes', 'Yes', '180', '350', NULL, 1),
(28, 12, 'Local dairy cows - non lactating (dry)', 'No', 'Yes', '200', '280', NULL, 1),
(29, 12, 'Local dairy heifers (>6 months old – <1st calving)', 'No', 'Yes', '70', '200', NULL, 1),
(30, 12, 'Local dairy calves (<6 months old - 6 months old – female)', 'No', 'Yes', '20', '70', NULL, 1),
(31, 12, 'Local dairy calves (<6 months old - 6 months old – male)', 'No', 'No', '20', '75', NULL, 1),
(32, 13, 'Boars', 'No', 'No', '100', '350', NULL, 1),
(33, 13, 'Sows', 'No', 'No', '100', '250', NULL, 1),
(34, 13, 'Weaners/Piglets', 'No', 'No', '5', '12', NULL, 1),
(35, 13, 'Gilts', 'No', 'No', '100', '250', NULL, 1),
(36, 13, 'Growers', 'No', 'No', '12', '50', NULL, 1),
(37, 13, 'Finishers (Porkers/baconers)', 'No', 'No', '50', '100', NULL, 1),
(38, 14, 'Poultry village conditions', 'No', 'No', '0.5', '4', NULL, 1),
(39, 15, 'Poultry commercial production', 'No', 'No', '1', '4', NULL, 1),
(40, 16, 'Sheep', 'No', 'No', '15', '35', NULL, 1),
(41, NULL, 'New', NULL, NULL, '1', '2', NULL, 0),
(42, NULL, 'New one', NULL, NULL, '22', '33', NULL, 0),
(44, NULL, 'test', NULL, NULL, '1', '2', NULL, 0),
(45, NULL, 'FEAST ANIMAL', NULL, NULL, '100', '50', 1, 0),
(46, NULL, 'FEAST SAMPLE ANIMAL', NULL, NULL, '500', '1000', 1, 0),
(47, NULL, 'bull buff', NULL, NULL, '90', '250', 1, 0),
(48, NULL, 'Bull buff', NULL, NULL, '250', '900', 1, 0),
(49, NULL, 'bullbuff', NULL, NULL, '900', '250', 1, 0),
(50, 2, 'camel', NULL, NULL, '1', '2', 1, 0),
(51, 2, 'test camel 1', NULL, NULL, '1', '1', 1, 0),
(52, 29, 'testt', NULL, NULL, '450', '200', 1, 0),
(53, 31, 'matured female buffaloo', NULL, NULL, '2500', '3500', 1, 0),
(54, 32, 'name', NULL, NULL, '200', '300', 304, 0),
(55, 31, 'Bull Buff_010325', NULL, NULL, '200', '250', 307, 0),
(56, 31, 'ani type', NULL, NULL, '200', '250', 307, 0),
(57, 33, 'Bull buffaloo', NULL, NULL, '200', '350', 308, 0),
(58, 15, 'SAMPLE FEAST', NULL, NULL, '4000', '2000', 306, 0),
(59, 0, 'feast_33251', NULL, NULL, '300', '100', 308, 0),
(60, 2, 'test camelmnew', NULL, NULL, '100', '300', 308, 0),
(61, 33, '3000', NULL, NULL, '100', '123', 308, 0),
(62, 16, 'bull buffaaaaa', NULL, NULL, '300', '100', 308, 0),
(63, 31, 'Buffalo', NULL, NULL, '450', '100', 1, 0),
(64, 35, 'Bull_Buffalo', NULL, NULL, '800', '100', 1, 0),
(65, 2, 'test camel', NULL, NULL, '110', '3000', 1, 0),
(66, 31, 'temp_1031', NULL, NULL, '250', '2500', 1, 0),
(67, 0, 'tesmp[', NULL, NULL, '450', '455', 1, 0),
(68, 35, 'temp', NULL, NULL, '450', '4555', 1, 0),
(69, 2, 'smpl1031', NULL, NULL, '150', '1500', 1, 0),
(70, 33, 'tesr', NULL, NULL, '4500', '45000', 308, 0),
(71, 29, 'test', NULL, NULL, '450', '4500', 1, 0),
(72, 31, 'test', NULL, NULL, '450', '45000', 1, 0),
(73, 34, 'smpl_1131', NULL, NULL, '4500', '54', 1, 0),
(74, 4, '	Donkeys', NULL, NULL, '300', '450', 308, 0),
(75, 2, 'test camel', NULL, NULL, '11', '22', 308, 0),
(76, 2, 'test', NULL, NULL, '45000', '55', 1, 0),
(77, 4, 'Donkeys', NULL, NULL, '450', '55', 1, 0),
(78, 12, 'Jersey', NULL, NULL, '300', '600', 1, 0),
(79, 12, 'Friesian (Holstein)', NULL, NULL, '500', '1000', 1, 0),
(80, 4, 'Donkeys', NULL, NULL, '300', '450', 1, 0),
(81, 6, 'Goats', NULL, NULL, '15', '40', 1, 0),
(82, 2, 'smpl', NULL, NULL, '10', '100', 1, 0),
(83, 2, 'smpl', NULL, NULL, '10', '100', 308, 0),
(84, 12, 'Jersey', NULL, NULL, '300', '800', 306, 0),
(85, 12, 'Jersery', NULL, NULL, '200', '500', 313, 0),
(86, 36, 'goose', NULL, NULL, '1', '12', 1, 0),
(87, 36, 'goose', NULL, NULL, '1', '12', 316, 0),
(88, 4, 'qwdwqdq', NULL, NULL, '4', '11', 1, 0),
(89, 4, 'qwdqwd', NULL, NULL, '4', '11', 1, 0),
(90, 2, 'camel', '3', '4', '1', '5', 1, 0),
(91, 4, 'Donkey', NULL, NULL, '1', '10', 1, 0),
(92, 4, 'Donkey', NULL, NULL, '1', '12', 1, 0),
(93, 4, 'donkey fellow', NULL, NULL, '1', '14', 1, 0),
(94, 2, 'test new field', NULL, NULL, '1', '2', 1, 0),
(95, 2, 'wfewfewf', 'Yes', 'Yes', '1', '2', 1, 0),
(96, 2, 'fwefwef', 'Yes', 'No', '2', '3', 1, 0),
(97, 4, 'test74251', 'No', 'No', '14', '24', 1, 0),
(98, 2, 'camel', 'Yes', 'Yes', '12', '23', 315, 0),
(99, 5, 'Dummy', 'Yes', 'No', '10', '91', 1, 0),
(100, 2, 'Camels', 'No', 'No', '5', '49', 1, 0),
(101, 2, 'Camel', 'Yes', 'Yes', '300', '500', 1, 0),
(102, 2, 'Checking animals', 'No', 'No', '4', '5', 1, 0),
(103, 12, 'Jersey', 'Yes', 'Yes', '500', '1000', 297, 0),
(104, 38, 'ANIMAL SAMPLE', 'Yes', 'Yes', '500', '1000', 297, 0),
(105, 39, 'Rabbit', 'No', 'No', '1.5', '7', 328, 1),
(106, 40, 'Duck/Geese', 'No', 'No', '1.5', '5', 328, 1),
(107, 39, 'Cavy', 'No', 'No', '0.4', '2', 326, 0),
(108, 41, 'Cavy', 'No', 'No', '0.1', '2', 326, 1);

-- --------------------------------------------------------

--
-- Table structure for table `lkp_block`
--

DROP TABLE IF EXISTS `lkp_block`;
CREATE TABLE IF NOT EXISTS `lkp_block` (
  `block_id` int NOT NULL AUTO_INCREMENT,
  `country_id` int DEFAULT NULL,
  `state_id` int DEFAULT NULL,
  `district_id` int DEFAULT NULL,
  `block_name` varchar(100) CHARACTER SET utf8mb3 COLLATE utf8mb3_general_ci DEFAULT NULL,
  `block_status` tinyint(1) NOT NULL DEFAULT '1',
  PRIMARY KEY (`block_id`)
) ENGINE=InnoDB AUTO_INCREMENT=31 DEFAULT CHARSET=latin1;

--
-- Dumping data for table `lkp_block`
--

INSERT INTO `lkp_block` (`block_id`, `country_id`, `state_id`, `district_id`, `block_name`, `block_status`) VALUES
(1, 1, 8, 1, 'Banei', 1),
(2, 1, 8, 1, 'Baragaon', 1),
(3, 1, 8, 1, 'Bhasma', 1),
(4, 1, 8, 1, 'Biramitrapur', 1),
(5, 1, 8, 1, 'Bisra', 1),
(6, 1, 8, 1, 'Bondamunda', 1),
(7, 1, 8, 1, 'Brahmani Tarang', 1),
(8, 1, 8, 1, 'Chandiposh', 1),
(9, 1, 8, 1, 'Dharuadihi', 1),
(10, 1, 8, 1, 'Gurundia', 1),
(11, 1, 8, 1, 'Hatibari', 1),
(12, 1, 8, 1, 'Hemgir', 1),
(13, 1, 8, 1, 'Kamarposh Balang', 1),
(14, 1, 8, 1, 'Kinjirkela', 1),
(15, 1, 8, 1, 'Koida', 1),
(16, 1, 8, 1, 'Kutra', 1),
(17, 1, 8, 1, 'Lahunipara', 1),
(18, 1, 8, 1, 'Lathikata', 1),
(19, 1, 8, 1, 'Lephripara', 1),
(20, 1, 8, 1, 'Mahulapada', 1),
(21, 1, 8, 1, 'Raghunathapali', 1),
(22, 1, 8, 1, 'Raiboga', 1),
(23, 1, 8, 1, 'Rajagangapur', 1),
(24, 1, 8, 1, 'Raurkela', 1),
(25, 1, 8, 1, 'Raurkela P S', 1),
(26, 1, 8, 1, 'Sundargarh', 1),
(27, 1, 8, 1, 'Sundargarh Town', 1),
(28, 1, 8, 1, 'Talasara', 1),
(29, 1, 8, 1, 'Tangarapali', 1),
(30, 1, 8, 1, 'Tikaetpali', 1);

-- --------------------------------------------------------

--
-- Table structure for table `lkp_category`
--

DROP TABLE IF EXISTS `lkp_category`;
CREATE TABLE IF NOT EXISTS `lkp_category` (
  `category_id` int NOT NULL AUTO_INCREMENT,
  `category_Name` text CHARACTER SET utf8mb3 COLLATE utf8mb3_general_ci,
  `user_id` int DEFAULT NULL,
  `status` tinyint(1) NOT NULL DEFAULT '1',
  PRIMARY KEY (`category_id`)
) ENGINE=InnoDB AUTO_INCREMENT=20 DEFAULT CHARSET=latin1;

--
-- Dumping data for table `lkp_category`
--

INSERT INTO `lkp_category` (`category_id`, `category_Name`, `user_id`, `status`) VALUES
(1, 'Business', NULL, 1),
(2, 'Cropping', NULL, 1),
(3, 'Labour', NULL, 1),
(4, 'Livestock', NULL, 1),
(5, 'Other', NULL, 0),
(6, 'Remittance', NULL, 1),
(7, 'test', 302, 0),
(8, 'FEAST SAMPLE CATEGORY', 1, 0),
(9, 'farming_282251', 300, 0),
(10, 'cate_010325', 1, 0),
(11, 'feast_cate_010325', 304, 0),
(12, 'women_enterprenuer3', 308, 0),
(13, 'TEST CATEGORY', 306, 0),
(14, 'SAMPLE CATEGORY', 306, 0),
(15, 'test', 1, 0),
(16, 'TEST CATEGORY', 291, 0),
(17, 'SAMPLE CATEGORY', 297, 0),
(18, 'Handcraft', 328, 1),
(19, 'Salary', 328, 1);

-- --------------------------------------------------------

--
-- Table structure for table `lkp_circle`
--

DROP TABLE IF EXISTS `lkp_circle`;
CREATE TABLE IF NOT EXISTS `lkp_circle` (
  `CIRCLE_ID` int NOT NULL AUTO_INCREMENT,
  `CIR_CODE` varchar(6) CHARACTER SET utf8mb3 COLLATE utf8mb3_general_ci DEFAULT NULL,
  `CIR_NAME` varchar(40) CHARACTER SET utf8mb3 COLLATE utf8mb3_general_ci DEFAULT NULL,
  `DIV_CODE` varchar(5) CHARACTER SET utf8mb3 COLLATE utf8mb3_general_ci DEFAULT NULL,
  `DIV_NAME` varchar(40) CHARACTER SET utf8mb3 COLLATE utf8mb3_general_ci DEFAULT NULL,
  `ZONECODE` varchar(7) CHARACTER SET utf8mb3 COLLATE utf8mb3_general_ci DEFAULT NULL,
  `SEC_INCH_CODE` varchar(5) CHARACTER SET utf8mb3 COLLATE utf8mb3_general_ci DEFAULT NULL,
  `SEC_INCH_NAME` varchar(25) CHARACTER SET utf8mb3 COLLATE utf8mb3_general_ci DEFAULT NULL,
  `CIRCLE_STATUS` tinyint(1) DEFAULT '1',
  PRIMARY KEY (`CIRCLE_ID`)
) ENGINE=InnoDB AUTO_INCREMENT=79 DEFAULT CHARSET=latin1;

--
-- Dumping data for table `lkp_circle`
--

INSERT INTO `lkp_circle` (`CIRCLE_ID`, `CIR_CODE`, `CIR_NAME`, `DIV_CODE`, `DIV_NAME`, `ZONECODE`, `SEC_INCH_CODE`, `SEC_INCH_NAME`, `CIRCLE_STATUS`) VALUES
(1, 'NS01', 'KVB PURAM', 'ND01', 'PITCHATUR', 'ZONE', NULL, 'G RAVICHANDRA', 1),
(2, 'NS02', 'GOLLA KANDRIGA  B', 'ND01', 'PITCHATUR', 'ZONE', NULL, 'G VIJENDRA NAIDU', 1),
(3, 'NS03', 'MANGALAGIRI KANDRIGA', 'ND01', 'PITCHATUR', 'ZONE', NULL, 'S NARENDRA', 1),
(4, 'NS04', 'VELURU', 'ND01', 'PITCHATUR', 'ZONE', NULL, 'I VENKATAMUNI', 1),
(5, 'NS05', 'PICHATUR SOUTH', 'ND01', 'PITCHATUR', 'ZONE', NULL, NULL, 1),
(6, 'NS06', 'VENGALATHUR', 'ND01', 'PITCHATUR', 'ZONE', NULL, 'B KANNAIAH', 1),
(7, 'NS07', 'RAMAGIRI', 'ND02', 'NAGALAPURAM', 'ZONE', NULL, 'T RAMESH BABU', 1),
(8, 'NS08', 'KARANI', 'ND02', 'NAGALAPURAM', 'ZONE', NULL, NULL, 1),
(9, 'NS09', 'NAGALAPURAM', 'ND02', 'NAGALAPURAM', 'ZONE', NULL, 'K SUBRAMANYAM', 1),
(10, 'NS10', 'BAITA KODIAMBEDU', 'ND02', 'NAGALAPURAM', 'ZONE', NULL, 'A PRAVEEN KUMAR', 1),
(11, 'NS11', 'PALAMANGALAM SOUTH', 'ND03', 'PUTTUR', 'ZONE', NULL, 'K NOOTHAN BABU', 1),
(12, 'NS12', 'SAMUDAYAM', 'ND03', 'PUTTUR', 'ZONE', NULL, 'L BHASKAR NAIDU', 1),
(13, 'NS13', 'PUTTUR', 'ND03', 'PUTTUR', 'ZONE', NULL, 'G NARASIMHA RAJU', 1),
(14, 'NS14', 'NETTERI', 'ND04', 'NINDRA', 'ZONE', NULL, NULL, 1),
(15, 'NS15', 'KAMMA KANDRIGA', 'ND04', 'NINDRA', 'ZONE', NULL, 'M UMASHANKAR', 1),
(16, 'NS16', 'PATHA ARURU', 'ND04', 'NINDRA', 'ZONE', NULL, 'M MURALI KRISHNA', 1),
(17, 'NS17', 'KOPPEDU', 'ND04', 'NINDRA', 'ZONE', NULL, 'T KULASEKHAR', 1),
(18, 'NS18', 'KACHARAVEDU', 'ND04', 'NINDRA', 'ZONE', NULL, NULL, 1),
(19, 'NS19', 'PANNUR', 'ND05', 'VIJAYAPURAM', 'ZONE', NULL, 'G ESWARAIAH', 1),
(20, 'NS20', 'C N KANDRIGA', 'ND05', 'VIJAYAPURAM', 'ZONE', NULL, 'G RAVI', 1),
(21, 'NS21', 'VIJAYAPURAM', 'ND05', 'VIJAYAPURAM', 'ZONE', NULL, 'P NATARAJAN', 1),
(22, 'NS22', 'ALAPAKAM', 'ND05', 'VIJAYAPURAM', 'ZONE', NULL, NULL, 1),
(23, 'NS23', 'MANGALAM KANDRIGA', 'ND05', 'VIJAYAPURAM', 'ZONE', NULL, 'K MADUSUDHAN', 1),
(24, 'NS24', 'M AGARAM', 'ND05', 'VIJAYAPURAM', 'ZONE', NULL, 'K NAGABHUSHANAM', 1),
(25, 'NS25', 'GANDLA KANDRIGA', 'ND05', 'VIJAYAPURAM', 'ZONE', NULL, NULL, 1),
(26, 'NS26', 'KV PURAM', 'ND06', 'NAGARI', 'ZONE', NULL, 'B ASHOK KUMAR', 1),
(27, 'NS27', 'MANGADU', 'ND06', 'NAGARI', 'ZONE', NULL, 'V NATARAJAN', 1),
(28, 'NS28', 'BUGGA AGRAHARAM', 'ND06', 'NAGARI', 'ZONE', NULL, 'G DASARADHARAMI REDDY', 1),
(29, 'NS29', 'NAGARI', 'ND06', 'NAGARI', 'ZONE', NULL, 'R KANNEPA REDDY', 1),
(30, 'NS30', 'TV KANDRIGA', 'ND06', 'NAGARI', 'ZONE', NULL, NULL, 1),
(31, 'NS91', 'ILLATHUR-I', 'ND99', 'VIJAYAPURAM-I', 'ZONE', NULL, NULL, 1),
(32, 'NS92', 'HANUMANTHAPURAM-I', 'ND99', 'VIJAYAPURAM-I', 'ZONE', NULL, NULL, 1),
(33, 'NS93', 'SATHRAVADA-I', 'ND99', 'VIJAYAPURAM-I', 'ZONE', NULL, NULL, 1),
(34, 'NS94', 'VENUGOPALAPURAM-I', 'ND99', 'VIJAYAPURAM-I', 'ZONE', NULL, NULL, 1),
(35, 'NS95', 'SRIHARIPURA-I', 'ND99', 'VIJAYAPURAM-I', 'ZONE', NULL, NULL, 1),
(36, 'NS96', 'KVB PURAM I', 'ND99', 'PICHATUR', 'ZONE', NULL, NULL, 1),
(37, 'NS97', 'SATHYAVEDU I', 'ND99', 'NAGALAPURAM-I', 'ZONE', NULL, NULL, 1),
(38, 'TSN12', 'HUGGELLI', 'TDN01', 'DIGWAL', 'ZONE', NULL, 'KUPENDER KUMAR', 1),
(39, 'TSN13', 'DIGWAL', 'TDN01', 'DIGWAL', 'ZONE', NULL, 'SUNIL KUMAR', 1),
(40, 'TSN14', 'KOHIR', 'TDN01', 'DIGWAL', 'ZONE', NULL, 'MALSHETTY', 1),
(41, 'TSN15', 'BILALPUR', 'TDN01', 'DIGWAL', 'ZONE', NULL, 'RAJKUMAR', 1),
(42, 'TSN22', 'MIRZAPUR', 'TDN02', 'HADNOOR', 'ZONE', NULL, 'KIRAN', 1),
(43, 'TSN23', 'HADNOOR', 'TDN02', 'HADNOOR', 'ZONE', NULL, 'PARASURAM', 1),
(44, 'TSN24', 'GUNJETTI', 'TDN02', 'HADNOOR', 'ZONE', NULL, 'H. NARSIMULU', 1),
(45, 'TSN25', 'BASANTHAPUR', 'TDN02', 'HADNOOR', 'ZONE', NULL, 'KAMAL REDDY', 1),
(46, 'TSN26', 'MAMIDGI', 'TDN02', 'HADNOOR', 'ZONE', NULL, 'VINOD KUMAR', 1),
(47, 'TSN31', 'BARDIPUR', 'TDN03', 'JHARASANGAM', 'ZONE', NULL, 'MOHAN REDDY', 1),
(48, 'TSN32', 'MACHNOOR', 'TDN03', 'JHARASANGAM', 'ZONE', NULL, 'ESHWAR', 1),
(49, 'TSN33', 'JAHARASANGAM', 'TDN03', 'JHARASANGAM', 'ZONE', NULL, 'MALLANNA', 1),
(50, 'TSN34', 'RAIKODE', 'TDN03', 'JHARASANGAM', 'ZONE', NULL, 'VENUGOPAL', 1),
(51, 'TSN41', 'ALGOLE', 'TDN04', 'MADHUNAGAR', 'ZONE', NULL, 'MALLAPPA', 1),
(52, 'TSN42', 'KOTHUR-B', 'TDN04', 'MADHUNAGAR', 'ZONE', NULL, 'RAJASHEKAR', 1),
(53, 'TSN43', 'REJINTHAL', 'TDN04', 'MADHUNAGAR', 'ZONE', NULL, 'ASHOK .U', 1),
(54, 'TSN44', 'BURDIPAD', 'TDN04', 'MADHUNAGAR', 'ZONE', NULL, 'P.VISHNUVARDHAN REDDY', 1),
(55, 'TSN45', 'YELGOI', 'TDN04', 'MADHUNAGAR', 'ZONE', NULL, 'VISHWANATH', 1),
(56, 'TSN46', 'BUCHINELLY', 'TDN04', 'MADHUNAGAR', 'ZONE', NULL, 'ARUN KUMAR', 1),
(57, 'TSN51', 'NYALKAL', 'TDN05', 'NYALKAL', 'ZONE', NULL, 'K.SRINIVAS', 1),
(58, 'TSN52', 'MUNGI', 'TDN05', 'NYALKAL', 'ZONE', NULL, 'AYYAPA REDDY', 1),
(59, 'TSN53', 'SIROOR', 'TDN05', 'NYALKAL', 'ZONE', NULL, 'RANGA REDDY', 1),
(60, 'TSN54', 'CHALKI', 'TDN05', 'NYALKAL', 'ZONE', NULL, 'MOHAN REDDY', 1),
(61, 'TSN62', 'HOTI-K', 'TDN06', 'ZAHEERABAD- A', 'ZONE', NULL, 'PULENDER REDDY', 1),
(62, 'TSN63', 'MALCHALMA', 'TDN06', 'ZAHEERABAD- A', 'ZONE', NULL, 'SHEKAR .J', 1),
(63, 'TSN64', 'GOVINDPUR', 'TDN06', 'ZAHEERABAD- A', 'ZONE', NULL, 'SUBASH REDDY', 1),
(64, 'TSN65', 'MANNAPUR', 'TDN06', 'ZAHEERABAD- A', 'ZONE', NULL, 'ANJANNA', 1),
(65, 'TSN66', 'MOGDAMPALLY', 'TDN06', 'ZAHEERABAD- A', 'ZONE', NULL, 'MUNEERUDDIN', 1),
(66, 'TSN67', 'GUDPALLY', 'TDN06', 'ZAHEERABAD- A', 'ZONE', NULL, 'MADHAVA REDDY', 1),
(67, 'TSN68', 'SHIKAPUR', 'TDN06', 'ZAHEERABAD- A', 'ZONE', NULL, 'AHMED ALI', 1),
(68, 'TSN72', 'CHINNA HYDERABAD', 'TDN07', 'ZAHEERABAD- B', 'ZONE', NULL, 'KOTESHWAR RAO', 1),
(69, 'TSN73', 'HOTI-B -(WEST)', 'TDN07', 'ZAHEERABAD- B', 'ZONE', NULL, 'M.VISHNUVARDHAN REDDY', 1),
(70, 'TSN74', 'HOTI-B - (EAST)', 'TDN07', 'ZAHEERABAD- B', 'ZONE', NULL, 'PANDURANGA REDDY', 1),
(71, 'TSN75', 'SATWAR', 'TDN07', 'ZAHEERABAD- B', 'ZONE', NULL, 'VENKATA RAMANA', 1),
(72, 'TSN76', 'CHIRAGPALLY', 'TDN07', 'ZAHEERABAD- B', 'ZONE', NULL, 'KUMMARI VENU', 1),
(73, 'TSN77', 'PASTAPUR', 'TDN07', 'ZAHEERABAD- B', 'ZONE', NULL, 'SANGAMESHWAR', 1),
(74, 'TSN91', 'KADILABAD', 'TDN09', 'REGODE', 'ZONE', NULL, 'SHARANAPPA', 1),
(75, 'TSN92', 'SINDOLE', 'TDN09', 'REGODE', 'ZONE', NULL, 'SHARANAPPA', 1),
(76, 'TSN93', 'REGODE', 'TDN09', 'REGODE', 'ZONE', NULL, 'SHARANAPPA', 1),
(77, 'TSN94', 'PIPRI', 'TDN09', 'REGODE', 'ZONE', NULL, 'SHARANAPPA', 1),
(78, 'TSNNON', 'NON ZONE', 'TDN10', NULL, NULL, NULL, NULL, 1);

-- --------------------------------------------------------

--
-- Table structure for table `lkp_circle_incharge`
--

DROP TABLE IF EXISTS `lkp_circle_incharge`;
CREATE TABLE IF NOT EXISTS `lkp_circle_incharge` (
  `CIRCLE_INCHARGE_ID` int NOT NULL AUTO_INCREMENT,
  `WERKS` varchar(4) CHARACTER SET utf8mb3 COLLATE utf8mb3_general_ci DEFAULT NULL,
  `ZYEAR` varchar(7) CHARACTER SET utf8mb3 COLLATE utf8mb3_general_ci DEFAULT NULL,
  `CIR_CODE` varchar(6) CHARACTER SET utf8mb3 COLLATE utf8mb3_general_ci DEFAULT NULL,
  `LIFNR` varchar(10) CHARACTER SET utf8mb3 COLLATE utf8mb3_general_ci DEFAULT NULL,
  `NAME` varchar(35) CHARACTER SET utf8mb3 COLLATE utf8mb3_general_ci DEFAULT NULL,
  `CIR_NAME` varchar(40) CHARACTER SET utf8mb3 COLLATE utf8mb3_general_ci DEFAULT NULL,
  `MOBILE` varchar(10) CHARACTER SET utf8mb3 COLLATE utf8mb3_general_ci DEFAULT NULL,
  `CIRCLE_INCHARGE_STATUS` tinyint(1) DEFAULT '1',
  PRIMARY KEY (`CIRCLE_INCHARGE_ID`)
) ENGINE=InnoDB AUTO_INCREMENT=71 DEFAULT CHARSET=latin1;

--
-- Dumping data for table `lkp_circle_incharge`
--

INSERT INTO `lkp_circle_incharge` (`CIRCLE_INCHARGE_ID`, `WERKS`, `ZYEAR`, `CIR_CODE`, `LIFNR`, `NAME`, `CIR_NAME`, `MOBILE`, `CIRCLE_INCHARGE_STATUS`) VALUES
(1, '1100', '2018-19', 'NS01', '200133', 'G.RAVICHANDRA', 'KVB PURAM', '6303800010', 1),
(2, '1100', '2018-19', 'NS02', '200206', 'G.VIJENDRA NAIDU', 'GOLLA KANDRIGA  B', '6303800012', 1),
(3, '1100', '2018-19', 'NS03', '200127', 'S.NARENDRA', 'MANGALAGIRI KANDRIGA', '6303800035', 1),
(4, '1100', '2018-19', 'NS04', '200002', 'I.VENKATAMUNI', 'VELURU', '6303800014', 1),
(5, '1100', '2018-19', 'NS05', '200135', 'K.PARANDHAMAIAH', 'PICHATUR SOUTH', NULL, 1),
(6, '1100', '2018-19', 'NS06', '200107', 'B.KANNAIAH', 'VENGALATHUR', '6303800016', 1),
(7, '1100', '2018-19', 'NS07', '200130', 'T.RAMESH BABAU', 'RAMAGIRI', '6303800017', 1),
(8, '1100', '2018-19', 'NS08', '200198', 'A.PRAVEEN KUMAR', 'KARANI', NULL, 1),
(9, '1100', '2018-19', 'NS09', '290004', 'K.SUBRAMANYAM', 'NAGALAPURAM', '6303800019', 1),
(10, '1100', '2018-19', 'NS10', '200027', 'T.KULASEKHAR', 'BAITA KODIAMBEDU', '6303800018', 1),
(11, '1100', '2018-19', 'NS11', '290003', 'K.NOOTHAN BABU', 'PALAMANGALAM SOUTH', '6303800021', 1),
(12, '1100', '2018-19', 'NS12', '200138', 'L.BHASKAR NAIDU', 'SAMUDAYAM', '6303800023', 1),
(13, '1100', '2018-19', 'NS13', '200104', 'G.NARASIMHA RAJU', 'PUTTUR', '6303800036', 1),
(14, '1100', '2018-19', 'NS14', '200141', 'V.PUGALENDHI', 'NETTERI', '6303800026', 1),
(15, '1100', '2018-19', 'NS15', '6303800027', 'M.UMASHANKAR', 'KAMMA KANDRIGA', '6303800041', 1),
(16, '1100', '2018-19', 'NS16', '200028', 'M.MURALIKRISHNA', 'PATHA ARURU', '6303800028', 1),
(17, '1100', '2018-19', 'NS17', '6303800029', 'G.GIRI BABU', 'KOPPEDU', '6303800020', 1),
(18, '1100', '2018-19', 'NS18', '6303800030', 'N.DEVI PRASAD', 'KACHARAVEDU', '6303800030', 1),
(19, '1100', '2018-19', 'NS19', '200259', 'G.ESWARAIAH', 'PANNUR', '6303800031', 1),
(20, '1100', '2018-19', 'NS20', '200265', 'G.RAVI', 'C N  KANDRIGA', '6303800032', 1),
(21, '1100', '2018-19', 'NS21', '200007', 'P.NATARAJAN', 'VIJAYAPURAM', '6303800034', 1),
(22, '1100', '2018-19', 'NS22', '200191', 'M.CHANDRASEKAR REDDY', 'ALAPAKAM', '6303800035', 1),
(23, '1100', '2018-19', 'NS23', '200010', 'K.MADHUSUDHAN', 'MANGALAM KANDRIGA', '6303800038', 1),
(24, '1100', '2018-19', 'NS24', '200282', 'K.NAGABHUSHANAM', 'M  AGARAM', '6303800037', 1),
(25, '1100', '2018-19', 'NS25', '200029', 'K.MADHUSUDHAN', 'GANDLA KANDRIGA', NULL, 1),
(26, '1100', '2018-19', 'NS26', '200015', 'B.ASHOK KUMAR', 'KV PURAM', '6303800039', 1),
(27, '1100', '2018-19', 'NS27', '200006', 'V.NATARAJAN', 'MANGADU', '6303800040', 1),
(28, '1100', '2018-19', 'NS28', '200205', 'G.DASARADHARAMI REDDY', 'BUGGA  AGRAHARAM', '6303800043', 1),
(29, '1100', '2018-19', 'NS29', '200005', 'R.KANNEPA REDDY', 'NAGARI', '6303800042', 1),
(30, '1100', '2018-19', 'NS30', '200266', 'G.DASARADHARAMI REDDY', 'TV KANDRIGA', NULL, 1),
(31, '2000', '2018-19', 'TSN12', '300709', 'KUPENDER KUMAR', 'HUGGELLI', '6303800063', 1),
(32, '2000', '2018-19', 'TSN13', '300861', 'SUNIL KUMAR', 'DIGWAL', '6303800064', 1),
(33, '2000', '2018-19', 'TSN14', '300859', 'MALSHETTY', 'KOHIR', '6303800058', 1),
(34, '2000', '2018-19', 'TSN15', '300870', 'RAJKUMAR', 'BILALPUR', '6303800070', 1),
(35, '2000', '2018-19', 'TSN22', '6303800061', 'KIRAN', 'MIRZAPUR', '6303800061', 1),
(36, '2000', '2018-19', 'TSN23', '300880', 'PARASURAM', 'HADNOOR', '6303800050', 1),
(37, '2000', '2018-19', 'TSN24', '301912', 'H. NARSIMULU', 'GUNJETTI', '6303800051', 1),
(38, '2000', '2018-19', 'TSN25', '300925', 'KAMAL REDDY', 'BASANTHAPUR', '6303800069', 1),
(39, '2000', '2018-19', 'TSN26', '300858', 'VINOD KUMAR', 'MAMIDGI', '6303800068', 1),
(40, '2000', '2018-19', 'TSN31', '6303800065', 'MOHAN REDDY', 'BARDIPUR', '6303800065', 1),
(41, '2000', '2018-19', 'TSN32', '301370', 'ESHWAR', 'MACHNOOR', '6303800053', 1),
(42, '2000', '2018-19', 'TSN33', '300927', 'MALLANNA', 'JAHARASANGAM', '6303800054', 1),
(43, '2000', '2018-19', 'TSN34', '6303800083', 'CHANDRASHEKAR', 'RAIKODE', '6303800083', 1),
(44, '2000', '2018-19', 'TSN41', '301530', 'MALLAPPA', 'ALGOLE', '6303800060', 1),
(45, '2000', '2018-19', 'TSN42', '301898', 'VISHWANATH', 'KOTHUR-B', '6303800059', 1),
(46, '2000', '2018-19', 'TSN43', '301135', 'ASHOK .U', 'REJINTHAL', '6303800057', 1),
(47, '2000', '2018-19', 'TSN44', '301381', 'P.VISHNUVARDHAN REDDY', 'BURDIPAD', '6303800062', 1),
(48, '2000', '2018-19', 'TSN45', '6303800067', 'AHMED SHA', 'YELGOI', '6303800067', 1),
(49, '2000', '2018-19', 'TSN46', '301899', 'ARUN KUMAR', 'BUCHINELLY', '6303800052', 1),
(50, '2000', '2018-19', 'TSN51', '300979', 'K.SRINIVAS', 'NYALKAL', '6303800079', 1),
(51, '2000', '2018-19', 'TSN52', '301379', 'AYYAPA REDDY', 'MUNGI', '6303800072', 1),
(52, '2000', '2018-19', 'TSN53', '300742', 'RANGA REDDY', 'SIROOR', '6303800074', 1),
(53, '2000', '2018-19', 'TSN54', '301373', 'MOHAN REDDY', 'CHALKI', '6303800073', 1),
(54, '2000', '2018-19', 'TSN62', '300854', 'PULENDER REDDY', 'HOTI-K', '6303800075', 1),
(55, '2000', '2018-19', 'TSN63', '300980', 'SHEKAR .J', 'MALCHALMA', '6303800076', 1),
(56, '2000', '2018-19', 'TSN64', '6303800078', 'SUBASH REDDY', 'GOVINDPUR', '6303800078', 1),
(57, '2000', '2018-19', 'TSN65', '301825', 'ANJANNA', 'MANNAPUR', '6303800080', 1),
(58, '2000', '2018-19', 'TSN66', '6303800081', 'MUNEERUDDIN', 'MOGDAMPALLY', '6303800081', 1),
(59, '2000', '2018-19', 'TSN67', '300928', 'MADHAVA REDDY', 'GUDPALLY', '6303800071', 1),
(60, '2000', '2018-19', 'TSN68', '300758', 'AHMED ALI', 'SHIKAPUR', '6303800082', 1),
(61, '2000', '2018-19', 'TSN72', '6303800084', 'KOTESHWAR RAO', 'CHINNA HYDERABAD', '6303800084', 1),
(62, '2000', '2018-19', 'TSN73', '300926', 'M.VISHNUVARDHAN REDDY', 'HOTI-B -(WEST)', '6303800094', 1),
(63, '2000', '2018-19', 'TSN74', '301371', 'PANDURANGA REDDY', 'HOTI-B - (EAST)', '6303800087', 1),
(64, '2000', '2018-19', 'TSN75', '301523', 'VENKATA RAMANA', 'SATWAR', '6303800085', 1),
(65, '2000', '2018-19', 'TSN76', '6303800091', 'KUMMARI VENU', 'CHIRAGPALLY', '6303800091', 1),
(66, '2000', '2018-19', 'TSN77', '300871', 'SANGAMESHWAR', 'PASTAPUR', '6303800090', 1),
(67, '2000', '2018-19', 'TSN91', '6303800089', NULL, 'KADILABAD', '6303800089', 1),
(68, '2000', '2018-19', 'TSN92', '6303800092', NULL, 'SINDOLE', '6303800092', 1),
(69, '2000', '2018-19', 'TSN93', '6303800093', 'SHARANAPPA', 'REGODE', '6303800093', 1),
(70, '2000', '2018-19', 'TSN94', NULL, NULL, 'PIPRI', NULL, 1);

-- --------------------------------------------------------

--
-- Table structure for table `lkp_communities_type`
--

DROP TABLE IF EXISTS `lkp_communities_type`;
CREATE TABLE IF NOT EXISTS `lkp_communities_type` (
  `id` int NOT NULL AUTO_INCREMENT,
  `name` text CHARACTER SET utf8mb3 COLLATE utf8mb3_general_ci,
  `user_id` int DEFAULT NULL,
  `status` tinyint(1) DEFAULT '1',
  PRIMARY KEY (`id`)
) ENGINE=InnoDB AUTO_INCREMENT=47 DEFAULT CHARSET=latin1;

--
-- Dumping data for table `lkp_communities_type`
--

INSERT INTO `lkp_communities_type` (`id`, `name`, `user_id`, `status`) VALUES
(1, 'Village', NULL, 1),
(2, 'New community', NULL, 0),
(3, 'Community village', NULL, 0),
(4, 'Village name', NULL, 0),
(5, 'Country based community', NULL, 0),
(6, 'COMMUNITY NAME', NULL, 1),
(7, 'COMMUNIY NAME', NULL, 0),
(8, 'test', 296, 0),
(14, 'test', 302, 0),
(15, 'REGIONAL COMMUNITY', 1, 0),
(16, 'LOCAL COMMUNITY', 303, 0),
(17, 'smpl_community', 300, 0),
(18, 'prod_commu', 1, 0),
(19, 'new12', 1, 0),
(20, 'comm281', 304, 0),
(21, 'test sample', 303, 0),
(22, 'SAMPLE FEAST', 303, 0),
(23, 'comunity', 304, 0),
(24, 'smpl', 1, 0),
(25, 'prod_010325', 1, 0),
(26, 'feast_community_010325', 304, 0),
(27, 'commu_303251', 308, 0),
(28, 'SAMPLE COMMUNITY', 306, 0),
(29, 'REGIONAL SAMPLE COMMUNITY', 306, 0),
(30, 'TEST COMMUNITY 1', 306, 0),
(31, 'commu', 1, 0),
(32, 'commu', 308, 0),
(33, 'MAASAI', 306, 0),
(34, 'KAMBA', 306, 0),
(35, 'MERU', 306, 0),
(36, 'MAASAI', 313, 0),
(37, 'KAMBA', 313, 0),
(38, 'community test', 1, 0),
(39, 'COMMUNITY NAME', 1, 0),
(40, 'KAMBA', 297, 0),
(41, 'MERU', 297, 0),
(42, 'LUO', 297, 0),
(43, 'MAASAI', 297, 0),
(44, 'Fokontany', 328, 1),
(45, 'wards', 1, 1),
(46, 'Wards', 346, 1);

-- --------------------------------------------------------

--
-- Table structure for table `lkp_company`
--

DROP TABLE IF EXISTS `lkp_company`;
CREATE TABLE IF NOT EXISTS `lkp_company` (
  `COMPANY_ID` int NOT NULL AUTO_INCREMENT,
  `BUKRS` varchar(4) CHARACTER SET utf8mb3 COLLATE utf8mb3_general_ci DEFAULT NULL,
  `TEXT1` varchar(50) CHARACTER SET utf8mb3 COLLATE utf8mb3_general_ci DEFAULT NULL,
  `COMPANY_STATUS` tinyint(1) DEFAULT '1',
  PRIMARY KEY (`COMPANY_ID`)
) ENGINE=InnoDB AUTO_INCREMENT=3 DEFAULT CHARSET=latin1;

--
-- Dumping data for table `lkp_company`
--

INSERT INTO `lkp_company` (`COMPANY_ID`, `BUKRS`, `TEXT1`, `COMPANY_STATUS`) VALUES
(1, '1000', 'NATEMS SUGAR PVT LIMITED', 1),
(2, '2000', 'TRIDENT SUGARS LIMITED', 1);

-- --------------------------------------------------------

--
-- Table structure for table `lkp_country`
--

DROP TABLE IF EXISTS `lkp_country`;
CREATE TABLE IF NOT EXISTS `lkp_country` (
  `country_id` int UNSIGNED NOT NULL AUTO_INCREMENT,
  `world_region_id` int DEFAULT NULL,
  `name` varchar(100) CHARACTER SET utf8mb3 COLLATE utf8mb3_general_ci DEFAULT NULL,
  `code` varchar(100) CHARACTER SET utf8mb3 COLLATE utf8mb3_general_ci DEFAULT NULL,
  `label` tinyint(1) DEFAULT NULL,
  `status` tinyint(1) DEFAULT '1',
  PRIMARY KEY (`country_id`)
) ENGINE=InnoDB AUTO_INCREMENT=233 DEFAULT CHARSET=latin1;

--
-- Dumping data for table `lkp_country`
--

INSERT INTO `lkp_country` (`country_id`, `world_region_id`, `name`, `code`, `label`, `status`) VALUES
(1, 1, 'Antarctica', NULL, NULL, 1),
(2, 1, 'Bouvet Island', NULL, NULL, 1),
(3, 1, 'French southern territories', NULL, NULL, 1),
(4, 1, 'Heard island and Mcdonald Islands', NULL, NULL, 1),
(5, 2, 'Christmas Island', NULL, NULL, 1),
(6, 2, 'Cocos (Keeling) Islands', NULL, NULL, 1),
(7, 2, 'Cook Islands', NULL, NULL, 1),
(8, 2, 'New Zealand', NULL, NULL, 1),
(9, 2, 'Tokelau', NULL, NULL, 1),
(10, 3, 'America Samoa', NULL, NULL, 1),
(11, 3, 'Cambodia', NULL, NULL, 1),
(12, 3, 'China', NULL, NULL, 1),
(13, 3, 'Fiji', NULL, NULL, 1),
(14, 3, 'French Polynesia', NULL, NULL, 1),
(15, 3, 'Guam', NULL, NULL, 1),
(16, 3, 'Hong Kong', NULL, NULL, 1),
(17, 3, 'Indonesia', NULL, NULL, 1),
(18, 3, 'Japan', NULL, NULL, 1),
(19, 3, 'Kribati', NULL, NULL, 1),
(20, 3, 'Korea, Dem.Rep', NULL, NULL, 1),
(21, 3, 'Korea, Rep.', NULL, NULL, 1),
(22, 3, 'Lao People\'s Democratic Republic', NULL, NULL, 1),
(23, 3, 'Macao', NULL, NULL, 1),
(24, 3, 'Malaysia', NULL, NULL, 1),
(25, 3, 'Marshall Islands', NULL, NULL, 1),
(26, 3, 'Micronesia Federated states of', NULL, NULL, 1),
(27, 3, 'Mongolia\n', NULL, NULL, 1),
(28, 3, 'Myanmar', NULL, NULL, 1),
(29, 3, 'Nauru', NULL, NULL, 1),
(30, 3, 'New Caledonia', NULL, NULL, 1),
(31, 3, 'Niue', NULL, NULL, 1),
(32, 3, 'Norfolk Island', NULL, NULL, 1),
(33, 3, 'Northern Mariana Islands', NULL, NULL, 1),
(34, 3, 'Palau', NULL, NULL, 1),
(35, 3, 'Papua New Guinea', NULL, NULL, 1),
(36, 3, 'Philippines', NULL, NULL, 1),
(37, 3, 'Pitcairn', NULL, NULL, 1),
(38, 3, 'Samoa', NULL, NULL, 1),
(39, 3, 'Singapore', NULL, NULL, 1),
(40, 3, 'Solomon Islands', NULL, NULL, 1),
(41, 3, 'Taiwan', NULL, NULL, 1),
(42, 3, 'Thailand', NULL, NULL, 1),
(43, 3, 'Timor-Leste', NULL, NULL, 1),
(44, 3, 'Tonga', NULL, NULL, 1),
(45, 3, 'Tuvalu', NULL, NULL, 1),
(46, 3, 'United States Minor Outlying Islands', NULL, NULL, 1),
(47, 3, 'Vanuatu', NULL, NULL, 1),
(48, 3, 'Vietnam', NULL, NULL, 1),
(49, 3, 'Wallis and Futuna', NULL, NULL, 1),
(50, 4, 'Albania', NULL, NULL, 1),
(51, 4, 'Andorra', NULL, NULL, 1),
(52, 4, 'Armenia', NULL, NULL, 1),
(53, 4, 'Austria', NULL, NULL, 1),
(54, 4, 'Azerbaijan (partly in Asia)', NULL, NULL, 1),
(55, 4, 'Belarus', NULL, NULL, 1),
(56, 4, 'Belgium', NULL, NULL, 1),
(57, 4, 'Bosnia and Herzegovina', NULL, NULL, 1),
(58, 4, 'Bulgaria', NULL, NULL, 1),
(59, 4, 'Croatia', NULL, NULL, 1),
(60, 4, 'Cyprus', NULL, NULL, 1),
(61, 4, 'Czech Republic (Czechia)', NULL, NULL, 1),
(62, 4, 'Denmark', NULL, NULL, 1),
(63, 4, 'Estonia', NULL, NULL, 1),
(64, 4, 'Faore Islands', NULL, NULL, 1),
(65, 4, 'Finland', NULL, NULL, 1),
(66, 4, 'France', NULL, NULL, 1),
(67, 4, 'Georgia', NULL, NULL, 1),
(68, 4, 'Germany', NULL, NULL, 1),
(69, 4, 'Gibraltar', NULL, NULL, 1),
(70, 4, 'Greece', NULL, NULL, 1),
(71, 4, 'Greeland', NULL, NULL, 1),
(72, 4, 'Holy see (Vatican City)', NULL, NULL, 1),
(73, 4, 'Hungary', NULL, NULL, 1),
(74, 4, 'Iceland', NULL, NULL, 1),
(75, 4, 'Ireland', NULL, NULL, 1),
(76, 4, 'Italy', NULL, NULL, 1),
(77, 4, 'Kazakhstan', NULL, NULL, 1),
(78, 4, 'Krygyzstan', NULL, NULL, 1),
(79, 4, 'Kosovo', NULL, NULL, 1),
(80, 4, 'Latvia', NULL, NULL, 1),
(81, 4, 'Liechtenstein', NULL, NULL, 1),
(82, 4, 'Lithuania', NULL, NULL, 1),
(83, 4, 'Luxembourg', NULL, NULL, 1),
(84, 4, 'Macedonia', NULL, NULL, 1),
(85, 4, 'Malta', NULL, NULL, 1),
(86, 4, 'Moldova', NULL, NULL, 1),
(87, 4, 'Monaco', NULL, NULL, 1),
(88, 4, 'Netherlands', NULL, NULL, 1),
(89, 4, 'Norway', NULL, NULL, 1),
(90, 4, 'Poland', NULL, NULL, 1),
(91, 4, 'Portugal', NULL, NULL, 1),
(92, 4, 'Romania', NULL, NULL, 1),
(93, 4, 'Russia', NULL, NULL, 1),
(94, 4, 'San Marino', NULL, NULL, 1),
(95, 4, 'Serbia', NULL, NULL, 1),
(96, 4, 'Slovakia', NULL, NULL, 1),
(97, 4, 'Slovenia', NULL, NULL, 1),
(98, 4, 'South Georgia and the sandwich Islands', NULL, NULL, 1),
(99, 4, 'Spain', NULL, NULL, 1),
(100, 4, 'Svalbard and Jay Mayen', NULL, NULL, 1),
(101, 4, 'Sweden', NULL, NULL, 1),
(102, 4, 'Switzerland', NULL, NULL, 1),
(103, 4, 'Tajikistan', NULL, NULL, 1),
(104, 4, 'Turkey', NULL, NULL, 1),
(105, 4, 'Turkmenistan', NULL, NULL, 1),
(106, 4, 'Ukraine', NULL, NULL, 1),
(107, 4, 'United Kingdom', NULL, NULL, 1),
(108, 4, 'Uzbekistan', NULL, NULL, 1),
(109, 4, 'Vatican city state see holy see', NULL, NULL, 1),
(110, 5, 'Anguilla', NULL, NULL, 1),
(111, 5, 'Antigua and Barbuda', NULL, NULL, 1),
(112, 5, 'Argentina', NULL, NULL, 1),
(113, 5, 'Aruba', NULL, NULL, 1),
(114, 5, 'Bahamas', NULL, NULL, 1),
(115, 5, 'Barbados', NULL, NULL, 1),
(116, 5, 'Belize', NULL, NULL, 1),
(117, 5, 'Bermuda', NULL, NULL, 1),
(118, 5, 'Bolivia', NULL, NULL, 1),
(119, 5, 'Brazil', NULL, NULL, 1),
(120, 5, 'Cayman Islands', NULL, NULL, 1),
(121, 5, 'Chile', NULL, NULL, 1),
(122, 5, 'Colombia', NULL, NULL, 1),
(123, 5, 'Costa Rica', NULL, NULL, 1),
(124, 5, 'Cuba', NULL, NULL, 1),
(125, 5, 'Dominica', NULL, NULL, 1),
(126, 5, 'Dominica Republic', NULL, NULL, 1),
(127, 5, 'Ecuador', NULL, NULL, 1),
(128, 5, 'El Salvador', NULL, NULL, 1),
(129, 5, 'Equatorial Guinea', NULL, NULL, 1),
(130, 5, 'Falkland Islands (Malvinas)', NULL, NULL, 1),
(131, 5, 'French Guiana', NULL, NULL, 1),
(132, 5, 'Grenada', NULL, NULL, 1),
(133, 5, 'Guadeloupe', NULL, NULL, 1),
(134, 5, 'Guatemsala', NULL, NULL, 1),
(135, 5, 'Guyana', NULL, NULL, 1),
(136, 5, 'Haiti', NULL, NULL, 1),
(137, 5, 'Honduras', NULL, NULL, 1),
(138, 5, 'Jamaica', NULL, NULL, 1),
(139, 5, 'Martinique', NULL, NULL, 1),
(140, 5, 'Mexico', NULL, NULL, 1),
(141, 5, 'Montserrat', NULL, NULL, 1),
(142, 5, 'Netherlands Antilles', NULL, NULL, 1),
(143, 5, 'Nicaragua', NULL, NULL, 1),
(144, 5, 'Panama', NULL, NULL, 1),
(145, 5, 'Paraguay', NULL, NULL, 1),
(146, 5, 'Peru', NULL, NULL, 1),
(147, 5, 'Puerto Rico', NULL, NULL, 1),
(148, 5, 'Saint Helena', NULL, NULL, 1),
(149, 5, 'Saint Kitts and Nevis', NULL, NULL, 1),
(150, 5, 'Saint Lucia', NULL, NULL, 1),
(151, 5, 'Saint Vincent and the Grenadines', NULL, NULL, 1),
(152, 5, 'Suriname', NULL, NULL, 1),
(153, 5, 'Trinidad and Tobago', NULL, NULL, 1),
(154, 5, 'Turks and Caicos Islands', NULL, NULL, 1),
(155, 5, 'Uruguay', NULL, NULL, 1),
(156, 5, 'Venezuela', NULL, NULL, 1),
(157, 5, 'Virgin Islands British', NULL, NULL, 1),
(158, 5, 'Virgin Islands U.S.', NULL, NULL, 1),
(159, 6, 'Algeria', NULL, NULL, 1),
(160, 6, 'Bahrain', NULL, NULL, 1),
(161, 6, 'Brunei Darussalam', NULL, NULL, 1),
(162, 6, 'Cyprus', NULL, NULL, 1),
(163, 6, 'Djibouti', NULL, NULL, 1),
(164, 6, 'Egypt', NULL, NULL, 1),
(165, 6, 'Iran Islamic republic of', NULL, NULL, 1),
(166, 6, 'Iraq', NULL, NULL, 1),
(167, 6, 'Israel', NULL, NULL, 1),
(168, 6, 'Jordan', NULL, NULL, 1),
(169, 6, 'Kuwait', NULL, NULL, 1),
(170, 6, 'Lebanon', NULL, NULL, 1),
(171, 6, 'Libyan Arab Jamahiriya', NULL, NULL, 1),
(172, 6, 'Morocco', NULL, NULL, 1),
(173, 6, 'Oman', NULL, NULL, 1),
(174, 7, 'Canada', NULL, NULL, 1),
(175, 7, 'Saint Pierre and Miquelon', NULL, NULL, 1),
(176, 7, 'United States', NULL, NULL, 1),
(177, 8, 'Afghanistan', NULL, NULL, 1),
(178, 8, 'Bangladesh', NULL, NULL, 1),
(179, 8, 'Bhutan', NULL, NULL, 1),
(180, 8, 'British Indian Ocean Territory', NULL, NULL, 1),
(181, 8, 'India', NULL, NULL, 1),
(182, 8, 'Maldives', NULL, NULL, 1),
(183, 8, 'Nepal', NULL, NULL, 1),
(184, 8, 'Pakistan', NULL, NULL, 1),
(185, 8, 'Sri Lanka', NULL, NULL, 1),
(186, 9, 'Angola', NULL, NULL, 1),
(187, 9, 'Benin', NULL, NULL, 1),
(188, 9, 'Botswana', NULL, NULL, 1),
(189, 9, 'Burkina Faso', NULL, NULL, 1),
(190, 9, 'Burundi', NULL, NULL, 1),
(191, 9, 'Cabo Verde', NULL, NULL, 1),
(192, 9, 'Cameroon', NULL, NULL, 1),
(193, 9, 'Central African Republic (CAR)', NULL, NULL, 1),
(194, 9, 'Chad', NULL, NULL, 1),
(195, 9, 'Comoros', NULL, NULL, 1),
(196, 9, 'Congo (Brazzaville) – Republic of the Congo', NULL, NULL, 1),
(197, 9, 'Congo (Kinshasa) – Democratic Republic of the Congo', NULL, NULL, 1),
(198, 9, 'Cote D\'Ivoire', NULL, NULL, 1),
(199, 9, 'Eritrea', NULL, NULL, 1),
(200, 9, 'Ethiopia', NULL, NULL, 1),
(201, 9, 'Gabon', NULL, NULL, 1),
(202, 9, 'Gambia', NULL, NULL, 1),
(203, 9, 'Ghana', NULL, NULL, 1),
(204, 9, 'Guinea', NULL, NULL, 1),
(205, 9, 'Guinea-Bissau', NULL, NULL, 1),
(206, 9, 'Kenya', NULL, NULL, 1),
(207, 9, 'Lesotho', NULL, NULL, 1),
(208, 9, 'Liberia', NULL, NULL, 1),
(209, 9, 'Madagascar', NULL, NULL, 1),
(210, 9, 'Malawi', NULL, NULL, 1),
(211, 9, 'Mali', NULL, NULL, 1),
(212, 9, 'Mauritania', NULL, NULL, 1),
(213, 9, 'Mauritius', NULL, NULL, 1),
(214, 9, 'Mozambique', NULL, NULL, 1),
(215, 9, 'Namibia', NULL, NULL, 1),
(216, 9, 'Niger', NULL, NULL, 1),
(217, 9, 'Nigeria', NULL, NULL, 1),
(218, 9, 'Rwanda', NULL, NULL, 1),
(219, 9, 'São Tomé and Príncipe', NULL, NULL, 1),
(220, 9, 'Senegal', NULL, NULL, 1),
(221, 9, 'Seychelles', NULL, NULL, 1),
(222, 9, 'Sierra Leone', NULL, NULL, 1),
(223, 9, 'Somalia', NULL, NULL, 1),
(224, 9, 'South Africa', NULL, NULL, 1),
(225, 9, 'South Sudan', NULL, NULL, 1),
(226, 9, 'Sudan', NULL, NULL, 1),
(227, 9, 'Swaziland', NULL, NULL, 1),
(228, 9, 'Tanzania', NULL, NULL, 1),
(229, 9, 'Togo', NULL, NULL, 1),
(230, 9, 'Uganda', NULL, NULL, 1),
(231, 9, 'Zambia', NULL, NULL, 1),
(232, 9, 'Zimbabwe', NULL, NULL, 1);

-- --------------------------------------------------------

--
-- Table structure for table `lkp_country_projects`
--

DROP TABLE IF EXISTS `lkp_country_projects`;
CREATE TABLE IF NOT EXISTS `lkp_country_projects` (
  `id` int UNSIGNED NOT NULL AUTO_INCREMENT,
  `world_region_id` int DEFAULT NULL,
  `major_region_id` int DEFAULT NULL,
  `country_id` int DEFAULT NULL,
  `project_name` text CHARACTER SET utf8mb3 COLLATE utf8mb3_general_ci,
  `projectDescription` text CHARACTER SET utf8mb3 COLLATE utf8mb3_general_ci,
  `projectStartDate` varchar(12) DEFAULT NULL,
  `projectEndDate` varchar(12) DEFAULT NULL,
  `project_type` varchar(20) CHARACTER SET utf8mb3 COLLATE utf8mb3_general_ci DEFAULT NULL COMMENT 'To store project is public or private',
  `projectOrganization` text CHARACTER SET utf8mb3 COLLATE utf8mb3_general_ci,
  `user_id` int DEFAULT NULL,
  `status` tinyint(1) NOT NULL DEFAULT '1',
  PRIMARY KEY (`id`)
) ENGINE=InnoDB AUTO_INCREMENT=146 DEFAULT CHARSET=latin1;

--
-- Dumping data for table `lkp_country_projects`
--

INSERT INTO `lkp_country_projects` (`id`, `world_region_id`, `major_region_id`, `country_id`, `project_name`, `projectDescription`, `projectStartDate`, `projectEndDate`, `project_type`, `projectOrganization`, `user_id`, `status`) VALUES
(1, 2, 3, 21, 'Crop Livestock integration project (CLiP)', NULL, NULL, NULL, NULL, NULL, NULL, 0),
(2, 2, 3, 28, 'Crop Livestock integration project (CLiP)', NULL, NULL, NULL, NULL, NULL, NULL, 0),
(3, 2, 3, 65, 'Lips Zim', NULL, NULL, NULL, NULL, NULL, NULL, 0),
(4, 2, 3, 28, 'Congo Legacy Data', NULL, NULL, NULL, NULL, NULL, NULL, 0),
(5, 1, 1, 4, 'India Legacy Data', NULL, NULL, NULL, NULL, NULL, NULL, 0),
(6, 2, 3, 20, 'Burkina Faso Legacy', NULL, NULL, NULL, NULL, NULL, NULL, 0),
(7, 2, 3, 21, 'Integration de L\' Agriculture Al\'elevage', NULL, NULL, NULL, NULL, NULL, NULL, 0),
(8, 2, 3, 36, 'Ghana legacy', NULL, NULL, NULL, NULL, NULL, NULL, 0),
(9, 1, 1, 4, 'Feed & Fodder', NULL, NULL, NULL, NULL, NULL, NULL, 0),
(10, 2, 3, 40, 'Kenya Legacy Data', NULL, NULL, NULL, NULL, NULL, NULL, 0),
(11, 2, 3, 40, 'FTF AVCD project', NULL, NULL, NULL, NULL, NULL, NULL, 0),
(12, 2, 3, 40, 'Baseline Data Collection Using Feast Tool in Rangwe Sub County ', NULL, NULL, NULL, NULL, NULL, NULL, 0),
(13, 2, 3, 40, 'Assessing livestock feed situation in Bukira east ward,kuria west sub-county', NULL, NULL, NULL, NULL, NULL, NULL, 0),
(14, 2, 3, 40, 'RANGE', NULL, NULL, NULL, NULL, NULL, NULL, 0),
(15, 2, 3, 40, 'Bee keeping', NULL, NULL, NULL, NULL, NULL, NULL, 0),
(16, 2, 3, 40, 'Analysis of livestock feed availability and utilization', NULL, NULL, NULL, NULL, NULL, NULL, 0),
(17, 2, 3, 44, 'Crop Livestock Integration and Marketing (CLIM Malawi)', NULL, NULL, NULL, NULL, NULL, NULL, 0),
(18, 2, 3, 45, 'Mali legacy', NULL, NULL, NULL, NULL, NULL, NULL, 0),
(19, 2, 3, 50, 'Niger legacy', NULL, NULL, NULL, NULL, NULL, NULL, 0),
(20, 2, 3, 51, 'Nigeria Legacy Data', NULL, NULL, NULL, NULL, NULL, NULL, 0),
(21, 2, 3, 51, 'Nigeria legacy', NULL, NULL, NULL, NULL, NULL, NULL, 0),
(22, 2, 3, 52, 'Rwanda dairy development project', NULL, NULL, NULL, NULL, NULL, NULL, 0),
(23, 2, 3, 52, 'CSD FEAST Rwanda (men)', NULL, NULL, NULL, NULL, NULL, NULL, 0),
(24, 2, 3, 61, 'Tanzania Legacy Data', NULL, NULL, NULL, NULL, NULL, NULL, 0),
(25, 2, 3, 61, 'Tanzania legacy', NULL, NULL, NULL, NULL, NULL, NULL, 0),
(26, 2, 3, 65, 'Zimbabwe Legacy Data', NULL, NULL, NULL, NULL, NULL, NULL, 0),
(27, 2, 3, 32, 'New', NULL, NULL, NULL, NULL, NULL, NULL, 0),
(28, 1, 1, 4, 'FEAST 3.0', NULL, NULL, NULL, NULL, NULL, NULL, 0),
(29, 2, 3, 40, 'New project', NULL, NULL, NULL, NULL, NULL, NULL, 0),
(30, NULL, NULL, NULL, 'New Project', 'Description', '01/02/2025', '27/02/2025', NULL, 'Partner Organization', NULL, 0),
(31, NULL, NULL, NULL, 'test_project', 'aaaaaaaaaaaaa', '07/02/2025', '07/02/2025', NULL, 'bbbbbbbbbbbbbbbbb', 284, 0),
(32, NULL, NULL, NULL, 'usertestPro', 'aaaaaaaaaaaaaaaaa', '08/02/2025', '08/02/2025', NULL, 'ggggggggggggggggg', 278, 0),
(33, NULL, NULL, NULL, 'project_enone', 'sample test', '12/02/2025', '28/02/2025', NULL, 'test org', 1, 0),
(34, NULL, NULL, NULL, 'project_two', 'sample_test', '12/02/2025', '28/02/2025', NULL, 'parner _org', 1, 0),
(35, NULL, NULL, NULL, 'En_two_feastfacilitator_project', 'smpl_test', '01/02/2025', '12/02/2025', NULL, 'CGIAR', 286, 0),
(36, NULL, NULL, NULL, 'en_two_feast_project_two', 'en_one_manager_project_one_smpl_test', '01/02/2025', '28/02/2025', NULL, 'ILRI', 286, 0),
(37, NULL, NULL, NULL, 'en_one_manager_project_one', 'desc', '01/02/2025', '28/02/2025', NULL, 'Partner Organization(s):', 285, 0),
(38, NULL, NULL, NULL, 'Test', 'test', '01/02/2025', '04/02/2025', NULL, 'test', 287, 0),
(39, NULL, NULL, NULL, 'test2', 'test2', '01/02/2025', '04/02/2025', NULL, 'test2', 287, 0),
(40, NULL, NULL, NULL, 'testkc', 'testkc', '01/02/2025', '05/02/2025', NULL, 'testkc', 288, 0),
(41, NULL, NULL, NULL, 'testen', 'testeb', '31/01/2025', '01/03/2025', NULL, 'testen', 290, 0),
(42, NULL, NULL, NULL, 'en_feast 2', 'project2', '01/02/2025', '28/02/2025', NULL, 'org', 286, 0),
(43, NULL, NULL, NULL, 'testen1', 'testen1', '31/01/2025', '25/02/2025', NULL, 'testen', 288, 0),
(44, NULL, NULL, NULL, 'testen11', 'testen11', '30/01/2025', '08/03/2025', NULL, 'testen11', 291, 0),
(45, NULL, NULL, NULL, 'project1_en_feast_two', 'tesr', '01/02/2025', '28/02/2025', NULL, 'org', 292, 0),
(46, NULL, NULL, NULL, 'testtesten', 'testtesten', '29/01/2025', '26/02/2025', NULL, 'testtesten', 293, 0),
(47, NULL, NULL, NULL, 'testen', 'testen', '27/01/2025', '08/03/2025', NULL, 'testen', 293, 0),
(48, NULL, NULL, NULL, 'testtt', 'testtt', '26/01/2025', '08/03/2025', NULL, 'testtt', 293, 0),
(49, NULL, NULL, NULL, 'entest', 'entest', '26/01/2025', '08/03/2025', NULL, 'entest', 294, 0),
(50, NULL, NULL, NULL, 'manger', 'manager', '01/02/2025', '28/02/2025', NULL, 'org', 295, 0),
(51, NULL, NULL, NULL, 'nntest', 'nntest', '26/01/2025', '08/03/2025', NULL, 'nntest\n', 291, 0),
(52, NULL, NULL, NULL, 'project_feast_14225', 'project_feast_14225', '01/02/2025', '28/02/2025', NULL, 'org', 1, 0),
(53, NULL, NULL, NULL, 'prj_14225', 'prj_14225', '01/02/2025', '01/03/2025', NULL, 'prj14225', 296, 0),
(54, NULL, NULL, NULL, 'FEAST 3.0', 'Feed Assessment Tool (FEAST 3.0)', '01/02/2025', '31/03/2025', NULL, 'CGIAR ILRI', 1, 0),
(55, NULL, NULL, NULL, 'FEAST 3.0', 'Feed Assessment Tool (FEAST 3.0)', '01/02/2025', '31/03/2025', NULL, 'CGIAR ILRI', 297, 0),
(56, NULL, NULL, NULL, 'Feed &amp; Fooder', 'Customize the Feed availability', '01/01/2025', '31/12/2025', NULL, 'CGIAR ILRI', 297, 0),
(57, NULL, NULL, NULL, 'Feed Assessment Tool (FEAST)', 'Feed Assessment Tool (FEAST)', '01/02/2025', '30/10/2025', NULL, 'CGIAR ILRI', 297, 0),
(58, NULL, NULL, NULL, 'Assessment of feed resources', 'FEAST 3.0', '01/01/2025', '30/08/2025', NULL, 'CGIAR ILRI', 297, 0),
(59, NULL, NULL, NULL, 'proj_mngr_14225', 'proj_mngr_14225', '01/02/2025', '28/02/2025', NULL, 'Partner Organizati', 298, 0),
(60, NULL, NULL, NULL, 'proj', '', '01/02/2025', '28/02/2025', NULL, '', 296, 0),
(61, NULL, NULL, NULL, 'Gendered Feed Assessment Tool (FEAST 3.0)', 'None', '20/10/2025', '20/12/2025', NULL, 'ILRI', 297, 0),
(62, NULL, NULL, NULL, 'testlook', 'testlook', '30/01/2025', '27/02/2025', NULL, 'testlook', 291, 0),
(63, NULL, NULL, NULL, 'TESTVSAMPLE', 'NONE', '03/02/2025', '12/09/2024', NULL, 'NONE', 297, 0),
(64, NULL, NULL, NULL, 'prj_242251', '242251', '02-01-2025', '', NULL, 'test', 1, 0),
(65, NULL, NULL, NULL, 'prj', '242251', '02-01-2025', '02-03-2025', NULL, 'part', 300, 0),
(66, NULL, NULL, NULL, 'proj_2621', 'proj_desc_2621', '02-01-2025', '03-31-2025', NULL, 'part org', 301, 0),
(67, NULL, NULL, NULL, 'proj_262', 'proj_desc', '02-01-2025', '02-28-2025', NULL, 'part_org', 301, 0),
(68, NULL, NULL, NULL, 'testtest11', 'testtest11', '01-28-2025', '03-06-2025', NULL, 'testtest11', 302, 0),
(69, NULL, NULL, NULL, 'TEST', '', '02-18-2025', '', NULL, '', 1, 0),
(70, NULL, NULL, NULL, 'TEST', '', '02-18-2025', '', NULL, '', 1, 0),
(71, NULL, NULL, NULL, 'AKSHATHA', '', '02-28-2025', '', NULL, '', 1, 0),
(72, NULL, NULL, NULL, 'FEAST 3.0 FINAL TEST', 'NONE', '02-01-2025', '02-28-2025', NULL, 'CGIAR.ORG', 1, 0),
(73, NULL, NULL, NULL, 'FEAST ASSESSMENT TOOL - 3.0', 'NONE', '01-01-2025', '12-31-2025', NULL, 'CGIAR ILRI', 303, 0),
(74, NULL, NULL, NULL, 'prj', '282251', '02-01-2025', '02-28-2025', NULL, 'org', 304, 0),
(75, NULL, NULL, NULL, 'NEW FEAST', '', '02-26-2025', '', NULL, '', 303, 0),
(76, NULL, NULL, NULL, 'NEW FEAST', '', '02-26-2025', '', NULL, '', 305, 0),
(77, NULL, NULL, NULL, 'Feed Assessment Tool (FEAST) 3.0', 'NONE', '01-01-2025', '10-30-2025', NULL, 'CGIAR ILRI', 306, 0),
(78, NULL, NULL, NULL, 'proj', 'desc', '03-01-2025', '03-31-2025', NULL, 'org', 307, 0),
(79, NULL, NULL, NULL, 'proj_20325', 'project_20325', '03-01-2025', '03-31-2025', NULL, 'org', 308, 0),
(80, NULL, NULL, NULL, 'proj_303251', 'proj_303251', '03-01-2025', '03-31-2025', NULL, 'part_org', 308, 0),
(81, NULL, NULL, NULL, 'prj_403251', 'final_403251', '03-01-2025', '03-31-2025', NULL, 'part org', 308, 0),
(82, NULL, NULL, NULL, 'TEST FEED DATA', 'NONE', '03-01-2025', '', NULL, 'ILRI ', 306, 0),
(83, NULL, NULL, NULL, 'Feed Assessment Tool (FEAST) 3.0', 'None', '01-01-2025', '', NULL, 'CGIAR ILRI', 306, 0),
(84, NULL, NULL, NULL, 'KENYA LEGACY DATA', 'NONE', '01-01-2025', '', NULL, 'CGIAR ILRI', 306, 0),
(85, NULL, NULL, NULL, 'NIGERIA LEGACY DATA', 'NONE', '09-10-2024', '', NULL, 'CGIAR ILRI ', 306, 0),
(86, NULL, NULL, NULL, 'KENYA LEGACY DATA', 'None', '01-01-2025', '', NULL, 'CGIAR ILRI', 313, 0),
(87, NULL, NULL, NULL, 'NIGERIA LEGACY DATA', 'None', '10-10-2024', '', NULL, 'CGIAR ILRI', 313, 0),
(88, NULL, NULL, NULL, 'ET Test', '', '03-12-2025', '', NULL, '', 306, 0),
(89, NULL, NULL, NULL, 'test', 'test', '03-30-2025', '04-03-2025', NULL, 'test', 314, 0),
(90, NULL, NULL, NULL, 'project_44251', 'desc', '04-01-2025', '04-30-2025', NULL, 'part_org', 1, 0),
(91, NULL, NULL, NULL, 'proj_44252', 'feast_proj', '04-01-2025', '04-30-2025', NULL, 'org', 315, 0),
(92, NULL, NULL, NULL, 'proj_47251', 'Desc', '04-01-2025', '04-30-2025', NULL, 'part org', 315, 0),
(93, NULL, NULL, NULL, 'Project_84251', 'proj', '04-01-2025', '04-30-2025', NULL, 'part org', 320, 1),
(94, NULL, NULL, NULL, 'project_94252', 'test Desc', '04-01-2025', '04-08-2025', NULL, 'part org', 1, 0),
(95, NULL, NULL, NULL, 'prject_94253', 'desc', '04-01-2025', '04-30-2025', NULL, 'part org', 320, 1),
(96, NULL, NULL, NULL, 'g_feast_server', 'g_feast_server', '04-15-2025', '04-29-2025', NULL, 'g_feast_server', 321, 1),
(97, NULL, NULL, NULL, 'testfeast@123', 'testfeast@123', '04-01-2025', '04-30-2025', NULL, 'testfeast@123', 322, 1),
(98, NULL, NULL, NULL, 'India Project', 'projects related to india _174251', '04-01-2025', '06-30-2025', NULL, 'Part org', 323, 1),
(99, NULL, NULL, NULL, '&#039;USA_project&#039;', 'region', '04-01-2025', '06-30-2025', '', 'partorg', 1, 1),
(100, NULL, NULL, NULL, 'india_project2041', '2041', '04-01-2025', '04-30-2025', NULL, 'part org', 324, 1),
(101, NULL, NULL, NULL, 'India project(Hyd)', 'Hyd', '04-01-2025', '04-30-2025', NULL, 'test @ partner organization', 325, 1),
(102, NULL, NULL, NULL, 'Feed Assessment Tool (FEAST) 3.0', 'NONE', '01-01-2025', '12-31-2025', NULL, 'CGIAR ILRI', 297, 1),
(103, NULL, NULL, NULL, 'SSFA FEED DATABASE', 'NONE', '04-01-2025', '12-31-2025', NULL, 'CGIAR ICRISAT', 297, 1),
(104, NULL, NULL, NULL, 'LIVESTOCK FEED DATA', 'NONE', '03-01-2025', '10-15-2025', NULL, 'CGIAR CIMMYT', 297, 1),
(105, NULL, NULL, NULL, 'FEAST ', '', '05-15-2025', '', NULL, '', 329, 1),
(106, NULL, NULL, NULL, 'New Public project', 'New Public project', '05-10-2025', '', 'Public', 'Public', 1, 1),
(107, NULL, NULL, NULL, '\'Project_16541\'', 'desc', '05-01-2025', '05-31-2025', 'Public', 'part org', 330, 1),
(108, NULL, NULL, NULL, 'New', 'New', '05-08-2025', '', 'Private', 'sad', 1, 1),
(109, NULL, NULL, NULL, '\'FEAST\'', '', '05-15-2025', '', '', '', 1, 1),
(110, NULL, NULL, NULL, 'Newly added private project!@\'\'\'', 'Newly added private project!@&amp;#039;&amp;#039;&amp;#039;', '05-01-2025', '05-09-2025', 'Public', 'Newly added private project', 1, 0),
(111, NULL, NULL, NULL, '\'testfeast@123\'', 'testfeast@123', '04-01-2025', '04-30-2025', '', 'testfeast@123', 1, 1),
(112, NULL, NULL, NULL, 'testfeast@123', 'testfeast@123', '04-01-2025', '04-30-2025', 'Public', 'testfeast@123', 1, 1),
(113, NULL, NULL, NULL, 'testfeastlatest', 'testfeastlatest', '05-07-2025', '06-06-2025', 'Public', 'testfeastlatest', 334, 1),
(114, NULL, NULL, NULL, 'IndiaProject_27051', 'Public', '05-01-2025', '05-31-2025', 'Public', 'NABAARD', 333, 1),
(115, NULL, NULL, NULL, 'USA_project_27051', 'private', '05-01-2025', '05-31-2025', 'Public', 'private_27051', 333, 1),
(116, NULL, NULL, NULL, 'USA_project_27052', 'private', '05-01-2025', '05-31-2025', 'Public', 'part', 333, 1),
(117, NULL, NULL, NULL, '\'canada_2751\'', 'project', '05-01-2025', '05-31-2025', 'Public', 'part', 335, 0),
(118, NULL, NULL, NULL, 'canada_27051', 'desc', '05-01-2025', '05-31-2025', 'Public', 'test', 333, 1),
(119, NULL, NULL, NULL, '\'USA_project\'', 'region', '04-01-2025', '06-30-2025', 'Public', 'partorg', 331, 1),
(120, NULL, NULL, NULL, 'Feast admin public', 'Feast admin public', '05-01-2025', '', 'Public', 'Feast admin public', 331, 1),
(121, NULL, NULL, NULL, 'Feast admin Private', 'Feast admin Private', '05-01-2025', '', 'Private', 'Feast admin Private', 331, 1),
(122, NULL, NULL, NULL, 'India_28051', 'project', '05-01-2025', '05-31-2025', 'Public', 'partner org', 333, 1),
(123, NULL, NULL, NULL, 'Test quotes \'', 'Test quotes &#039;', '05-01-2025', '', 'Public', 'Test quotes \'', 331, 1),
(124, NULL, NULL, NULL, 'CLIP test', 'Old data from CLIP project re-entered to test the mobile app', '06-06-2025', '06-07-2025', 'Public', '', 306, 0),
(125, NULL, NULL, NULL, 'FSRP_ Madagascar', 'Food Security Resilience Program', '05-01-2024', '03-31-2027', 'Public', 'ILRI, FOFIFA, FIFAMANOR, MINAE, IITA, Africa Rice, ICRISAT', 328, 1),
(126, NULL, NULL, NULL, 'fa_prj_hyd', 'test', '06-01-2025', '06-30-2025', 'Public', 'nabard', 338, 1),
(127, NULL, NULL, NULL, 'prj_ff_chennai', 'madras', '06-01-2025', '06-30-2025', 'Private', 'Test', 339, 1),
(128, NULL, NULL, NULL, 'CLIP test', '', '06-06-2025', '06-07-2025', '', '', 326, 1),
(129, NULL, NULL, NULL, 'test', 'test', '06-25-2025', '07-04-2025', 'Public', 'test', 340, 1),
(130, NULL, NULL, NULL, 'projectHYD_2561', 'Hyd facilitator', '06-01-2025', '06-30-2025', 'Public', 'Nabard', 341, 1),
(131, NULL, NULL, NULL, 'test2506', 'test2506', '06-27-2025', '07-03-2025', 'Private', 'test2506', 343, 1),
(132, NULL, NULL, NULL, 'Admin_2561', 'Desc', '06-01-2025', '06-30-2025', 'Public', 'part org', 342, 1),
(133, NULL, NULL, NULL, 'Admin_2562_private', 'Desc', '06-01-2025', '06-30-2025', 'Private', 'Part org', 342, 1),
(134, NULL, NULL, NULL, 'project_private2561', 'desc', '06-01-2025', '06-30-2025', 'Private', 'org', 341, 1),
(135, NULL, NULL, NULL, 'kenya', 'Kenya_Nyanza', '08-01-2025', '12-31-2025', 'Public', 'CHEMILIl', 1, 1),
(136, NULL, NULL, NULL, 'AVCD DAIRY', 'AVCD Dairy', '08-01-2025', '01-31-2026', 'Public', 'AVCD DAIRY', 1, 0),
(137, NULL, NULL, NULL, 'AVCD DAIRY', 'AVCD DAIRY', '08-01-2025', '04-30-2026', 'Public', 'AVCD ', 346, 1),
(138, NULL, NULL, NULL, 'Graph_calculation', 'dashboard check cals', '09-01-2025', '09-30-2025', 'Public', 'Test', 1, 1),
(139, NULL, NULL, NULL, 'Graph_calc', 'Dashboard', '09-18-2025', '09-30-2025', 'Public', 'AGGRI', 347, 1),
(140, NULL, NULL, NULL, 'Chan-henh', '', '11-08-2025', '11-10-2025', 'Private', '', 326, 1),
(141, NULL, NULL, NULL, 'Dashboard_check', '151025', '10-01-2025', '10-31-2025', 'Public', 'NABARD', 1, 0),
(142, NULL, NULL, NULL, 'Dashboard_calc', 'calculation', '10-01-2025', '10-31-2025', 'Public', 'Department of Agri', 348, 1),
(143, NULL, NULL, NULL, 'test', 'test', '01-01-2026', '01-28-2026', 'Private', 'test', 1, 1),
(144, NULL, NULL, NULL, 'test temp', 'TEST', '03-01-2026', '04-02-2026', 'Public', 'test', 361, 1),
(145, NULL, NULL, NULL, 'test', 'test', '03-01-2026', '03-30-2026', '', 'test', 365, 1);

-- --------------------------------------------------------

--
-- Table structure for table `lkp_crop`
--

DROP TABLE IF EXISTS `lkp_crop`;
CREATE TABLE IF NOT EXISTS `lkp_crop` (
  `id` int UNSIGNED NOT NULL AUTO_INCREMENT,
  `crop_name` varchar(255) CHARACTER SET utf8mb3 COLLATE utf8mb3_general_ci DEFAULT NULL,
  `crop_code` varchar(100) CHARACTER SET utf8mb3 COLLATE utf8mb3_general_ci DEFAULT NULL,
  `cropID` varchar(100) CHARACTER SET utf8mb3 COLLATE utf8mb3_general_ci DEFAULT NULL,
  `harvest_index` text CHARACTER SET utf8mb3 COLLATE utf8mb3_general_ci,
  `dry_matter_content` text CHARACTER SET utf8mb3 COLLATE utf8mb3_general_ci,
  `metabolisable_energy` text CHARACTER SET utf8mb3 COLLATE utf8mb3_general_ci,
  `crude_protein_content` text CHARACTER SET utf8mb3 COLLATE utf8mb3_general_ci,
  `ref_source_info` text CHARACTER SET utf8mb3 COLLATE utf8mb3_general_ci,
  `user_id` int DEFAULT NULL,
  `added_by` int UNSIGNED DEFAULT NULL,
  `added_datetime` datetime DEFAULT NULL,
  `ip_address` varchar(100) CHARACTER SET utf8mb3 COLLATE utf8mb3_general_ci DEFAULT NULL,
  `status` tinyint(1) DEFAULT '1',
  PRIMARY KEY (`id`)
) ENGINE=InnoDB AUTO_INCREMENT=54 DEFAULT CHARSET=latin1;

--
-- Dumping data for table `lkp_crop`
--

INSERT INTO `lkp_crop` (`id`, `crop_name`, `crop_code`, `cropID`, `harvest_index`, `dry_matter_content`, `metabolisable_energy`, `crude_protein_content`, `ref_source_info`, `user_id`, `added_by`, `added_datetime`, `ip_address`, `status`) VALUES
(1, 'Banana (Musa acuminata)', NULL, NULL, '0.44', '9', '8.66', '9.5', 'Yamaguchi and Araki (2004),DPI (n.d),DPI (n.d),DPI (n.d)', NULL, 1, NULL, NULL, 1),
(2, 'Barley (Hordeum vulgare)', NULL, NULL, '0.534', '88', '7.201296', '4.1', 'Peltonen-Sainio et al. (2008),NRC (1978),NRC (1978),NRC (1978)', NULL, 1, NULL, NULL, 1),
(3, 'Buck wheat (Fagopyrum esculentum)', NULL, NULL, '0.3', '92.69', '6.34', '8.94', 'Erley et al., (2005),DPI (n.d),DPI (n.d),DPI (n.d)', NULL, 1, NULL, NULL, 1),
(4, 'Board beans (Vicia faba)', NULL, NULL, '0.54', '92.2', '6.8', '4', 'De Costa et al., (2008),Keftasa (1987),Keftasa (1987),Keftasa (1987)', NULL, 1, NULL, NULL, 1),
(5, 'Cabbage (Brassica oleracea)', NULL, NULL, '0.7353', '5.77', '10.77', '15.63', 'Janko et al., (2011),DPI (n.d),DPI (n.d),DPI (n.d)', NULL, 1, NULL, NULL, 1),
(6, 'Carrot (Daucus carota)', NULL, NULL, '0.842', '16.4', '10.173924', '12.1', 'Tejeda-Sartorius et al., (2011),FAO (n.d),FAO (n.d),FAO (n.d)', NULL, 1, NULL, NULL, 1),
(7, 'Cassava (Manihot esculenta)', NULL, NULL, '0.8696', '16.1', '10.006452', '19.94', 'Akparobi et al., (2007),FAO (n.d), SLP (2008), SLP (2008)', NULL, 1, NULL, NULL, 1),
(8, 'Chickpeas (Cicer arietinum)', NULL, NULL, '0.31', '87', '8.3', '10', 'Dahiya et al., (1988),Ribeiro and Melo (1990),Ribeiro and Melo (1990),Ribeiro and Melo (1990)', NULL, 1, NULL, NULL, 1),
(9, 'Cocoa (Theobroma cacao)', NULL, NULL, '0', '0', '0', '0', 'crop residue not usually fed to livestock', NULL, 1, NULL, NULL, 1),
(10, 'Coffee (Coffea arabica)', NULL, NULL, '0', '0', '0', '0', 'crop residue not usually fed to livestock', NULL, 1, NULL, NULL, 1),
(11, 'Common beans (Phaseolus vulgaris)', NULL, NULL, '0.555', '90', '8.331732', '6.8', 'Padilla-Ramírez et al., (2008),Lardy and Anderson (2003), SLP (2008),Lardy and Anderson (2003)', NULL, 1, NULL, NULL, 1),
(12, 'Common peas (Pisum sativum)', NULL, NULL, '0.507', '24', '8.541072', '13.1', 'Lecoeur and Sinclair (2001),NRC (1978),NRC (1978),NRC (1978)', NULL, 1, NULL, NULL, 1),
(13, 'Coriander (Coriandrum sativum)', NULL, NULL, '0', '0', '0', '0', 'crop residue not usually fed to livestock', NULL, 1, NULL, NULL, 1),
(14, 'Cotton (Gossypium sp.)', NULL, NULL, '0', '0', '0', '0', 'crop residue not usually fed to livestock', NULL, 1, NULL, NULL, 1),
(15, 'Cowpea (Vigna unguiculata)', NULL, NULL, '0.335', '90', '9.880848', '18.4', 'Chattha et al., (2007),NRC (1978),NRC (1978),NRC (1978)', NULL, 1, NULL, NULL, 1),
(16, 'Eggplant (Solanum melongena)', NULL, NULL, '0', '0', '0', '0', 'crop residue not usually fed to livestock', NULL, 1, NULL, NULL, 1),
(17, 'Eucalypt trees (Eucalyptus spp.)', NULL, NULL, '0', '0', '0', '0', 'crop residue not usually fed to livestock', NULL, 1, NULL, NULL, 1),
(18, 'Finger millet (Eleusine coracana)', NULL, NULL, '0.391', '89.7', '8.247996', '4.1', 'Reddy et al., (2004),SLP (2008),SLP (2008),SLP (2008)', NULL, 1, NULL, NULL, 1),
(19, 'Grass pea (Lathyrus sativus)', NULL, NULL, '0.195', '80.46', '7.6', '9.2', 'Robertson, and Moneim (1995),Mikic´ et al., (2011),Lo´ pez et al., (2005),Lo´ pez et al., (2005)', NULL, 1, NULL, NULL, 1),
(20, 'Green peppers (Capsicum annuum)', NULL, NULL, '0', '0', '0', '0', 'crop residue not usually fed to livestock', NULL, 1, NULL, NULL, 1),
(21, 'Groundnut (Arachis hypogaea)', NULL, NULL, '0.45', '89.53', '7.99', '6.52', 'Kiniry et al., (2005),DPI (n.d),DPI (n.d),DPI (n.d)', NULL, 1, NULL, NULL, 1),
(22, 'Kale (Brassica oleracea)', NULL, NULL, '0.863', '14.94', '10.5', '16.5', 'Limagrain (2011),Limagrain (2011),Limagrain (2011),Limagrain (2011)', NULL, 1, NULL, NULL, 1),
(23, 'Khat (Catha edulis)', NULL, NULL, '0', '0', '0', '0', 'crop residue not usually fed to livestock', NULL, 1, NULL, NULL, 1),
(24, 'Lentils (Lens esculenta)', NULL, NULL, '0.246', '90', '7.9', '6.9', 'Bakhsh et al., (1993),Lardy and Anderson (2003),Fuller (2004),Lardy and Anderson (2003)', NULL, 1, NULL, NULL, 1),
(25, 'Lupin (Lupinus angustifolius)', NULL, NULL, '0.54', '93.85', '5.57', '6.44', 'Ayaz et al., (2001),DPI (n.d),DPI (n.d),DPI (n.d)', NULL, 1, NULL, NULL, 1),
(26, 'Macademia (Macadamia intergrifolia)', NULL, NULL, '0', '0', '0', '0', 'crop residue not usually fed to livestock', NULL, 1, NULL, NULL, 1),
(27, 'Maize (Zea mays)', NULL, NULL, '0.3785', '87', '9.127224', '5.9', 'Hay and Gilbert (2001),NRC (1978),NRC (1978),NRC (1978)', NULL, 1, NULL, NULL, 1),
(28, 'Noug (Guizotia abyssinica)', NULL, NULL, '0', '0', '0', '0', 'crop residue not usually fed to livestock', NULL, 1, NULL, NULL, 1),
(29, 'Oats (Aveba sativa)', NULL, NULL, '0.464', '90', '6.69888', '4.4', 'Peltonen-Sainio et al. (2008),NRC (1978),NRC (1978),NRC (1978)', NULL, 1, NULL, NULL, 1),
(30, 'Passion fruit (Passiflora edulis)', NULL, NULL, '0', '0', '0', '0', 'contribution from this residue is likely to be minimal.', NULL, 1, NULL, NULL, 1),
(31, 'Pearl millet (Pennisetum glacum)', NULL, NULL, '0.188', '86', '9.462168', '6.4', 'Dutt and Bainiwal (2000),Lardy and Anderson (2003),SLP (2008),Lardy and Anderson (2003)', NULL, 1, NULL, NULL, 1),
(32, 'Pigoen pea (cajanus cajan)', NULL, NULL, '0.294', '91.69', '7.996788', '16.3', 'Chauhan et al., (2002),DPI (n.d),SLP (2008),SLP (2008)', NULL, 1, NULL, NULL, 1),
(33, 'Pineapple (Ananas comosus)', NULL, NULL, '0.816', '20.6', '11.5137', '9.1', 'Hepton et al., (2003),FAO (n.d),FAO (n.d),FAO (n.d)', NULL, 1, NULL, NULL, 1),
(34, 'Potato (Solanum tuberosum)', NULL, NULL, '0', '0', '0', '0', 'crop residue not usually fed to livestock', NULL, 1, NULL, NULL, 1),
(35, 'Pumpkin (Cucurbita maxima)', NULL, NULL, '0', '0', '0', '0', 'crop residue not usually fed to livestock', NULL, 1, NULL, NULL, 1),
(36, 'Rapeseed (Brassica napus)', NULL, NULL, '0.361', '80', '8.9', '3.5', 'Sultana et al., (2009),Lardy and Anderson (2003),Blackwood (2006),Lardy and Anderson (2003)', NULL, 1, NULL, NULL, 1),
(37, 'Rice (Oryza sativa)', NULL, NULL, '0.4613', '91.88', '5.64', '3.85', 'Alam et al., (2009),Al Mamun et., al (2002),Al Mamun et., al (2002),Al Mamun et., al (2002)', NULL, 1, NULL, NULL, 1),
(38, 'Rye (Secale cereale)', NULL, NULL, '0.43', '88', '5.1', '3.6', 'Richter (1999),Lardy and Anderson (2003),SLP (2008),Lardy and Anderson (2003)', NULL, 1, NULL, NULL, 1),
(39, 'Sorghum (Sorghum bicolor)', NULL, NULL, '0.458', '85', '7.033824', '4.9', 'Prihar and Stewart (1991),NRC (1978),NRC (1978),NRC (1978)', NULL, 1, NULL, NULL, 1),
(40, 'Soybean (Glycine max)', NULL, NULL, '0.422', '88', '6.322068', '5.2', 'Amin et al., (2009),NRC (1978),NRC (1978),NRC (1978)', NULL, 1, NULL, NULL, 1),
(41, 'Sugar-beet (Beta vulgaris)', NULL, NULL, '0.46', '17', '10.9', '15.1', 'Ober et al., (2004),Lardy and Anderson (2003),Mogensen and Kristensen (2003),Lardy and Anderson (2003)', NULL, 1, NULL, NULL, 1),
(42, 'Sugarcane (Saccharum officinarum)', NULL, NULL, '0.19', '96.27', '7.44', '3.69', 'Muchow et al., (1996),DPI (n.d),DPI (n.d),DPI (n.d)', NULL, 1, NULL, NULL, 1),
(43, 'Sunflower (Helianthus annus)', NULL, NULL, '0.32', '95', '6.9', '2', 'Reddy et al., (2003),Ribeiro and Melo (1990),Ribeiro and Melo (1990),Ribeiro and Melo (1990)', NULL, 1, NULL, NULL, 1),
(44, 'Sweet potato (Ipmoea batatas)', NULL, NULL, '0.27', '10.8', '10.01', '19.4', 'Claessens et al., (2009),Fuller (2004),Fuller (2004),Fuller (2004)', NULL, 1, NULL, NULL, 1),
(45, 'Tea trees (Melaleuca aliternifolia)', NULL, NULL, '0', '0', '0', '0', 'crop residue not usually fed to livestock', NULL, 1, NULL, NULL, 1),
(46, 'Tef (Eragrostis tef)', NULL, NULL, '0.369', '91.3', '6.8', '3.83', 'Gebretsadik et al., (2009),Keftasa (1987),Keftasa (1987),Keftasa (1987)', NULL, 1, NULL, NULL, 1),
(47, 'Tobacco (Nicotiana tobacum)', NULL, NULL, '0', '0', '0', '0', 'crop residue not usually fed to livestock', NULL, 1, NULL, NULL, 1),
(48, 'Tomato (Lycopersicon esculentum)', NULL, NULL, '0', '0', '0', '0', 'crop residue not usually fed to livestock', NULL, 1, NULL, NULL, 1),
(49, 'Vegetables assorted (household use)', NULL, NULL, '0', '0', '0', '0', 'contribution from this residue is likely to be minimal.', NULL, 1, NULL, NULL, 1),
(50, 'Watermelon (Citrullus lanatus)', NULL, NULL, '0', '0', '0', '0', 'crop residue not usually fed to livestock', NULL, 1, NULL, NULL, 1),
(51, 'Wheat (Triticum aestivum)', NULL, NULL, '0.36575', '90', '6.69888', '4.2', 'Riffkin et al., (2001),NRC (1978),NRC (1978),NRC (1978)', NULL, 1, NULL, NULL, 1),
(52, 'Colocase', NULL, NULL, '0.6', '34', '0.403', '2', '', 326, NULL, NULL, NULL, 1),
(53, 'Patchouli (Pogostemon cablin)', NULL, NULL, '0.8', '23', '8', '4', '', 326, NULL, NULL, NULL, 1);

-- --------------------------------------------------------

--
-- Table structure for table `lkp_crop_type`
--

DROP TABLE IF EXISTS `lkp_crop_type`;
CREATE TABLE IF NOT EXISTS `lkp_crop_type` (
  `CROP_TYPE_ID` int NOT NULL AUTO_INCREMENT,
  `PLANT_TYPE` varchar(10) CHARACTER SET utf8mb3 COLLATE utf8mb3_general_ci DEFAULT NULL,
  `PLANTDESC` varchar(40) CHARACTER SET utf8mb3 COLLATE utf8mb3_general_ci DEFAULT NULL,
  `CROP_TYPE_STATUS` tinyint(1) DEFAULT '1',
  PRIMARY KEY (`CROP_TYPE_ID`)
) ENGINE=InnoDB AUTO_INCREMENT=6 DEFAULT CHARSET=latin1;

--
-- Dumping data for table `lkp_crop_type`
--

INSERT INTO `lkp_crop_type` (`CROP_TYPE_ID`, `PLANT_TYPE`, `PLANTDESC`, `CROP_TYPE_STATUS`) VALUES
(1, 'BNUR', 'BREEDER NURSERY', 1),
(2, 'BULK', 'BULK', 1),
(3, 'CNUR', 'COMMERCIAL NURSERY', 1),
(4, 'PNUR', 'PRIMARY NURSERY', 1),
(5, 'SNUR', 'SECONDARY NURSERY', 1);

-- --------------------------------------------------------

--
-- Table structure for table `lkp_crushing_season`
--

DROP TABLE IF EXISTS `lkp_crushing_season`;
CREATE TABLE IF NOT EXISTS `lkp_crushing_season` (
  `ZYEAR_ID` int NOT NULL AUTO_INCREMENT,
  `ZYEAR` varchar(10) CHARACTER SET utf8mb3 COLLATE utf8mb3_general_ci DEFAULT NULL,
  `ZYEAR_STATUS` tinyint(1) DEFAULT '1',
  PRIMARY KEY (`ZYEAR_ID`)
) ENGINE=InnoDB AUTO_INCREMENT=6 DEFAULT CHARSET=latin1;

--
-- Dumping data for table `lkp_crushing_season`
--

INSERT INTO `lkp_crushing_season` (`ZYEAR_ID`, `ZYEAR`, `ZYEAR_STATUS`) VALUES
(1, '2017-18', 1),
(2, '2018-19', 1),
(3, '2019-20', 1),
(4, '2020-21', 1),
(5, '2021-22', 1);

-- --------------------------------------------------------

--
-- Table structure for table `lkp_currency`
--

DROP TABLE IF EXISTS `lkp_currency`;
CREATE TABLE IF NOT EXISTS `lkp_currency` (
  `id` int NOT NULL AUTO_INCREMENT,
  `world_region_id` int DEFAULT NULL,
  `country_id` int DEFAULT NULL,
  `currency` text CHARACTER SET utf8mb3 COLLATE utf8mb3_general_ci,
  `name` text CHARACTER SET utf8mb3 COLLATE utf8mb3_general_ci,
  `default_value_in_USD` double DEFAULT '0',
  `current_exchange_rate` double DEFAULT '0',
  `user_id` int DEFAULT NULL,
  `status` tinyint(1) DEFAULT '1',
  PRIMARY KEY (`id`)
) ENGINE=InnoDB AUTO_INCREMENT=233 DEFAULT CHARSET=latin1;

--
-- Dumping data for table `lkp_currency`
--

INSERT INTO `lkp_currency` (`id`, `world_region_id`, `country_id`, `currency`, `name`, `default_value_in_USD`, `current_exchange_rate`, `user_id`, `status`) VALUES
(1, 1, 1, 'USD', 'United States Dollar (USD)', 1, 10, NULL, 1),
(2, 1, 2, 'NOK', 'Norwegian Krone (NOK)', 0.12, 0.1227, NULL, 1),
(3, 1, 3, 'EUR', 'Euro (EUR)', 1.06, 1.0581, NULL, 1),
(4, 1, 4, 'AUD', 'Australian Dollar (AUD)', 0.77, 0.7653, NULL, 1),
(5, 2, 5, 'AUD', 'Australian Dollar (AUD)', 0.77, 0.7653, NULL, 1),
(6, 2, 6, 'AUD', 'Australian Dollar (AUD)', 0.77, 0.7653, NULL, 1),
(7, 2, 7, 'NZD', 'New Zealand Dollar (NZD)', 0.74, 0.736, NULL, 1),
(8, 2, 8, 'NZD', 'New Zealand Dollar (NZD)', 0.74, 0.736, NULL, 1),
(9, 2, 9, 'NZD', 'New Zealand Dollar (NZD)', 0.74, 0.736, NULL, 1),
(10, 3, 10, 'USD', 'United States Dollar (USD)', 1, 10, NULL, 1),
(11, 3, 11, 'KHR', 'Cambodian Riel (KHR)', 0, 0.0003, NULL, 1),
(12, 3, 12, 'CNY', 'Chinese Yuan (CNY)', 0.16, 0.1626, NULL, 1),
(13, 3, 13, 'FJD', 'Fijian Dollar (FJD)', 0.48, 0.4847, NULL, 1),
(14, 3, 14, 'XPF', 'CFP Franc (XPF)', 0.01, 0.0089, NULL, 1),
(15, 3, 15, 'USD', 'United States Dollar (USD)', 1, 10, NULL, 1),
(16, 3, 16, 'HKD', 'Hong Kong Dollar (HKD)', 0.13, 0.1288, NULL, 1),
(17, 3, 17, 'IDR', 'Indonesian Rupiah (IDR)', 0, 0.0001, NULL, 1),
(18, 3, 18, 'JPY', 'Japanese Yen (JPY)', 0.01, 0.0082, NULL, 1),
(19, 3, 19, 'AUD', 'Australian Dollar (AUD)', 0.77, 0.7653, NULL, 1),
(20, 3, 20, 'KPW', 'North Korean Won (KPW)', 0.01, 0.0074, NULL, 1),
(21, 3, 21, 'KRW', 'South Korean Won (KRW)', 0, 0.0009, NULL, 1),
(22, 3, 22, 'LAK', 'Lao Kip (LAK)', 0, 0.0001, NULL, 1),
(23, 3, 23, 'MOP', 'Macanese Pataca (MOP)', 0.13, 0.1271, NULL, 1),
(24, 3, 24, 'MYR', 'Malaysian Ringgit (MYR)', 0.27, 0.2714, NULL, 1),
(25, 3, 25, 'USD', 'United States Dollar (USD)', 1, 10, NULL, 1),
(26, 3, 26, 'USD', 'United States Dollar (USD)', 1, 10, NULL, 1),
(27, 3, 27, 'MNT', 'Mongolian Togrog (MNT)', 0, 0.0005, NULL, 1),
(28, 3, 28, 'MMK', 'Burmese Kyat (MMK)', 0, 0.01, NULL, 1),
(29, 3, 29, 'AUD', 'Australian Dollar (AUD)', 0.77, 0.7653, NULL, 1),
(30, 3, 30, 'XPF', 'CFP Franc (XPF)', 0.01, 0.0089, NULL, 1),
(31, 3, 31, 'NZD', 'New Zealand Dollar (NZD)', 0.74, 0.736, NULL, 1),
(32, 3, 32, 'AUD', 'Australian Dollar (AUD)', 0.77, 0.7653, NULL, 1),
(33, 3, 33, 'USD', 'United States Dollar (USD)', 1, 10, NULL, 1),
(34, 3, 34, 'USD', 'United States Dollar (USD)', 1, 10, NULL, 1),
(35, 3, 35, 'PGK', 'Papua New Guinean Kina (PGK)', 0.39, 0.3873, NULL, 1),
(36, 3, 36, 'PHP', 'Philippine Peso (PHP)', 0.02, 0.0226, NULL, 1),
(37, 3, 37, 'NZD', 'New Zealand Dollar (NZD)', 0.74, 0.736, NULL, 1),
(38, 3, 38, 'WST', 'Samoan Tala (WST)', 0.44, 0.4407, NULL, 1),
(39, 3, 39, 'SGD', 'Singapore Dollar (SGD)', 0.72, 0.7232, NULL, 1),
(40, 3, 40, 'SBD', 'Solomon Islands Dollar (SBD)', 0.13, 0.1294, NULL, 1),
(41, 3, 41, 'TWD', 'New Taiwan Dollar (TWD)', 0.03, 0.0316, NULL, 1),
(42, 3, 42, 'THB', 'Thai Baht (THB)', 0.03, 0.0305, NULL, 1),
(43, 3, 43, 'USD', 'United States Dollar (USD)', 1, 10, NULL, 1),
(44, 3, 44, 'TOP', 'Tongan Paanga (TOP)', 0.49, 0.4887, NULL, 1),
(45, 3, 45, 'AUD', 'Australian Dollar (AUD)', 0.77, 0.7653, NULL, 1),
(46, 3, 46, 'USD', 'United States Dollar (USD)', 1, 10, NULL, 1),
(47, 3, 47, 'VUV', 'Vanuatu Vatu (VUV)', 0.01, 0.0096, NULL, 1),
(48, 3, 48, 'VND', 'Vietnamese Dong (VND)', 0, 0, NULL, 1),
(49, 3, 49, 'XPF', 'CFP Franc (XPF)', 0.01, 0.0089, NULL, 1),
(50, 4, 50, 'ALL', 'Albanian Lek (ALL)', 0.01, 0.0077, NULL, 1),
(51, 4, 51, 'EUR', 'Euro (EUR)', 1.06, 1.0581, NULL, 1),
(52, 4, 52, 'AMD', 'Armenian Dram (AMD)', 0, 0.0021, NULL, 1),
(53, 4, 53, 'EUR', 'Euro (EUR)', 1.06, 1.0581, NULL, 1),
(54, 4, 54, 'AZN', 'Azerbaijani Manat (AZN)', 0.95, 0.9537, NULL, 1),
(55, 4, 55, 'BYN', 'Belarusian Ruble (BYN)', 0, 0, NULL, 1),
(56, 4, 56, 'EUR', 'Euro (EUR)', 1.06, 1.0581, NULL, 1),
(57, 4, 57, 'BAM', 'Bosnia and Herzegovina Convertible Mark (BAM)', 0.54, 0.541, NULL, 1),
(58, 4, 58, 'BGN', 'Bulgarian Lev (BGN)', 0.54, 0.5411, NULL, 1),
(59, 4, 59, 'EUR', 'Euro (EUR)', 1.06, 1.0581, NULL, 1),
(60, 4, 60, 'EUR', 'Euro (EUR)', 1.06, 1.0581, NULL, 1),
(61, 4, 61, 'CZK', 'Czech Koruna (CZK)', 0.04, 0.0388, NULL, 1),
(62, 4, 62, 'DKK', 'Danish Krone (DKK)', 0.14, 0.1448, NULL, 1),
(63, 4, 63, 'EUR', 'Euro (EUR)', 1.06, 1.0581, NULL, 1),
(64, 4, 64, 'EUR', 'Faroese Krona', 1.06, 1.0581, NULL, 1),
(65, 4, 65, 'EUR', 'Euro (EUR)', 1.06, 1.0581, NULL, 1),
(66, 4, 66, 'EUR', 'Euro (EUR)', 1.06, 1.0581, NULL, 1),
(67, 4, 67, 'GEL', 'Georgian Lari (GEL)', 0.46, 0.4565, NULL, 1),
(68, 4, 68, 'EUR', 'Euro (EUR)', 1.06, 1.0581, NULL, 1),
(69, 4, 69, 'GIP', 'Gibraltar Pound (GIP)', 1.49, 1.4937, NULL, 1),
(70, 4, 70, 'EUR', 'Euro (EUR)', 1.06, 1.0581, NULL, 1),
(71, 4, 71, 'DKK', 'Danish Krone (DKK)', 0.14, 0.1448, NULL, 1),
(72, 4, 72, 'EUR', 'Euro (EUR)', 1.06, 1.0581, NULL, 1),
(73, 4, 73, 'HUF', 'Hungarian Forint (HUF)', 0, 0.0035, NULL, 1),
(74, 4, 74, 'ISK', 'Icelandic Krona (ISK)', 0.01, 0.0072, NULL, 1),
(75, 4, 75, 'EUR', 'Euro (EUR)', 1.06, 1.0581, NULL, 1),
(76, 4, 76, 'EUR', 'Euro (EUR)', 1.06, 1.0581, NULL, 1),
(77, 4, 77, 'KZT', 'Kazakhstani Tenge (KZT)', 0.01, 0.0055, NULL, 1),
(78, 4, 78, 'KGS', 'Kyrgyzstani Som (KGS)', 0.02, 0.0163, NULL, 1),
(79, 4, 79, 'EUR', 'Euro (EUR)', 1.06, 1.0581, NULL, 1),
(80, 4, 80, 'EUR', 'Euro (EUR)', 1.06, 1.0581, NULL, 1),
(81, 4, 81, 'CHF', 'Swiss Franc (CHF)', 0.99, 0.9939, NULL, 1),
(82, 4, 82, 'EUR', 'Euro (EUR)', 1.06, 1.0581, NULL, 1),
(83, 4, 83, 'EUR', 'Euro (EUR)', 1.06, 1.0581, NULL, 1),
(84, 4, 84, 'MKD', 'Macedonian Denar (MKD)', 0.02, 0.0173, NULL, 1),
(85, 4, 85, 'EUR', 'Euro (EUR)', 1.06, 1.0581, NULL, 1),
(86, 4, 86, 'MDL', 'Moldovan Leu (MDL)', 0.06, 0.055, NULL, 1),
(87, 4, 87, 'EUR', 'Euro (EUR)', 1.06, 1.0581, NULL, 1),
(88, 4, 88, 'EUR', 'Euro (EUR)', 1.06, 1.0581, NULL, 1),
(89, 4, 89, 'NOK', 'Norwegian Krone (NOK)', 0.12, 0.1227, NULL, 1),
(90, 4, 90, 'PLN', 'Polish Zloty (PLN)', 0.26, 0.2613, NULL, 1),
(91, 4, 91, 'EUR', 'Euro (EUR)', 1.06, 1.0581, NULL, 1),
(92, 4, 92, 'RON', 'Romanian Leu (RON)', 0.24, 0.2384, NULL, 1),
(93, 4, 93, 'RUB', 'Russian Ruble (RUB)', 0.02, 0.0163, NULL, 1),
(94, 4, 94, 'EUR', 'Euro (EUR)', 1.06, 1.0581, NULL, 1),
(95, 4, 95, 'RSD', 'Serbian Dinar (RSD)', 0.01, 0.009, NULL, 1),
(96, 4, 96, 'EUR', 'Euro (EUR)', 1.06, 1.0581, NULL, 1),
(97, 4, 97, 'EUR', 'Euro (EUR)', 1.06, 1.0581, NULL, 1),
(98, 4, 98, 'GBP', 'British Pound Sterling (GBP)', 1.49, 1.4936, NULL, 1),
(99, 4, 99, 'EUR', 'Euro (EUR)', 1.06, 1.0581, NULL, 1),
(100, 4, 100, 'NOK', 'Norwegian Krone (NOK)', 0.12, 0.1227, NULL, 1),
(101, 4, 101, 'SEK', 'Swedish Krona (SEK)', 0.12, 0.1161, NULL, 1),
(102, 4, 102, 'CHF', 'Swiss Franc (CHF)', 0.99, 0.9939, NULL, 1),
(103, 4, 103, 'TJS', 'Tajikistani Somoni (TJS)', 0.18, 0.1831, NULL, 1),
(104, 4, 104, 'TRY', 'Turkish Lira (TRY)', 0.38, 0.3848, NULL, 1),
(105, 4, 105, 'TMT', 'Turkmenistani Manat (TMT)', 0.35, 0.3509, NULL, 1),
(106, 4, 106, 'UAH', 'Ukrainian Hryvnia (UAH)', 0.05, 0.0463, NULL, 1),
(107, 4, 107, 'GBP', 'British Pound Sterling (GBP)', 1.49, 1.4936, NULL, 1),
(108, 4, 108, 'UZS', 'Uzbekistani Som (UZS)', 0, 0.0004, NULL, 1),
(109, 4, 109, 'EUR', 'Euro (EUR)', 1.06, 1.0581, NULL, 1),
(110, 5, 110, 'XCD', 'East Caribbean Dollar (XCD)', 0.37, 0.372, NULL, 1),
(111, 5, 111, 'XCD', 'East Caribbean Dollar (XCD)', 0.37, 0.372, NULL, 1),
(112, 5, 112, 'ARS', 'Argentine Peso (ARS)', 0.11, 0.114, NULL, 1),
(113, 5, 113, 'AWG', 'Aruban Florin (AWG)', 0.56, 0.5587, NULL, 1),
(114, 5, 114, 'BSD', 'Bahamian Dollar (BSD)', 1.01, 1.0094, NULL, 1),
(115, 5, 115, 'BBD', 'Barbadian Dollar (BBD)', 0.5, 0.5, NULL, 1),
(116, 5, 116, 'BZD', 'Belize Dollar (BZD)', 0.51, 0.5119, NULL, 1),
(117, 5, 117, 'BMD', 'Bermudian Dollar (BMD)', 1, 1, NULL, 1),
(118, 5, 118, 'BOB', 'Boliviano (BOB)', 0.15, 0.1483, NULL, 1),
(119, 5, 119, 'BRL', 'Brazilian Real (BRL)', 0.32, 0.3197, NULL, 1),
(120, 5, 120, 'KYD', 'Cayman Islands Dollar (KYD)', 1.22, 1.2158, NULL, 1),
(121, 5, 121, 'CLP', 'Chilean Peso (CLP)', 0, 0.0016, NULL, 1),
(122, 5, 122, 'COP', 'Colombian Peso (COP)', 0, 0.0004, NULL, 1),
(123, 5, 123, 'CRC', 'Costa Rican Colon (CRC)', 0, 0.0019, NULL, 1),
(124, 5, 124, 'CUP', 'Cuban Peso (CUP)', 0.04, 0.045, NULL, 1),
(125, 5, 125, 'XCD', 'East Caribbean Dollar (XCD)', 0.37, 0.372, NULL, 1),
(126, 5, 126, 'DOP', 'Dominican Peso (DOP)', 0.02, 0.0225, NULL, 1),
(127, 5, 127, 'USD', 'United States Dollar (USD)', 1, 10, NULL, 1),
(128, 5, 128, 'USD', 'United States Dollar (USD)', 1, 10, NULL, 1),
(129, 5, 129, 'XAF', 'Central African CFA Franc (XAF)', 0, 0.0016, NULL, 1),
(130, 5, 130, 'FKP', 'Falkland Islands Pound (FKP)', 1.49, 1.4937, NULL, 1),
(131, 5, 131, 'EUR', 'Euro (EUR)', 1.06, 1.0581, NULL, 1),
(132, 5, 132, 'XCD', 'East Caribbean Dollar (XCD)', 0.37, 0.372, NULL, 1),
(133, 5, 133, 'EUR', 'Euro (EUR)', 1.06, 1.0581, NULL, 1),
(134, 5, 134, 'GTQ', 'Guatemalan Quetzal (GTQ)', 0.13, 0.1341, NULL, 1),
(135, 5, 135, 'GYD', 'Guyanese Dollar (GYD)', 0.01, 0.0051, NULL, 1),
(136, 5, 136, 'HTG', 'Haitian Gourde (HTG)', 0.02, 0.022, NULL, 1),
(137, 5, 137, 'HNL', 'Honduran Lempira (HNL)', 0.05, 0.0486, NULL, 1),
(138, 5, 138, 'JMD', 'Jamaican Dollar (JMD)', 0.01, 0.0088, NULL, 1),
(139, 5, 139, 'EUR', 'Euro (EUR)', 1.06, 1.0581, NULL, 1),
(140, 5, 140, 'MXN', 'Mexican Peso (MXN)', 0.06, 0.0648, NULL, 1),
(141, 5, 141, 'XCD', 'East Caribbean Dollar (XCD)', 0.37, 0.372, NULL, 1),
(142, 5, 142, 'ANG', 'Netherlands Antillean Guilder (ANG)', 0.56, 0.5618, NULL, 1),
(143, 5, 143, 'NIO', 'Nicaraguan Cordoba (NIO)', 0.04, 0.0381, NULL, 1),
(144, 5, 144, 'USD', 'United States Dollar (USD)', 1, 10, NULL, 1),
(145, 5, 145, 'PYG', 'Paraguayan Guarani (PYG)', 0, 0.0002, NULL, 1),
(146, 5, 146, 'PEN', 'Peruvian Sol (PEN)', 0.33, 0.3269, NULL, 1),
(147, 5, 147, 'USD', 'United States Dollar (USD)', 1, 10, NULL, 1),
(148, 5, 148, 'SHP', 'Saint Helena Pound (SHP)', 1.61, 1.6098, NULL, 1),
(149, 5, 149, 'XCD', 'East Caribbean Dollar (XCD)', 0.37, 0.372, NULL, 1),
(150, 5, 150, 'XCD', 'East Caribbean Dollar (XCD)', 0.37, 0.372, NULL, 1),
(151, 5, 151, 'XCD', 'East Caribbean Dollar (XCD)', 0.37, 0.372, NULL, 1),
(152, 5, 152, 'SRD', 'Surinamese Dollar (SRD)', 0.31, 0.3086, NULL, 1),
(153, 5, 153, 'TTD', 'Trinidad and Tobago Dollar (TTD)', 0.16, 0.1605, NULL, 1),
(154, 5, 154, 'USD', 'United States Dollar (USD)', 1, 10, NULL, 1),
(155, 5, 155, 'UYU', 'Uruguayan Peso (UYU)', 0, 0, NULL, 1),
(156, 5, 156, 'VES', 'Venezuelan Bolivar (VES)', 0, 0, NULL, 1),
(157, 5, 157, 'USD', 'United States Dollar (USD)', 1, 10, NULL, 1),
(158, 5, 158, 'USD', 'United States Dollar (USD)', 1, 10, NULL, 1),
(159, 6, 159, 'DZD', 'Algerian Dinar (DZD)', 0.01, 0.0103, NULL, 1),
(160, 6, 160, 'BHD', 'Bahraini Dinar (BHD)', 2.67, 2.6696, NULL, 1),
(161, 6, 161, 'BND', 'Brunei Dollar (BND)', 0.73, 0.7335, NULL, 1),
(162, 6, 162, 'EUR', 'Euro (EUR)', 1.06, 1.0581, NULL, 1),
(163, 6, 163, 'DJF', 'Djiboutian Franc (DJF)', 0.01, 0.0056, NULL, 1),
(164, 6, 164, 'EGP', 'Egyptian Pound (EGP)', 0.13, 0.1315, NULL, 1),
(165, 6, 165, 'IRR', 'Iranian Rial (IRR)', 0, 0, NULL, 1),
(166, 6, 166, 'IQD', 'Iraqi Dinar (IQD)', 0, 0.0009, NULL, 1),
(167, 6, 167, 'ILS', 'Israeli New Shekel (ILS)', 0.25, 0.2486, NULL, 1),
(168, 6, 168, 'JOD', 'Jordanian Dinar (JOD)', 1.42, 1.4166, NULL, 1),
(169, 6, 169, 'KWD', 'Kuwaiti Dinar (KWD)', 3.34, 3.3415, NULL, 1),
(170, 6, 170, 'LBP', 'Lebanese Pound (LBP)', 0, 0.0007, NULL, 1),
(171, 6, 171, 'LYD', 'Libyan Dinar (LYD)', 0.75, 0.7486, NULL, 1),
(172, 6, 172, 'MAD', 'Moroccan Dirham (MAD)', 0.1, 0.0995, NULL, 1),
(173, 6, 173, 'OMR', 'Omani Rial (OMR)', 2.61, 2.6072, NULL, 1),
(174, 7, 174, 'CAD', 'Canadian Dollar (CAD)', 0.79, 0.7868, NULL, 1),
(175, 7, 175, 'EUR', 'Euro (EUR)', 1.06, 1.0581, NULL, 1),
(176, 7, 176, 'USD', 'United States Dollar (USD)', 1, 10, NULL, 1),
(177, 8, 177, 'AFN', 'Afghan Afghani (AFN)', 0.02, 0.0174, NULL, 1),
(178, 8, 178, 'BDT', 'Bangladeshi Taka (BDT)', 0.01, 0.0131, NULL, 1),
(179, 8, 179, 'BTN', 'Bhutanese Ngultrum (BTN)', 0.02, 0.016, NULL, 1),
(180, 8, 180, 'USD', 'United States Dollar (USD)', 1, 10, NULL, 1),
(181, 8, 181, 'INR', 'Indian Rupee (INR)', 0.02, 0.016, NULL, 1),
(182, 8, 182, 'MVR', 'Maldivian Rufiyaa (MVR)', 0.07, 0.0669, NULL, 1),
(183, 8, 183, 'NPR', 'Nepalese Rupee (NPR)', 0.01, 0.0101, NULL, 1),
(184, 8, 184, 'PKR', 'Pakistani Rupee (PKR)', 0.01, 0.0099, NULL, 1),
(185, 8, 185, 'LKR', 'Sri Lankan Rupee (LKR)', 0.01, 0.0077, NULL, 1),
(186, 9, 186, 'AOA', 'Angolan Kwanza (AOA)', 0.01, 0.0094, NULL, 1),
(187, 9, 187, 'XOF', 'West African CFA Franc (XOF)', 0, 0.0016, NULL, 1),
(188, 9, 188, 'BWP', 'Botswana Pula (BWP)', 0.1, 0.1009, NULL, 1),
(189, 9, 189, 'XOF', 'West African CFA Franc (XOF)', 0, 0.0016, NULL, 1),
(190, 9, 190, 'BIF', 'Burundian Franc (BIF)', 0, 0.0006, NULL, 1),
(191, 9, 191, 'CVE', 'Cape Verdean Escudo (CVE)', 0.01, 0.0096, NULL, 1),
(192, 9, 192, 'XAF', 'Central African CFA Franc (XAF)', 0, 0.0016, NULL, 1),
(193, 9, 193, 'XAF', 'Central African CFA Franc (XAF)', 0, 0.0016, NULL, 1),
(194, 9, 194, 'XAF', 'Central African CFA Franc (XAF)', 0, 0.0016, NULL, 1),
(195, 9, 195, 'KMF', 'Comorian Franc (KMF)', 0, 0.0021, NULL, 1),
(196, 9, 196, 'XAF', 'Central African CFA Franc (XAF)', 0, 0.0016, NULL, 1),
(197, 9, 197, 'CDF', 'Congolese Franc (CDF)', 0, 0.0011, NULL, 1),
(198, 9, 198, 'XOF', 'West African CFA Franc (XOF)', 0, 0.0016, NULL, 1),
(199, 9, 199, 'ERN', 'Eritrean Nakfa (ERN)', 0.07, 0.065, NULL, 1),
(200, 9, 200, 'ETB', 'Ethiopian Birr (ETB)', 0.05, 0.0495, NULL, 1),
(201, 9, 201, 'XAF', 'Central African CFA Franc (XAF)', 0, 0.0016, NULL, 1),
(202, 9, 202, 'GMD', 'Gambian Dalasi (GMD)', 0.02, 0.0235, NULL, 1),
(203, 9, 203, 'GHS', 'Ghanaian Cedi (GHS)', 0.28, 0.2822, NULL, 1),
(204, 9, 204, 'GNF', 'Guinean Franc (GNF)', 0, 0.0001, NULL, 1),
(205, 9, 205, 'XOF', 'West African CFA Franc (XOF)', 0, 0.0016, NULL, 1),
(206, 9, 206, 'KES', 'Kenyan Shilling (KES)', 0.01, 0.0111, NULL, 1),
(207, 9, 207, 'LSL', 'Lesotho Loti (LSL)', 0.08, 0.0817, NULL, 1),
(208, 9, 208, 'LRD', 'Liberian Dollar (LRD)', 0.01, 0.0119, NULL, 1),
(209, 9, 209, 'MGA', 'Malagasy Ariary (MGA)', 0, 0.0003, NULL, 1),
(210, 9, 210, 'MWK', 'Malawian Kwacha (MWK)', 0, 0.0023, NULL, 1),
(211, 9, 211, 'XOF', 'West African CFA Franc (XOF)', 0, 0.0016, NULL, 1),
(212, 9, 212, 'MRU', 'Mauritanian Ouguiya (MRU)', 0, 0, NULL, 1),
(213, 9, 213, 'MUR', 'Mauritian Rupee (MUR)', 0.03, 0.0294, NULL, 1),
(214, 9, 214, 'MZN', 'Mozambican Metical (MZN)', 0.03, 0.0295, NULL, 1),
(215, 9, 215, 'NAD', 'Namibian Dollar (NAD)', 0.08, 0.0817, NULL, 1),
(216, 9, 216, 'XOF', 'West African CFA Franc (XOF)', 0, 0.0016, NULL, 1),
(217, 9, 217, 'NGN', 'Nigerian Naira (NGN)', 0.01, 0.0051, NULL, 1),
(218, 9, 218, 'RWF', 'Rwandan Franc (RWF)', 0, 0.0014, NULL, 1),
(219, 9, 219, 'STN', 'Sao Tome and Principe Dobra (STN)', 0, 0, NULL, 1),
(220, 9, 220, 'XOF', 'West African CFA Franc (XOF)', 0, 0.0016, NULL, 1),
(221, 9, 221, 'SCR', 'Seychellois Rupee (SCR)', 0.08, 0.0779, NULL, 1),
(222, 9, 222, 'SLE', 'Sierra Leonean Leone (SLE)', 0, 0, NULL, 1),
(223, 9, 223, 'SOS', 'Somali Shilling (SOS)', 0, 0.0015, NULL, 1),
(224, 9, 224, 'ZAR', 'South African Rand (ZAR)', 0.08, 0.0817, NULL, 1),
(225, 9, 225, 'SSP', 'South Sudanese Pound (SSP)', 0, 0, NULL, 1),
(226, 9, 226, 'SDG', 'Sudanese Pound (SDG)', 0.17, 0.1681, NULL, 1),
(227, 9, 227, 'SZL', 'Eswatini Lilangeni (SZL)', 0.08, 0.0817, NULL, 1),
(228, 9, 228, 'TZS', 'Tanzanian Shilling (TZS)', 0, 0.0006, NULL, 1),
(229, 9, 229, 'XOF', 'West African CFA Franc (XOF)', 0, 0.0016, NULL, 1),
(230, 9, 230, 'UGX', 'Ugandan Shilling (UGX)', 0, 0.0003, NULL, 1),
(231, 9, 231, 'ZMW', 'Zambian Kwacha (ZMW)', 0.14, 0.1383, NULL, 1),
(232, 9, 232, 'ZWL', 'Zimbabwean Dollar (ZWL)', 0, 0, NULL, 1);

-- --------------------------------------------------------

--
-- Table structure for table `lkp_deviation`
--

DROP TABLE IF EXISTS `lkp_deviation`;
CREATE TABLE IF NOT EXISTS `lkp_deviation` (
  `DEVIATION_ID` int NOT NULL AUTO_INCREMENT,
  `DEVI_TYPE` varchar(20) CHARACTER SET utf8mb3 COLLATE utf8mb3_general_ci DEFAULT NULL,
  `DEVIATION_STATUS` int DEFAULT '1',
  PRIMARY KEY (`DEVIATION_ID`)
) ENGINE=InnoDB AUTO_INCREMENT=12 DEFAULT CHARSET=latin1;

--
-- Dumping data for table `lkp_deviation`
--

INSERT INTO `lkp_deviation` (`DEVIATION_ID`, `DEVI_TYPE`, `DEVIATION_STATUS`) VALUES
(1, 'BURNT', 1),
(2, 'CONTINUATION PLOT', 1),
(3, 'DIVERSION', 1),
(4, 'FAMILY GROUP', 1),
(5, 'IRRIGATION FAILURE', 1),
(6, 'OTHERS', 1),
(7, 'PERMISSION', 1),
(8, 'PERSIONAL ISSUE', 1),
(9, 'PEST & DISEASE', 1),
(10, 'POOR CROP', 1),
(11, 'ROUTE PROBLEM', 1);

-- --------------------------------------------------------

--
-- Table structure for table `lkp_disposal_reason`
--

DROP TABLE IF EXISTS `lkp_disposal_reason`;
CREATE TABLE IF NOT EXISTS `lkp_disposal_reason` (
  `DISPOSAL_REASON_ID` int NOT NULL AUTO_INCREMENT,
  `RESNR` varchar(3) CHARACTER SET utf8mb3 COLLATE utf8mb3_general_ci DEFAULT NULL,
  `RESTX` varchar(30) CHARACTER SET utf8mb3 COLLATE utf8mb3_general_ci DEFAULT NULL,
  `DISPOSAL_REASON_STATUS` tinyint(1) DEFAULT '1',
  PRIMARY KEY (`DISPOSAL_REASON_ID`)
) ENGINE=InnoDB AUTO_INCREMENT=15 DEFAULT CHARSET=latin1;

--
-- Dumping data for table `lkp_disposal_reason`
--

INSERT INTO `lkp_disposal_reason` (`DISPOSAL_REASON_ID`, `RESNR`, `RESTX`, `DISPOSAL_REASON_STATUS`) VALUES
(1, '001', 'DROUGHT', 1),
(2, '002', 'RYOT NEGLIGENCE', 1),
(3, '003', 'PEST ATTACK', 1),
(4, '004', 'DISEASE', 1),
(5, '005', 'WATERLOGGING', 1),
(6, '006', 'WILLFUL UPROOTING', 1),
(7, '007', 'OTHERS', 1),
(8, '008', 'CANE PLANTING', 1),
(9, '009', 'GAP FILLING', 1),
(10, '010', 'GERMINATION FAILURE', 1),
(11, '011', 'IRRIGATION FAILURE', 1),
(12, '012', 'LEGACY CANE SUPPLY', 1),
(13, '013', 'PLOT 2 PLOT', 1),
(14, '014', 'DIVERISON', 1);

-- --------------------------------------------------------

--
-- Table structure for table `lkp_disposal_type`
--

DROP TABLE IF EXISTS `lkp_disposal_type`;
CREATE TABLE IF NOT EXISTS `lkp_disposal_type` (
  `DISPOSAL_TYPE_ID` int NOT NULL AUTO_INCREMENT,
  `DISPT` varchar(2) CHARACTER SET utf8mb3 COLLATE utf8mb3_general_ci DEFAULT NULL,
  `Short Description` varchar(40) CHARACTER SET utf8mb3 COLLATE utf8mb3_general_ci DEFAULT NULL,
  `DISPOSAL_TYPE_STATUS` tinyint(1) DEFAULT '1',
  PRIMARY KEY (`DISPOSAL_TYPE_ID`)
) ENGINE=InnoDB AUTO_INCREMENT=7 DEFAULT CHARSET=latin1;

--
-- Dumping data for table `lkp_disposal_type`
--

INSERT INTO `lkp_disposal_type` (`DISPOSAL_TYPE_ID`, `DISPT`, `Short Description`, `DISPOSAL_TYPE_STATUS`) VALUES
(1, 'A', 'Perished', 1),
(2, 'B', 'Seed Diversion', 1),
(3, 'C', 'Official Diversion', 1),
(4, 'D', 'Unauthorised Diversion', 1),
(5, 'F', 'Jaggery', 1),
(6, 'G', 'Burnt', 1);

-- --------------------------------------------------------

--
-- Table structure for table `lkp_district`
--

DROP TABLE IF EXISTS `lkp_district`;
CREATE TABLE IF NOT EXISTS `lkp_district` (
  `district_id` int UNSIGNED NOT NULL AUTO_INCREMENT,
  `country_id` int UNSIGNED DEFAULT NULL,
  `state_id` int UNSIGNED DEFAULT NULL,
  `district_name` varchar(100) CHARACTER SET utf8mb3 COLLATE utf8mb3_general_ci DEFAULT NULL,
  `district_code` int DEFAULT NULL,
  `lat` varchar(100) DEFAULT NULL,
  `lng` varchar(100) DEFAULT NULL,
  `status` tinyint(1) DEFAULT NULL,
  PRIMARY KEY (`district_id`),
  KEY `county_id` (`country_id`),
  KEY `sub_county_id` (`state_id`)
) ENGINE=InnoDB AUTO_INCREMENT=40 DEFAULT CHARSET=latin1;

--
-- Dumping data for table `lkp_district`
--

INSERT INTO `lkp_district` (`district_id`, `country_id`, `state_id`, `district_name`, `district_code`, `lat`, `lng`, `status`) VALUES
(1, 40, 1, 'Voi', NULL, NULL, NULL, 1),
(2, 40, 1, 'Taita ', NULL, NULL, NULL, 1),
(3, 40, 1, 'Taveta', NULL, NULL, NULL, 1),
(4, 40, 1, 'Mwatate', NULL, NULL, NULL, 1),
(5, 40, 2, 'Magarini', NULL, NULL, NULL, 1),
(6, 40, 2, 'Malindi', NULL, NULL, NULL, 1),
(7, 40, 2, 'Kilifi South', NULL, NULL, NULL, 1),
(8, 40, 2, 'Kilifi North', NULL, NULL, NULL, 1),
(9, 40, 2, 'Kaloleni', NULL, NULL, NULL, 1),
(10, 40, 3, 'Lunga Lunga', NULL, NULL, NULL, 1),
(11, 40, 3, 'Matuga', NULL, NULL, NULL, 1),
(12, 40, 3, 'Msambweni', NULL, NULL, NULL, 1),
(13, 40, 3, 'Kinango', NULL, NULL, NULL, 1),
(14, 40, 4, 'Mbeere North', NULL, NULL, NULL, 1),
(15, 40, 4, 'Mbeere South', NULL, NULL, NULL, 1),
(16, 40, 4, 'Runyenjes - 6', NULL, NULL, NULL, 1),
(17, 40, 4, 'Runyenjes -7', NULL, NULL, NULL, 0),
(18, 40, 4, 'Runyenjes - 8', NULL, NULL, NULL, 0),
(19, 40, 4, 'Runyenjes - 9', NULL, NULL, NULL, 0),
(20, 40, 4, 'Runyenjes -10', NULL, NULL, NULL, 0),
(21, 40, 4, 'Runyenjes -11', NULL, NULL, NULL, 0),
(22, 40, 5, 'Tharaka North', NULL, NULL, NULL, 1),
(23, 40, 5, 'Tharaka South', NULL, NULL, NULL, 1),
(24, 40, 5, 'Igambangombe - 3', NULL, NULL, NULL, 1),
(25, 40, 5, 'Maara', NULL, NULL, NULL, 1),
(26, 40, 6, 'Mwingi Central', NULL, NULL, NULL, 1),
(27, 40, 6, 'Mwingi North', NULL, NULL, NULL, 1),
(28, 40, 6, 'Mwingi West', NULL, NULL, NULL, 1),
(29, 40, 6, 'Kitui South', NULL, NULL, NULL, 1),
(30, 40, 6, 'Kitui Rural', NULL, NULL, NULL, 1),
(31, 40, 6, 'Kitui East', NULL, NULL, NULL, 1),
(32, 40, 7, 'Mbooni', NULL, NULL, NULL, 1),
(33, 40, 7, 'Kilome', NULL, NULL, NULL, 1),
(34, 40, 7, 'Makueni', NULL, NULL, NULL, 1),
(35, 40, 7, 'Kibwezi East', NULL, NULL, NULL, 1),
(36, 40, 7, 'Kibwezi West', NULL, NULL, NULL, 1),
(37, 40, 8, 'Yatta', NULL, NULL, NULL, 1),
(38, 40, 8, 'Masinga', NULL, NULL, NULL, 1),
(39, 40, 8, 'Mwala', NULL, NULL, NULL, 1);

-- --------------------------------------------------------

--
-- Table structure for table `lkp_division`
--

DROP TABLE IF EXISTS `lkp_division`;
CREATE TABLE IF NOT EXISTS `lkp_division` (
  `DIVISION_ID` int NOT NULL AUTO_INCREMENT,
  `DIV_CODE` varchar(5) DEFAULT NULL,
  `DIV_NAME` varchar(40) DEFAULT NULL,
  `ZONECODE` varchar(10) DEFAULT NULL,
  `DIV_INC_CODE` varchar(5) DEFAULT NULL,
  `DIV_INC_NAME` varchar(25) DEFAULT NULL,
  `WERKS` varchar(4) DEFAULT NULL,
  `CRNO` varchar(100) DEFAULT NULL,
  `DIVISION_STATUS` tinyint(1) DEFAULT '1',
  PRIMARY KEY (`DIVISION_ID`)
) ENGINE=InnoDB AUTO_INCREMENT=17 DEFAULT CHARSET=latin1;

--
-- Dumping data for table `lkp_division`
--

INSERT INTO `lkp_division` (`DIVISION_ID`, `DIV_CODE`, `DIV_NAME`, `ZONECODE`, `DIV_INC_CODE`, `DIV_INC_NAME`, `WERKS`, `CRNO`, `DIVISION_STATUS`) VALUES
(1, 'ND01', 'PITCHATUR', 'ZONE', NULL, 'P. NARASIMHULU', '1100', NULL, 1),
(2, 'ND02', 'NAGALAPURAM', 'ZONE', NULL, 'G. SURESH BABU', '1100', NULL, 1),
(3, 'ND03', 'PUTTUR', 'ZONE', NULL, 'G. JAYA CHANDRAN', '1100', NULL, 1),
(4, 'ND04', 'NINDRA', 'ZONE', NULL, 'G. SAMPATH KUMAR', '1100', NULL, 1),
(5, 'ND05', 'VIJAYAPURAM', 'ZONE', NULL, 'V. MAHESH', '1100', NULL, 1),
(6, 'ND06', 'NAGARI', 'ZONE', NULL, 'N. KUPPAIAH', '1100', NULL, 1),
(7, 'ND99', 'VIJAYAPURAM-I', 'ZONE', NULL, NULL, '1100', NULL, 1),
(8, 'TDN01', 'DIWGAL', 'ZONE', NULL, NULL, '2000', NULL, 1),
(9, 'TDN02', 'HADNOOR', 'ZONE', NULL, NULL, '2000', NULL, 1),
(10, 'TDN03', 'JHARASANGAM', 'ZONE', NULL, NULL, '2000', NULL, 1),
(11, 'TDN04', 'MADHUNAGAR', 'ZONE', NULL, NULL, '2000', NULL, 1),
(12, 'TDN05', 'NYALKAL', 'ZONE', NULL, NULL, '2000', NULL, 1),
(13, 'TDN06', 'ZAHEERABAD- A', 'ZONE', NULL, NULL, '2000', NULL, 1),
(14, 'TDN07', 'ZAHEERABAD- B', 'ZONE', NULL, NULL, '2000', NULL, 1),
(15, 'TDN09', 'REGODE', 'ZONE', NULL, NULL, '2000', NULL, 1),
(16, 'TDN10', 'NON ZONE', 'NON ZONE', NULL, NULL, '2000', NULL, 1);

-- --------------------------------------------------------

--
-- Table structure for table `lkp_farmer_type`
--

DROP TABLE IF EXISTS `lkp_farmer_type`;
CREATE TABLE IF NOT EXISTS `lkp_farmer_type` (
  `FARMER_TYPE_ID` int NOT NULL AUTO_INCREMENT,
  `FARMER_TYPE_CODE` varchar(5) CHARACTER SET utf8mb3 COLLATE utf8mb3_general_ci DEFAULT NULL,
  `FARMER_TYPE_DESC` varchar(40) CHARACTER SET utf8mb3 COLLATE utf8mb3_general_ci DEFAULT NULL,
  `FARMER_TYPE_STATUS` tinyint(1) DEFAULT '1',
  PRIMARY KEY (`FARMER_TYPE_ID`)
) ENGINE=InnoDB AUTO_INCREMENT=4 DEFAULT CHARSET=latin1;

--
-- Dumping data for table `lkp_farmer_type`
--

INSERT INTO `lkp_farmer_type` (`FARMER_TYPE_ID`, `FARMER_TYPE_CODE`, `FARMER_TYPE_DESC`, `FARMER_TYPE_STATUS`) VALUES
(1, 'a', 'Ryot', 1),
(2, 'b', 'Harvester', 1),
(3, 'c', 'Transporter', 1);

-- --------------------------------------------------------

--
-- Table structure for table `lkp_feed_type`
--

DROP TABLE IF EXISTS `lkp_feed_type`;
CREATE TABLE IF NOT EXISTS `lkp_feed_type` (
  `feed_type_id` int NOT NULL AUTO_INCREMENT,
  `feed_type` text CHARACTER SET utf8mb3 COLLATE utf8mb3_general_ci,
  `dry_matter_content` text CHARACTER SET utf8mb3 COLLATE utf8mb3_general_ci,
  `metabolisable_energy` text CHARACTER SET utf8mb3 COLLATE utf8mb3_general_ci,
  `crude_protein_content` text CHARACTER SET utf8mb3 COLLATE utf8mb3_general_ci,
  `reference` text CHARACTER SET utf8mb3 COLLATE utf8mb3_general_ci,
  `user_id` int DEFAULT NULL,
  `status` tinyint(1) DEFAULT '1',
  PRIMARY KEY (`feed_type_id`)
) ENGINE=InnoDB AUTO_INCREMENT=204 DEFAULT CHARSET=latin1;

--
-- Dumping data for table `lkp_feed_type`
--

INSERT INTO `lkp_feed_type` (`feed_type_id`, `feed_type`, `dry_matter_content`, `metabolisable_energy`, `crude_protein_content`, `reference`, `user_id`, `status`) VALUES
(1, 'Banana (Musa acuminata) - crop residue/stems', '9', '8.66', '9.5', 'DPI (n.d),DPI (n.d),DPI (n.d)', NULL, 1),
(2, 'Banana (Musa acuminata) - fruit', '57.33', '11.36', '6.6', 'DPI (n.d),DPI (n.d),DPI (n.d)', NULL, 1),
(3, 'Banana (Musa acuminata) - fruit skins', '71.98', '9.87', '7.13', 'DPI (n.d),DPI (n.d),DPI (n.d)', NULL, 1),
(4, 'Barley (Hordeum vulgare) - bran', '88', '12', '11', 'Rutherglen (2002),Rutherglen (2002),Rutherglen (2002)', NULL, 1),
(5, 'Barley (Hordeum vulgare) - grain', '89', '13.565232', '13.9', 'NRC (1978),NRC (1978),NRC (1978)', NULL, 1),
(6, 'Barley (Hordeum vulgare) - pollard', '89', '14', '11', 'Rutherglen (2002),Rutherglen (2002),Rutherglen (2002)', NULL, 1),
(7, 'Barley (Hordeum vulgare) - silage', '37.1', '9.085356', '11.9', 'NRC (2000),NRC (2000),NRC (2000)', NULL, 1),
(8, 'Barley (Hordeum vulgare) - straw', '88', '7.201296', '4.1', 'NRC (1978),NRC (1978),NRC (1978)', NULL, 1),
(9, 'Barnyard millet (Echinochloa crusgalli) - green fodder', '24.4', '8.95975', '7.4', 'FAO (n.d),FAO (n.d),FAO (n.d)', NULL, 1),
(10, 'Beet (Beta vulgaris altissima) pulp - dehydrated', '91', '11.220624', '9.8', 'NRC (2000),NRC (2000),NRC (2000)', NULL, 1),
(11, 'Beet sugar molasses', '77.9', '11.346228', '8.5', 'NRC (2000),NRC (2000),NRC (2000)', NULL, 1),
(12, 'Bermuda grass (Cynodon dactylon) - green fodder', '30.3', '9.671508', '12.6', 'NRC (2000),NRC (2000),NRC (2000)', NULL, 1),
(13, 'Bermuda grass (Cynodon dactylon) - hay', '93', '7.410636', '7.6', 'NRC (2000),NRC (2000),NRC (2000)', NULL, 1),
(14, 'Berseem (Trifolium alexandrinum) - green fodder', '15.32', '7.98', '18.4', 'DPI (n.d),Sallam (2005),Mhsen et., al (2010)', NULL, 1),
(15, 'Berseem (Trifolium alexandrinum) - silage', '38.57', '9.34', '20.63', 'DPI (n.d),DPI (n.d),DPI (n.d)', NULL, 1),
(16, 'Blood meal', '90.5', '10.425132', '93.8', 'NRC (2000),NRC (2000),NRC (2000)', NULL, 1),
(17, 'Brewers grain -wet', '24', '10.592604', '26', 'NRC (1978),NRC (1978),NRC (1978)', NULL, 1),
(18, 'Brewers grain - dehydrated', '90.2', '10.006452', '29.2', 'NRC (2000),NRC (2000),NRC (2000)', NULL, 1),
(19, 'Broad bean (Vicia faba) - vines', '92.2', '6.8', '4', 'Keftasa (1987),Keftasa (1987),Keftasa (1987)', NULL, 1),
(20, 'Buck wheat (Fagopyrum esculentum) - hulls', '88.01', '5.42', '8.19', 'DPI (n.d),DPI (n.d),DPI (n.d)', NULL, 1),
(21, 'Buck wheat (Fagopyrum esculentum) - straw', '92.69', '6.34', '8.94', 'DPI (n.d),DPI (n.d),DPI (n.d)', NULL, 1),
(22, 'Cabbage (Brassica oleracea) - crop residue', '5.77', '10.77', '15.63', 'DPI (n.d),DPI (n.d),DPI (n.d)', NULL, 1),
(23, 'Cabbage (Brassica oleracea) - waste leaves', '11.21', '11.22', '16.06', 'DPI (n.d),DPI (n.d),DPI (n.d)', NULL, 1),
(24, 'Calliandra (Calliandra calothyrsus) - dried leaf material', '92.5', '9.9', '24.8', 'Kinuthia et., al (2007),Kinuthia et., al (2007),Kinuthia et., al (2007)', NULL, 1),
(25, 'Calliandra (Calliandra calothyrsus) - green leaf material', '39', '7.68', '22', 'Paterson (1994),EADD (2008),Palmer (1998)', NULL, 1),
(26, 'Canary grass (Phalaris arundinacea) - dry fodder', '89.28', '6.98', '3.63', 'DPI (n.d),DPI (n.d),DPI (n.d)', NULL, 1),
(27, 'Canary grass (Phalaris arundinacea) - green fodder', '22.8', '9.085356', '17', 'NRC (2000),NRC (2000),NRC (2000)', NULL, 1),
(28, 'Canary grass (Phalaris arundinacea) - hay', '89.3', '8.33', '10.2', 'NRC (2000),NRC (2000),NRC (2000)', NULL, 1),
(29, 'Canola (Brassica dapus) - grain', '92.2', '10.592604', '30.7', 'NRC (2000),NRC (2000),NRC (2000)', NULL, 1),
(30, 'Canola (Brassica dapus) - meal', '82', '10.425132', '40.9', 'NRC (2000),NRC (2000),NRC (2000)', NULL, 1),
(31, 'Canola (Brassica dapus) - peelings', '11.27', '11.26', '9.44', 'DPI (n.d),DPI (n.d),DPI (n.d)', NULL, 1),
(32, 'Carrot (Daucus carota) - root vegetable', '13.4', '13.18842', '12.7', 'FAO (n.d),FAO (n.d),FAO (n.d)', NULL, 1),
(33, 'Carrot (Daucus carota) - tops', '16.4', '10.173924', '12.1', 'FAO (n.d),FAO (n.d),FAO (n.d)', NULL, 1),
(34, 'Cassava (Manihot esculenta) - crop residue', '16.1', '10.006452', '19.94', 'FAO (n.d), SLP (2008), SLP (2008)', NULL, 1),
(35, 'Cassava (Manihot esculenta) - fresh peelings', '27.9', '4.3124', '5.45', 'FAO (n.d),Adegbola and Asaolu (1986),FAO (n.d)', NULL, 1),
(36, 'Cassava (Manihot esculenta) - tubers', '88.84', '10.76', '1.81', 'EIAR (2008),EIAR (2008),EIAR (2008)', NULL, 1),
(37, 'Chickpea (Cicer arietinum) - crop residue', '87', '8.3', '10', 'Ribeiro and Melo (1990),Ribeiro and Melo (1990),Ribeiro and Melo (1990)', NULL, 1),
(38, 'Chickpea (Cicer arietinum) - grain', '89.9', '11.8', '21.7', 'Lardy and Anderson (2003),Ribeiro and Melo (1990),Lardy and Anderson (2003)', NULL, 1),
(39, 'Chickpea (Cicer arietinum) - screenings', '90.97', '12.82', '24.54', 'DPI (n.d),DPI (n.d),DPI (n.d)', NULL, 1),
(40, 'Citrus pulp - dehydrated', '91.1', '12.392928', '6.7', 'NRC (2000),NRC (2000),NRC (2000)', NULL, 1),
(41, 'Cocksfoot (Phalaris arundinacea) - green fodder', '22.8', '9.085356', '17', 'NRC (2000),NRC (2000),NRC (2000)', NULL, 1),
(42, 'Cocksfoot (Phalaris arundinacea) - hay', '89.3', '8.331732', '10.2', 'NRC (2000),NRC (2000),NRC (2000)', NULL, 1),
(43, 'Cocao (Theobroma cacao) - pods', '90', '8.67', '19.88', 'DPI (n.d),DPI (n.d),DPI (n.d)', NULL, 1),
(44, 'Coffee (Coffea arabica) - pods', '23.99', '2.53', '9.5', 'DPI (n.d),DPI (n.d),DPI (n.d)', NULL, 1),
(45, 'Coffee (Coffea arabica) - hulls', '96.44', '7.26', '14.75', 'DPI (n.d),DPI (n.d),DPI (n.d)', NULL, 1),
(46, 'Commercially mixed ration', NULL, NULL, NULL, 'Lardy and Anderson (2003),FAO (n.d),Lardy and Anderson (2003)', NULL, 1),
(47, 'Common beans (Phaseolus vulgaris) - bean', '90', '14.151384', '25.4', 'Lardy and Anderson (2003),SLP (2008),SLP (2008)', NULL, 1),
(48, 'Common beans (Phaseolus vulgaris) - vines', '90', '8.331732', '7.62', 'Rutherglen (2002),Rutherglen (2002),Rutherglen (2002)', NULL, 1),
(49, 'Common peas (Pisum sativum) - pea', '90', '13', '23', 'NRC (1978),NRC (1978),NRC (1978)', NULL, 1),
(50, 'Common peas (Pisum sativum) - vines', '24', '8.541072', '13.1', 'DPI (n.d),DPI (n.d),DPI (n.d)', NULL, 1),
(51, 'Cotton (Gossypium sp.) - screenings', '92.94', '7.08', '8.42', 'NRC (1978),NRC (1978),NRC (1978)', NULL, 1),
(52, 'Cotton (Gossypium sp.) - seed hulls', '90', '5.191632', '4.3', 'NRC (1978),NRC (1978),NRC (1978)', NULL, 1),
(53, 'Cotton (Gossypium sp.) - seed meal', '93', '12.476664', '44', 'NRC (1978),NRC (1978),NRC (1978)', NULL, 1),
(54, 'Cotton (Gossypium sp.) - whole seed', '93', '16.370388', '24.9', 'NRC (1978),NRC (1978),NRC (1978)', NULL, 1),
(55, 'Cowpea (Vigna unguiculata) - crop residue', '90', '9.880848', '18.4', 'DPI (n.d),DPI (n.d),DPI (n.d)', NULL, 1),
(56, 'Cowpea (Vigna unguiculata) - grain', '89.83', '13.21', '23.88', 'DPI (n.d),DPI (n.d),DPI (n.d)', NULL, 1),
(57, 'Cowpea (Vigna unguiculata) - green fodder', '12.28', '10.45', '20.56', 'Nwokolo (1987),Fuller (2004),Nwokolo (1987)', NULL, 1),
(58, 'Cowpea (Vigna unguiculata) - meal', '90.17', '14', '22.53', 'DPI (n.d),DPI (n.d),DPI (n.d)', NULL, 1),
(59, 'Eucalypt trees (Eucalyptus spp.) - green fodder', '41.94', '8.5', '8.605', 'FAO (n.d),FAO (n.d),FAO (n.d)', NULL, 1),
(60, 'European nettle tree (Celtis australis) - leaves', '42.3', '6.36393', '15.5', 'FAO (n.d),FAO (n.d),FAO (n.d)', NULL, 1),
(61, 'Fig tree (Ficus carica) - green leaves', '34.2', '9.6715', '14.2', 'SLP (2008),SLP (2008),SLP (2008)', NULL, 1),
(62, 'Finger millet (Eleusine coracana) - crop residue', '89.7', '8.247996', '4.1', 'NRC (2000),NRC (2000),NRC (2000)', NULL, 1),
(63, 'Fish meal', '92', '11.974248', '71.2', 'Jensen (2007),Bright (2001),Bright (2001)', NULL, 1),
(64, 'Fodder beat (Beta vulgaris) - green fodder', '26.3', '12', '6', 'Mikic´ et al., (2011),Lo´ pez et al., (2005),Lo´ pez et al., (2005)', NULL, 1),
(65, 'Grass pea (Lathyrus sativa) - straw', '80.46', '7.6', '9.2', 'DPI (n.d) ,DPI (n.d) ,DPI (n.d)', NULL, 1),
(66, 'Groundnut (Arachis hypogaea) - Kernel', '92.7', '21.1852', '33.2', 'FAO (n.d),FAO (n.d),FAO (n.d)', NULL, 1),
(67, 'Groundnut (Arachis hypogaea) - crop residue', '89.53', '7.99', '6.52', 'DPI (n.d) ,DPI (n.d),DPI (n.d) ', NULL, 1),
(68, 'Groundnut (Arachis hypogaea) - seed hulls', '93.12', '6.56', '16.29', 'DPI (n.d) ,DPI (n.d),DPI (n.d)', NULL, 1),
(69, 'Groundnut (Arachis hypogaea) - seed meal', '93.59', '13.06', '45.41', 'FAO (n.d),FAO (n.d),FAO (n.d)', NULL, 1),
(70, 'Groundnut (Arachis hypogaea) - wholenut', '92.9', '16.161', '21.7', 'NRC (2000),NRC (2000),NRC (2000)', NULL, 1),
(71, 'Italian Ryegrass (Lolium multiflorum) - green fodder', '22.6', '12.727872', '17.9', 'Limagrain (2011),Limagrain (2011),Limagrain (2011)', NULL, 1),
(72, 'Kale (Brassica oleracea) - crop residue', '14.94', '10.5', '16.5', 'NRC (2000),NRC (2000),NRC (2000)', NULL, 1),
(73, 'Kentucky bluegrass (Poa pratensis) - green fodder', '30.8', '10.88568', '17.4', 'NRC (2000),NRC (2000),NRC (2000)', NULL, 1),
(74, 'Kentucky fescue (festuca arundinacea) - green fodder', '31.3', '9.252828', '15', 'NRC (2000),NRC (2000),NRC (2000)', NULL, 1),
(75, 'Kentucky fescue (festuca arundinacea) - hay', '90', '6.657012', '10.8', 'DPI (n.d),DPI (n.d),DPI (n.d)', NULL, 1),
(76, 'Kikuyu (Pennisetum dandestinum) - dry stems/stubble', '94.55', '7.81', '5.69', 'FAO (n.d),FAO (n.d),FAO (n.d)', NULL, 1),
(77, 'Kikuyu (Pennisetum dandestinum) - green fodder', '20', '9.734', '24.15', 'FAO (n.d),FAO (n.d),FAO (n.d)', NULL, 1),
(78, 'Kikuyu (Pennisetum dandestinum) - hay', '93', '7.829', '12.1', 'DPI (n.d),DPI (n.d),DPI (n.d)', NULL, 1),
(79, 'Kikuyu (Pennisetum dandestinum) - silage', '36.89', '8.31', '12.48', 'DPI (n.d),DPI (n.d),DPI (n.d)', NULL, 1),
(80, 'Lablab (Lablab purpureus) - green fodder', '18.3', '11.43', '22.94', 'FAO (n.d),FAO (n.d),FAO (n.d)', NULL, 1),
(81, 'Lablab (Lablab purpureus) - hay', '90', '9.29', '16.6', 'Ajayi et., al (2010),Ajayi et., al (2010),Ajayi et., al (2010)', NULL, 1),
(82, 'Lablab (Lablab purpureus) - seeds', '67.6', '12.1', '22.5', 'FAO (n.d),FAO (n.d),FAO (n.d)', NULL, 1),
(83, 'Lablab (Lablab purpureus) - seeds', '90.65', '11.974', '26.1', 'DPI (n.d),DPI (n.d),DPI (n.d)', NULL, 1),
(84, 'Lablab (Lablab purpureus) -  silage', '27.83', '7.44', '17.51', 'NRC (2000),NRC (2000),NRC (2000)', NULL, 1),
(85, 'Ladino dover (Trifolium pratense)- green fodder', '19.3', '10.299528', '25.8', 'NRC (2000),NRC (2000),NRC (2000)', NULL, 1),
(86, 'Ladino dover (Trifolium pratense) - hay', '89.1', '9.085356', '22.4', 'Lardy and Anderson (2003),Fuller (2004),Lardy and Anderson (2003)', NULL, 1),
(87, 'Lentils (Lens culinaris) - crop residue', '90', '7.9', '6.9', 'Nguyen (1998),Sallam (2005),Sallam (2005)', NULL, 1),
(88, 'Leucaena (Leucaena Leucocephala) - green fodder', '26.2', '6.78', '19.93', 'Lardy and Anderson (2003), SLP (2008),Lardy and Anderson (2003)', NULL, 1),
(89, 'Linseed (Linum usitatissimum) - cake', '90', '10.718208', '38.3', 'NRC (1978),NRC (1978),NRC (1978)', NULL, 1),
(90, 'Lucerne (Medicago sativa) - green fodder (mature)', '91', '7.829316', '13.5', 'NRC (1978),NRC (1978),NRC (1978)', NULL, 1),
(91, 'Lucerne (Medicago sativa) - green fodder (vegetative)', '89', '10.215792', '21.7', 'NRC (2000),NRC (2000),NRC (2000)', NULL, 1),
(92, 'Lucerne (Medicago sativa) - hay', '90.6', '9.085356', '18.6', 'NRC (2000),NRC (2000),NRC (2000)', NULL, 1),
(93, 'Lucerne (Medicago sativa) -meal', '91.7', '9.378432', '18.9', 'NRC (2000),NRC (2000),NRC (2000)', NULL, 1),
(94, 'Lucerne (Medicago sativa) - silage', '44.1', '9.545904', '19.5', 'DPI (n.d),DPI (n.d),DPI (n.d)', NULL, 1),
(95, 'Lupins (Lupinus angustifolius) - crop residue', '93.85', '5.57', '6.44', 'Rutherglen (2002),Rutherglen (2002),Rutherglen (2002)', NULL, 1),
(96, 'Lupins (Lupinus angustifolius) - grain', '90', '19', '30', 'DPI (n.d),DPI (n.d),DPI (n.d)', NULL, 1),
(97, 'Lupins (Lupinus angustifolius) - pods', '91.83', '6.45', '6.19', 'DPI (n.d),DPI (n.d),DPI (n.d)', NULL, 1),
(98, 'Macademia (Macadamia integrifolia) - seed hulls', '91.81', '2.69', '1.75', 'DPI (n.d),DPI (n.d),DPI (n.d)', NULL, 1),
(99, 'Maize (Zea mays) - cobs grouns', '90.1', '7.578108', '2.8', 'NRC (2000),NRC (2000),NRC (2000)', NULL, 1),
(100, 'Maize (Zea mays) -  cracked grains', '89', '13.020948', '10', 'NRC (1978),NRC (1978),NRC (1978)', NULL, 1),
(101, 'Maize (Zea mays) - crop residue', '87', '9.127224', '5.9', 'NRC (1978),NRC (1978),NRC (1978)', NULL, 1),
(102, 'Maize (Zea mays) - gluten meal', '88.2', '13.481496', '66.3', 'NRC (2000),NRC (2000),NRC (2000)', NULL, 1),
(103, 'Maize (Zea mays) - gluten with bran', '90', '13.355892', '25', 'NRC (1978),NRC (1978),NRC (1978)', NULL, 1),
(104, 'Maize (Zea mays) - green fodder', '82', '10.215792', '8.9', 'NRC (1978),NRC (1978),NRC (1978)', NULL, 1),
(105, 'Maize (Zea mays) - silage', '34.6', '10.88568', '8.65', 'NRC (2000),NRC (2000),NRC (2000)', NULL, 1),
(106, 'Maize (Zea mays) - stover', '87', '9.127224', '5.9', 'NRC (1978),NRC (1978),NRC (1978)', NULL, 1),
(107, 'Maize (Zea mays) - whole grain', '90', '15', '9', 'Rutherglen (2002),Rutherglen (2002),Rutherglen (2002)', NULL, 1),
(108, 'Meat meal', '93.8', '10.760076', '58.2', 'NRC (1978),NRC (1978),NRC (1978)', NULL, 1),
(109, 'Meat & bone meal', '94', '11.555568', '53.8', 'NRC (2000),NRC (2000),NRC (2000)', NULL, 1),
(110, 'Mucuna (Mucuna pruriens) - green fodder', '20.967', '10.8', '15.77', 'FAO (n.d),FAO (n.d),FAO (n.d)', NULL, 1),
(111, 'Mucuna (Mucuna pruriens) - hay', '90.6', '10.89', '14.8', 'FAO (n.d),FAO (n.d),FAO (n.d)', NULL, 1),
(112, 'Mucuna (Mucuna pruriens) - seed', '92.37', '14.193', '27.3', 'FAO (n.d),FAO (n.d),FAO (n.d)', NULL, 1),
(113, 'Mustard (Brassica rapa) - seed cake', '94', '11.93238', '39.6', 'NRC (1978),NRC (1978),NRC (1978)', NULL, 1),
(114, 'Napier grass (Pennisetum purpureum) - green fodder', '15', '9.880848', '11', 'NRC (1978),NRC (1978),NRC (1978)', NULL, 1),
(115, 'Noug (Guizotia abyssinica) - cake', '89.8', '8.959752', '31.44', 'Tadelle et., al (2003),SLP (2008),SLP (2008)', NULL, 1),
(116, 'Oat (Avena sativa) - grain', '89', '12.267324', '13.6', 'NRC (1978),NRC (1978),NRC (1978)', NULL, 1),
(117, 'Oat (Avena sativa) - hay', '90.7', '7.996788', '9.5', 'Iqbal et., al (2009),Kirilov (2004),Kirilov (2004)', NULL, 1),
(118, 'Oat (Avena sativa) - green fodder', '26.77', '10.1', '9.9', 'NRC (2000),NRC (2000),NRC (2000)', NULL, 1),
(119, 'Oat (Avena sativa) - meal/cereal by-product', '91', '15.28182', '16.2', 'NRC (2000),NRC (2000),NRC (2000)', NULL, 1),
(120, 'Oat (Avena sativa) - silage', '36.4', '8.917884', '12.7', 'NRC (1978),NRC (1978),NRC (1978)', NULL, 1),
(121, 'Oat (Avena sativa) - straw', '90', '6.69888', '4.4', 'NRC (2000),NRC (2000),NRC (2000)', NULL, 1),
(122, 'Oat (Avena sativa) - hulls', '92.4', '5.317236', '4.1', 'NRC (1978),NRC (1978),NRC (1978)', NULL, 1),
(123, 'Orchard grass (Dactylis glomerata) - green fodder', '27.4', '8.624808', '10.1', 'NRC (2000),NRC (2000),NRC (2000)', NULL, 1),
(124, 'Orchard grass (Dactylis glomerata) - hay', '90.6', '8.16426', '8.4', 'NRC (2000),NRC (2000),NRC (2000)', NULL, 1),
(125, 'Orchard tree (Bauhinia variegata) - green leaves', '42.85', '7.49437', '16.15', 'FAO (n.d),FAO (n.d),FAO (n.d)', NULL, 1),
(126, 'Pearl Millet (Pennisetum glaucum) - crop residue', '86', '9.462168', '6.4', 'Lardy and Anderson (2003),SLP (2008),Lardy and Anderson (2003)', NULL, 1),
(127, 'Pearl Millet (Pennisetum glaucum) - grain', '90.34', '12.43', '13.88', 'DPI (n.d),DPI (n.d),DPI (n.d)', NULL, 1),
(128, 'Pearl Millet (Pennisetum glaucum) - green fodder', '25', '8.55', '13.81', 'DPI (n.d),DPI (n.d),DPI (n.d)', NULL, 1),
(129, 'Pigeon pea (Cajanus cajan)  crop residue', '91.69', '7.996788', '16.3', 'DPI (n.d),SLP (2008),SLP (2008)', NULL, 1),
(130, 'Pigeon pea (Cajanus cajan) - meal', '89.4', '11.08', '19.39', 'Nwokolo (1987),Nwokolo (1987),Nwokolo (1987)', NULL, 1),
(131, 'Pigeon pea (Cajanus cajan) - seed', '68.7', '11.5', '21.6', 'Ajayi et., al (2010),Ajayi et., al (2010),Ajayi et., al (2010)', NULL, 1),
(132, 'Pineapple (Ananas comosus) - crop residue', '20.6', '11.5137', '9.1', 'FAO (n.d),FAO (n.d),FAO (n.d)', NULL, 1),
(133, 'Pineapple (Ananas comosus) - leaf silage', '35.12', '8.22', '7.94', 'DPI (n.d),DPI (n.d),DPI (n.d)', NULL, 1),
(134, 'Potato (Solanum tuberosum) - peelings', '15.44', '10.25', '6.96', 'DPI (n.d),DPI (n.d),DPI (n.d)', NULL, 1),
(135, 'Potato (Solanum tuberosum) - tuber', '16.34', '12.99', '14.13', 'DPI (n.d),DPI (n.d),DPI (n.d)', NULL, 1),
(136, 'Poultry - feather meal', '93.3', '10.299528', '85.8', 'NRC (2000),NRC (2000),NRC (2000)', NULL, 1),
(137, 'Poultry litter', '78.7', '8.16426', '17.78', 'Muller (1980),SLP (2008),SLP (2008)', NULL, 1),
(138, 'Pumpkin (Cucurbita maxima) - fruit', '22.73', '9.91', '15.44', 'DPI (n.d),DPI (n.d),DPI (n.d)', NULL, 1),
(139, 'Rapeseed (Brassica napus) - cake', '95.3', '10.801944', '35.8', 'Leming and Lember (2003),SLP (2008),SLP (2008)', NULL, 1),
(140, 'Rapeseed (Brassica napus) - crop residue', '80', '8.9', '3.5', 'Lardy and Anderson (2003),Blackwood (2006),Lardy and Anderson (2003)', NULL, 1),
(141, 'Red clover (Trifolium pratense) - green fodder', '19.6', '10.425132', '20.8', 'NRC (2000),NRC (2000),NRC (2000)', NULL, 1),
(142, 'Red clover (Trifolium pratense) - hay', '88.4', '8.331732', '15', 'NRC (2000),NRC (2000),NRC (2000)', NULL, 1),
(143, 'Rhodes grass (Chloris gayana) - green fodder', '28.06', '7.54', '14.1', 'DPI (n.d),Yisehak (2008),Yisehak (2008)', NULL, 1),
(144, 'Rhodes grass (Chloris gayana) - hay', '92.4', '9.1', '7.7', 'Kinuthia et., al (2007),Kinuthia et., al (2007),Kinuthia et., al (2007)', NULL, 1),
(145, 'Rice (Oryza sativa) - bran (with germs)', '91', '10.425132', '14', 'NRC (1978),NRC (1978),NRC (1978)', NULL, 1),
(146, 'Rice (Oryza sativa) - broken grains', '90', '15', '7', 'Rutherglen (2002),Rutherglen (2002),Rutherglen (2002)', NULL, 1),
(147, 'Rice (Oryza sativa) - hulls', '92', '1.423512', '3.1', 'NRC (1978),NRC (1978),NRC (1978)', NULL, 1),
(148, 'Rice (Oryza sativa) - polishing', '80', '13.774572', '8.2', 'NRC (1978),NRC (1978),NRC (1978)', NULL, 1),
(149, 'Rice (Oryza sativa) - straw', '91.88', '5.64', '3.85', 'Al Mamun et., al (2002),Al Mamun et., al (2002),Al Mamun et., al (2002)', NULL, 1),
(150, 'Rye (Secale cereale) - crop residue ', '88', '5.1', '3.6', 'Lardy and Anderson (2003),SLP (2008),Lardy and Anderson (2003)', NULL, 1),
(151, 'Rye (Secale cereale) - grain', '90', '14', '11', 'Rutherglen (2002),Rutherglen (2002),Rutherglen (2002)', NULL, 1),
(152, 'Rye (Secale cereale) - green fodder ', '18.88', '9.29', '13.35', 'DPI (n.d),DPI (n.d),DPI (n.d)', NULL, 1),
(153, 'Safflower (Carthamus tinctorius) - seeds', '90', '13', '15', 'Rutherglen (2002),Rutherglen (2002),Rutherglen (2002)', NULL, 1),
(154, 'Sesbania (Sesbania sesban) - green fodder', '28.9', '8.54', '21.3', 'FAO (n.d),EADD (2008),Gutteridge (1994)', NULL, 1),
(155, 'Smooth Broome (Bromus inermis) - green fodder', '26.1', '11.220624', '21.3', 'NRC (2000),NRC (2000),NRC (2000)', NULL, 1),
(156, 'Smooth Broome (Bromus inermis) - hay', '92.6', '8.038656', '6', 'NRC (2000),NRC (2000),NRC (2000)', NULL, 1),
(157, 'Sorghum (Sorghum bicolor) - crop residue', '85', '7.033824', '4.9', 'NRC (1978),NRC (1978),NRC (1978)', NULL, 1),
(158, 'Sorghum (Sorghum bicolor) - grain', '90', '12.392928', '12.6', 'NRC (2000),NRC (2000),NRC (2000)', NULL, 1),
(159, 'Sorghum (Sorghum bicolor) - green fodder', '29.46', '12.31', '9.24', 'DPI (n.d),DPI (n.d),DPI (n.d)', NULL, 1),
(160, 'Sorghum (Sorghum bicolor) - silage', '30', '9.043488', '9.39', 'NRC (2000),NRC (2000),NRC (2000)', NULL, 1),
(161, 'Soybean (Glycine max) - crop residue', '88', '6.322068', '5.2', 'NRC (1978),NRC (1978),NRC (1978)', NULL, 1),
(162, 'Soybean (Glycine max) - meal', '89', '13.18842', '49.6', 'NRC (1978),NRC (1978),NRC (1978)', NULL, 1),
(163, 'Soybean (Glycine max) - seed coats', '90.3', '12.476664', '12.2', 'NRC (2000),NRC (2000),NRC (2000)', NULL, 1),
(164, 'Soybean (Glycine max) - whole seed', '86.4', '14.23512', '40.3', 'NRC (2000),NRC (2000),NRC (2000)', NULL, 1),
(165, 'Stylo (Stylosanthes guianensis) - green fodder', '19.42', '9.545904', '18.69', 'Nguyen (2003),FAO (n.d),Nguyen (2003)', NULL, 1),
(166, 'Sugar-beet (Beta vulgaris) - crop residue', '17', '10.9', '15.1', 'Lardy and Anderson (2003),Mogensen and Kristensen (2003),Lardy and Anderson (2003)', NULL, 1),
(167, 'Sugarcane (Saccharum officinarum) - crop residue', '96.27', '7.44', '3.69', 'DPI (n.d),DPI (n.d),DPI (n.d)', NULL, 1),
(168, 'Sugarcane (Saccharum officinarum) - molasses', '74.3', '10.88568', '5.8', 'NRC (2000),NRC (2000),NRC (2000)', NULL, 1),
(169, 'Sugarcane (Saccharum officinarum) - tops (green fodder)', '29', '6.9', '5.9', 'Naseeven (1986),Naseeven (1986),Naseeven (1986)', NULL, 1),
(170, 'Sugarcane (Saccharum officinarum) - tops (hay) ', '85', '7', '5.5', 'McKenzie and Griffiths (2007),McKenzie and Griffiths (2007),McKenzie and Griffiths (2007)', NULL, 1),
(171, 'Sunflower (Helianthus annuus) - hulls', '91.82', '5.45', '6.46', 'DPI (n.d),DPI (n.d),DPI (n.d)', NULL, 1),
(172, 'Sunflower (Helianthus annuus) - seed', '92.5', '14.02578', '26', 'NRC (2000),NRC (2000),NRC (2000)', NULL, 1),
(173, 'Sunflower (Helianthus annuus) - seed cake', '94.9', '9.127224', '17.9', 'Lardy and Anderson (2003), SLP (2008),Lardy and Anderson (2003)', NULL, 1),
(174, 'Sunflower (Helianthus annuus) - seed meal', '90.8', '14.9', '34.1', 'DPI (2001),DPI (2001),DPI (2001)', NULL, 1),
(175, 'Sunflower (Helianthus annuus) - straw', '95', '6.9', '2', 'Ribeiro and Melo (1990),Ribeiro and Melo (1990),Ribeiro and Melo (1990)', NULL, 1),
(176, 'Sweet potato (Ipomoea batatas) -  leaves', '10.8', '10.01', '19.4', 'Fuller (2004),Fuller (2004),Fuller (2004)', NULL, 1),
(177, 'Sweet potato (Ipomoea batatas) -  tubers (fresh)', '59', '13.58', '5.1', 'Fuller (2004),Fuller (2004),Fuller (2004)', NULL, 1),
(178, 'Sweet potato (Ipomoea batatas) -  tubers meal (dried)', '87.1', '11.35', '4.6', 'Fuller (2004),Fuller (2004),Fuller (2004)', NULL, 1),
(179, 'Sweet potato (Ipomoea batatas) -  vines', '10.8', '10.01', '19.4', 'Fuller (2004),Fuller (2004),Fuller (2004)', NULL, 1),
(180, 'Tall Fescue (Festuca arundinacea) - green fodder', '31.3', '9.252828', '15', 'NRC (2000),NRC (2000),NRC (2000)', NULL, 1),
(181, 'Tall Fescue (Festuca arundinacea) - hay', '90', '6.66', '10.8', 'NRC (2000),NRC (2000),NRC (2000)', NULL, 1),
(182, 'Tef (Eragrostis tef) - grain', NULL, NULL, '13.24', 'SLP (2008)', NULL, 1),
(183, 'Tef (Eragrostis tef) - straw', '91.3', '6.8', '3.83', 'Keftasa (1987),Keftasa (1987),Keftasa (1987)', NULL, 1),
(184, 'Timothy (Phleum pratense) - green fodder', '26.7', '12.183588', '12.2', 'NRC (2000),NRC (2000),NRC (2000)', NULL, 1),
(185, 'Timothy (Phleum pratense) - hay', '89.1', '8.917884', '10.8', 'NRC (2000),NRC (2000),NRC (2000)', NULL, 1),
(186, 'Tomato (Lycopersicon esculentum) - waste fruits', '44.08', '7.43', '21', 'DPI (n.d),DPI (n.d),DPI (n.d)', NULL, 1),
(187, 'Trefoil Birdsfoot (Lotus corniculatus) - green fodder', '19.3', '10.006452', '20.6', 'NRC (2000),NRC (2000),NRC (2000)', NULL, 1),
(188, 'Trefoil Birdsfoot (Lotus corniculatus) - hay', '90.6', '8.917884', '15.9', 'NRC (2000),NRC (2000),NRC (2000)', NULL, 1),
(189, 'Vegetable oil', '99.8', '26.79552', '0', 'NRC (2000),NRC (2000),NRC (2000)', NULL, 1),
(190, 'Wheat (Triticum aestivum) - bran', '89', '11.178756', '18', 'NRC (1978),NRC (1978),NRC (1978)', NULL, 1),
(191, 'Wheat (Triticum aestivum) - flour by-product', '89.3', '10.467', '18.7', 'NRC (2000),NRC (2000),NRC (2000)', NULL, 1),
(192, 'Wheat (Triticum aestivum) - germ', '90', '15.826104', '28.1', 'NRC (1978),NRC (1978),NRC (1978)', NULL, 1),
(193, 'Wheat (Triticum aestivum) - grain', '89', '14.528196', '14.3', 'NRC (1978),NRC (1978),NRC (1978)', NULL, 1),
(194, 'Wheat (Triticum aestivum) - hay', '88.7', '8.79228', '8.7', 'NRC (2000),NRC (2000),NRC (2000)', NULL, 1),
(195, 'Wheat (Triticum aestivum) - pollard', '87', '12', '13', 'Rutherglen (2002),Rutherglen (2002),Rutherglen (2002)', NULL, 1),
(196, 'Wheat (Triticum aestivum) - silage', '34.2', '8.624808', '12.5', 'NRC (2000),NRC (2000),NRC (2000)', NULL, 1),
(197, 'Wheat (Triticum aestivum) - sprouted grains', '98.01', '11.87', '14.06', 'DPI (n.d),DPI (n.d),DPI (n.d)', NULL, 1),
(198, 'Wheat (Triticum aestivum) - straw ', '90', '6.69888', '4.2', 'NRC (1978),NRC (1978),NRC (1978)', NULL, 1),
(199, 'Wheat (Triticum aestivum) - threshed', '93.69', '7.24', '3.88', 'DPI (n.d),DPI (n.d),DPI (n.d)', NULL, 1),
(200, 'White sweet clover (Melilotus alba) - green fodder', '15', '9.1', '22.5', 'Yisehak (2008),Yisehak (2008),Yisehak (2008)', NULL, 1),
(201, 'Mineral block', '100', '0,403', '0', '', 326, 1),
(202, 'Molasses', '3', '9.77', '0', '', 326, 1),
(203, 'Palm kernel cake', '80', '9.55', '15', '', 326, 1);

-- --------------------------------------------------------

--
-- Table structure for table `lkp_fodder_type`
--

DROP TABLE IF EXISTS `lkp_fodder_type`;
CREATE TABLE IF NOT EXISTS `lkp_fodder_type` (
  `fodder_type_id` int NOT NULL AUTO_INCREMENT,
  `fodder_type` varchar(40) CHARACTER SET utf8mb3 COLLATE utf8mb3_general_ci DEFAULT NULL,
  `kg_dry_matter` text CHARACTER SET utf8mb3 COLLATE utf8mb3_general_ci,
  `metabolisable_energy` text CHARACTER SET utf8mb3 COLLATE utf8mb3_general_ci,
  `crude_protein_content` text CHARACTER SET utf8mb3 COLLATE utf8mb3_general_ci,
  `reference` text CHARACTER SET utf8mb3 COLLATE utf8mb3_general_ci,
  `user_id` int DEFAULT NULL,
  `status` tinyint(1) DEFAULT '1',
  PRIMARY KEY (`fodder_type_id`)
) ENGINE=InnoDB AUTO_INCREMENT=33 DEFAULT CHARSET=latin1;

--
-- Dumping data for table `lkp_fodder_type`
--

INSERT INTO `lkp_fodder_type` (`fodder_type_id`, `fodder_type`, `kg_dry_matter`, `metabolisable_energy`, `crude_protein_content`, `reference`, `user_id`, `status`) VALUES
(1, 'Barnyard millet (Echinochloa crusgalli)', '4000', '8.95975', '7.4', 'Telford et., al (1975),NRC (2000),NRC (2000)', NULL, 1),
(2, 'Bermuda grass (Cynodon dactylon)', '6700', '9.671508', '12.6', 'Niu et al., (2010),FAO (n.d),FAO (n.d)', NULL, 1),
(3, 'Berseem (Trifolium alexandrinum)', '8050', '7.98', '18.4', 'Hussain and Khan (2002),Sallam (2005),Mhsen et., al (2010)', NULL, 1),
(4, 'Calliandra (Calliandra calothyrsus)', '8500', '7.68', '22', 'Palmer (1998),EADD (2008),Palmer (1998)', NULL, 1),
(5, 'Canary grass (Phalaris arundinacea)', '100000', '9.085356', '17', 'Schalitz et., al (2002),NRC (2000),NRC (2000)', NULL, 1),
(6, 'Cocksffot (Dactylis glomerata)', '1830', '8.624808', '10.1', ' De Giorgio et., al (2004),NRC (2000),NRC (2000)', NULL, 1),
(7, 'Fodder beat (Beat vulgaris)', '25000', '12', '6', 'Bright (2001),Bright (2001),Bright (2001)', NULL, 1),
(8, 'Italian Ryegrass (Lolium multiflorum)', '4230', '12.727872', '17.9', 'Cojocariu et., al (2006),NRC (2000),NRC (2000)', NULL, 1),
(9, 'Kentucky bluegrass (Poa pratensis)', '6410', '10.88568', '17.4', 'Durr et., al (2005),NRC (2000),NRC (2000)', NULL, 1),
(10, 'Kikuyu (Pennisetum dandestinum)', '3764', '9.734', '24.15', 'Gertenbach (1999),FAO (n.d),FAO (n.d)', NULL, 1),
(11, 'Lablab (Lablab purpureus)', '1843', '11.43', '22.94', 'Boitumelo and Mahabile (1992),DPI (n.d),DPI (n.d)', NULL, 1),
(12, 'Ladino dover (Trifolium pratense)', '9390', '10.299528', '25.8', 'Leto et., al (2004),NRC (2000),NRC (2000)', NULL, 1),
(13, 'Leucaena (Leucaena Leucocephala)', '3500', '6.78', '19.93', 'Guodao and Dongjing (1998),Sallam (2005),Sallam (2005)', NULL, 1),
(14, 'Lucerne (Medicago sativa)', '10000', '10.215792', '21.7', 'Hussain and Khan (2002),NRC (1978),NRC (1978)', NULL, 1),
(15, 'Maize (Zea mays)', '20480', '10.215792', '8.9', 'Hussain and Khan (2002),NRC (1978),NRC (1978)', NULL, 1),
(16, 'Mucuna (Mucuna Pruriens)', '4795', '10.8', '15.77', 'Mbuthia and Gachuiri (2003),FAO (n.d),FAO (n.d)', NULL, 1),
(17, 'Napier grass (Pennisetum purpureum)', '16000', '9.880848', '11', 'Mwendia et. al., (2006),NRC (1978),NRC (1978)', NULL, 1),
(18, 'Oat (Avena sativa)', '15180', '10.1', '9.9', 'Iqbal et., al (2009),Kirilov (2004),Kirilov (2004)', NULL, 1),
(19, 'Orchard grass (Dactylis glomerata)', '5540', '8.624808', '10.1', 'Dar et al., (2007),NRC (2000),NRC (2000)', NULL, 1),
(20, 'Orchard tree (Bauhinia variegata)', '2000', '7.49437', '16.15', 'Devendra (1989),FAO (n.d),FAO (n.d)', NULL, 1),
(21, 'Pearl Millet (Pennisetum glaucum)', '3075', '8.55', '13.81', 'Hassanat et al., (2006),DPI (n.d),DPI (n.d)', NULL, 1),
(22, 'Red dover (Trifolim pratense)', '1554', '10.425132', '20.8', 'Kunelius et al., (1982),NRC (2000),NRC (2000)', NULL, 1),
(23, 'Rhodes grass (Chloris gayana)', '10600', '7.54', '14.1', 'Yisehak (2008),Yisehak (2008),Yisehak (2008)', NULL, 1),
(24, 'Sesbania (Sesbania sesban)', '30000', '8.54', '21.3', 'Hussain and Khan (2002),Gutteridge (1994)', NULL, 1),
(25, 'Smooth broome (Bromus inermis)', '12500', '11.220624', '21.3', 'Duke (1983b),NRC (2000),NRC (2000)', NULL, 1),
(26, 'Sorghum (Sorghum bicolor)', '8860', '12.31', '9.24', 'Hussain and Khan (2002),DPI (n.d),DPI (n.d)', NULL, 1),
(27, 'Stylo (Stylosanthes guianensis)', '11370', '9.545904', '18.69', 'Nguyen (2003),FAO (n.d),Nguyen (2003)', NULL, 1),
(28, 'Tall Fescue (Festuca arundinacea)', '9180', '9.252828', '15', 'Niemeläinen (2001),NRC (2000),NRC (2000)', NULL, 1),
(29, 'Timothy (Phleum pratense)', '7300', '12.183588', '12.2', 'Durr et., al (2005),NRC (2000),NRC (2000)', NULL, 1),
(30, 'Trefoil birdsfoot (Lotus corniculatus)', '860', '10.006452', '20.6', 'Chapman et., al (2008),NRC (2000),NRC (2000)', NULL, 1),
(31, 'White sweet dover (Melilotus alba)', '6700', '9.1', '22.5', 'Yisehak (2008),Yisehak (2008),Yisehak (2008)\n', NULL, 1),
(32, 'Trypsacum', '30', '10', '8', '', 326, 1);

-- --------------------------------------------------------

--
-- Table structure for table `lkp_gender`
--

DROP TABLE IF EXISTS `lkp_gender`;
CREATE TABLE IF NOT EXISTS `lkp_gender` (
  `gender_id` int NOT NULL AUTO_INCREMENT,
  `gender_code` text CHARACTER SET utf8mb3 COLLATE utf8mb3_general_ci,
  `gender_des` text CHARACTER SET utf8mb3 COLLATE utf8mb3_general_ci,
  `status` tinyint(1) DEFAULT '1',
  PRIMARY KEY (`gender_id`)
) ENGINE=InnoDB AUTO_INCREMENT=4 DEFAULT CHARSET=latin1;

--
-- Dumping data for table `lkp_gender`
--

INSERT INTO `lkp_gender` (`gender_id`, `gender_code`, `gender_des`, `status`) VALUES
(1, 'F', 'Female', 1),
(2, 'M', 'Male', 1),
(3, 'O', 'Other', 0);

-- --------------------------------------------------------

--
-- Table structure for table `lkp_grampanchayat`
--

DROP TABLE IF EXISTS `lkp_grampanchayat`;
CREATE TABLE IF NOT EXISTS `lkp_grampanchayat` (
  `grampanchayat_id` int NOT NULL AUTO_INCREMENT,
  `country_id` int DEFAULT NULL,
  `state_id` int DEFAULT NULL,
  `district_id` int DEFAULT NULL,
  `tehsil_id` int DEFAULT NULL,
  `block_id` int DEFAULT NULL,
  `grampanchayat_name` varchar(100) CHARACTER SET utf8mb3 COLLATE utf8mb3_general_ci DEFAULT NULL,
  `grampanchayat_code` varchar(20) DEFAULT NULL,
  `grampanchayat_status` tinyint(1) NOT NULL DEFAULT '1',
  PRIMARY KEY (`grampanchayat_id`)
) ENGINE=InnoDB DEFAULT CHARSET=latin1;

-- --------------------------------------------------------

--
-- Table structure for table `lkp_house_bank`
--

DROP TABLE IF EXISTS `lkp_house_bank`;
CREATE TABLE IF NOT EXISTS `lkp_house_bank` (
  `house_bank_id` int NOT NULL AUTO_INCREMENT,
  `unit_id` int DEFAULT NULL,
  `company_code` int DEFAULT NULL,
  `name` varchar(100) CHARACTER SET utf8mb3 COLLATE utf8mb3_general_ci DEFAULT NULL,
  `status` tinyint(1) NOT NULL DEFAULT '1',
  PRIMARY KEY (`house_bank_id`)
) ENGINE=InnoDB AUTO_INCREMENT=6 DEFAULT CHARSET=latin1;

--
-- Dumping data for table `lkp_house_bank`
--

INSERT INTO `lkp_house_bank` (`house_bank_id`, `unit_id`, `company_code`, `name`, `status`) VALUES
(1, 1000, 1000, 'HDF03', 1),
(2, 1000, 1000, 'BOI03', 1),
(3, 2000, 2000, 'SBI03', 1),
(4, 2000, 2000, 'SBI01', 1),
(5, 2000, 2000, 'SYB01', 1);

-- --------------------------------------------------------

--
-- Table structure for table `lkp_income_activities`
--

DROP TABLE IF EXISTS `lkp_income_activities`;
CREATE TABLE IF NOT EXISTS `lkp_income_activities` (
  `id` int NOT NULL AUTO_INCREMENT,
  `category_id` int DEFAULT NULL,
  `name` text CHARACTER SET utf8mb3 COLLATE utf8mb3_general_ci,
  `user_id` int DEFAULT NULL,
  `status` tinyint(1) DEFAULT '1',
  PRIMARY KEY (`id`)
) ENGINE=InnoDB AUTO_INCREMENT=26 DEFAULT CHARSET=latin1;

--
-- Dumping data for table `lkp_income_activities`
--

INSERT INTO `lkp_income_activities` (`id`, `category_id`, `name`, `user_id`, `status`) VALUES
(1, 2, 'Cash crops', NULL, 1),
(2, 4, 'Dairying', NULL, 1),
(3, 4, 'Fattening - cattle', NULL, 1),
(4, 4, 'Fattening - sheep and goats', NULL, 1),
(5, 2, 'Food crops', NULL, 1),
(6, 3, 'Laboring/service', NULL, 1),
(7, 1, 'Off- farm business', NULL, 1),
(8, 4, 'Poultry (eggs)', NULL, 1),
(9, 4, 'Poultry (meat)', NULL, 1),
(10, 6, 'Remittances', NULL, 1),
(11, 1, 'Test_sample', 301, 0),
(12, 4, 'test', 291, 0),
(13, 1, 'test', 302, 0),
(14, 8, 'FEAST INCOME', 1, 0),
(15, 9, 'farming_Income', 300, 0),
(16, 10, 'En', 1, 0),
(17, 11, 'women entrepreneur', 304, 0),
(18, 12, 'women', 308, 0),
(19, 12, 'Gardening3', 308, 0),
(20, 1, 'sample', 306, 0),
(21, 4, 'BREEDING', 306, 0),
(22, 17, 'SAMPLE INCOME', 297, 0),
(23, 18, 'Artisanat', 328, 1),
(24, 4, 'Pig', 328, 1),
(25, 19, 'Monthly salary', 328, 1);

-- --------------------------------------------------------

--
-- Table structure for table `lkp_insurancecompany`
--

DROP TABLE IF EXISTS `lkp_insurancecompany`;
CREATE TABLE IF NOT EXISTS `lkp_insurancecompany` (
  `icompany_id` int NOT NULL AUTO_INCREMENT,
  `company_name` varchar(255) CHARACTER SET utf8mb3 COLLATE utf8mb3_general_ci DEFAULT NULL,
  `company_code` varchar(255) CHARACTER SET utf8mb3 COLLATE utf8mb3_general_ci DEFAULT NULL,
  `company_status` tinyint(1) DEFAULT '1',
  PRIMARY KEY (`icompany_id`)
) ENGINE=InnoDB AUTO_INCREMENT=20 DEFAULT CHARSET=latin1;

--
-- Dumping data for table `lkp_insurancecompany`
--

INSERT INTO `lkp_insurancecompany` (`icompany_id`, `company_name`, `company_code`, `company_status`) VALUES
(1, 'AGRICULTURE INSURANCE COMPANY', '1001', 1),
(2, 'BAJAJ ALLIANZ GENERAL INSURANCE CO. LTD', '1004', 1),
(3, 'BHARTI AXA GENERAL INSURANCE COMPANY LTD.', '1019', 1),
(4, 'CHOLAMANDALAM MS GENERAL INSURANCE COMPANY LIMITED', '1002', 1),
(5, 'DO NOT SELECT', '9999', 1),
(6, 'FUTURE GENERALI INDIA INSURANCE CO. LTD.', '1005', 1),
(7, 'HDFC ERGO GENERAL INSURANCE CO. LTD.', '1006', 1),
(8, 'ICICI LOMBARD GENERAL INSURANCE CO. LTD.', '1009', 1),
(9, 'IFFCO TOKIO GENERAL INSURANCE CO. LTD.', '1007', 1),
(10, 'NATIONAL INSURANCE COMPANY LIMITED', '1016', 1),
(11, 'NEW INDIA ASSURANCE COMPANY', '1014', 1),
(12, 'ORIENTAL INSURANCE', '1015', 1),
(13, 'RELIANCE GENERAL INSURANCE CO. LTD.', '1003', 1),
(14, 'ROYAL SUNDARAM GENERAL INSURANCE CO. LIMITED', '1018', 1),
(15, 'SBI GENERAL INSURANCE', '1012', 1),
(16, 'SHRIRAM GENERAL INSURANCE CO. LTD.', '1017', 1),
(17, 'TATA AIG GENERAL INSURANCE CO. LTD.', '1010', 1),
(18, 'UNITED INDIA INSURANCE CO.', '1013', 1),
(19, 'UNIVERSAL SOMPO GENERAL INSURANCE COMPANY', '1008', 1);

-- --------------------------------------------------------

--
-- Table structure for table `lkp_irrigation_source`
--

DROP TABLE IF EXISTS `lkp_irrigation_source`;
CREATE TABLE IF NOT EXISTS `lkp_irrigation_source` (
  `IRR_SOURCE_ID` int NOT NULL AUTO_INCREMENT,
  `IRR_SOURCE` varchar(5) CHARACTER SET utf8mb3 COLLATE utf8mb3_general_ci DEFAULT NULL,
  `IRRSDESC` varchar(40) CHARACTER SET utf8mb3 COLLATE utf8mb3_general_ci DEFAULT NULL,
  `IRR_SOURCE_STATUS` tinyint(1) DEFAULT '1',
  PRIMARY KEY (`IRR_SOURCE_ID`)
) ENGINE=InnoDB AUTO_INCREMENT=8 DEFAULT CHARSET=latin1;

--
-- Dumping data for table `lkp_irrigation_source`
--

INSERT INTO `lkp_irrigation_source` (`IRR_SOURCE_ID`, `IRR_SOURCE`, `IRRSDESC`, `IRR_SOURCE_STATUS`) VALUES
(1, 'ISBO', 'BORE & OPENWELL', 1),
(2, 'ISBW', 'BOREWELL', 1),
(3, 'ISCA', 'CANAL', 1),
(4, 'ISIB', 'INBOREWELL', 1),
(5, 'ISLI', 'LIFT IRRIGATION', 1),
(6, 'ISOW', 'OPENWELL', 1),
(7, 'ISTA', 'TANK', 1);

-- --------------------------------------------------------

--
-- Table structure for table `lkp_irrogation_method`
--

DROP TABLE IF EXISTS `lkp_irrogation_method`;
CREATE TABLE IF NOT EXISTS `lkp_irrogation_method` (
  `IRR_METHOD_ID` int NOT NULL AUTO_INCREMENT,
  `IRR_METHOD` varchar(5) CHARACTER SET utf8mb3 COLLATE utf8mb3_general_ci DEFAULT NULL,
  `IRRDESC` varchar(40) CHARACTER SET utf8mb3 COLLATE utf8mb3_general_ci DEFAULT NULL,
  `IRR_METHOD_STATUS` tinyint(1) NOT NULL DEFAULT '1',
  PRIMARY KEY (`IRR_METHOD_ID`)
) ENGINE=InnoDB AUTO_INCREMENT=7 DEFAULT CHARSET=latin1;

--
-- Dumping data for table `lkp_irrogation_method`
--

INSERT INTO `lkp_irrogation_method` (`IRR_METHOD_ID`, `IRR_METHOD`, `IRRDESC`, `IRR_METHOD_STATUS`) VALUES
(1, 'IMDR', 'DRIP', 1),
(2, 'IMFU', 'FURROW', 1),
(3, 'IMSP', 'SPRINKLER', 1),
(4, 'IMSS', 'SUB SURFACE DRIP', 1),
(5, 'SDI', 'SURFACE DRIP IRRIGATION', 1),
(6, 'SSDI', 'SUB SURFACE DRIP IRRIGATION', 1);

-- --------------------------------------------------------

--
-- Table structure for table `lkp_livestock`
--

DROP TABLE IF EXISTS `lkp_livestock`;
CREATE TABLE IF NOT EXISTS `lkp_livestock` (
  `id` int NOT NULL AUTO_INCREMENT,
  `name` text CHARACTER SET utf8mb3 COLLATE utf8mb3_general_ci,
  `lactating` varchar(250) CHARACTER SET utf8mb3 COLLATE utf8mb3_general_ci DEFAULT NULL,
  `dairy` varchar(250) CHARACTER SET utf8mb3 COLLATE utf8mb3_general_ci DEFAULT NULL,
  `user_id` int DEFAULT NULL,
  `status` tinyint(1) DEFAULT '1',
  PRIMARY KEY (`id`)
) ENGINE=InnoDB AUTO_INCREMENT=42 DEFAULT CHARSET=latin1;

--
-- Dumping data for table `lkp_livestock`
--

INSERT INTO `lkp_livestock` (`id`, `name`, `lactating`, `dairy`, `user_id`, `status`) VALUES
(1, 'Buffalo', NULL, NULL, NULL, 0),
(2, 'Camel', NULL, NULL, NULL, 1),
(3, 'Cattle', NULL, NULL, NULL, 0),
(4, 'Donkey', NULL, NULL, NULL, 1),
(5, 'Fattening & draught cattle', NULL, NULL, NULL, 1),
(6, 'Goat', NULL, NULL, NULL, 1),
(7, 'Horse', NULL, NULL, NULL, 1),
(8, 'Improved Buffalo', NULL, NULL, NULL, 1),
(9, 'Improved dairy cattle', NULL, NULL, NULL, 1),
(10, 'LIAMA', NULL, NULL, NULL, 1),
(11, 'Local Buffalo', NULL, NULL, NULL, 1),
(12, 'Local dairy cattle', NULL, NULL, NULL, 1),
(13, 'Pig', NULL, NULL, NULL, 1),
(14, 'Poultry village conditions', NULL, NULL, NULL, 1),
(15, 'Poultry commercial', NULL, NULL, NULL, 1),
(16, 'Sheep', NULL, NULL, NULL, 1),
(24, 'Matured Female buffalo', NULL, NULL, 1, 0),
(25, 'Test_livestock', NULL, NULL, 1, 0),
(26, 'test', NULL, NULL, 302, 0),
(27, 'FEAST SAMPLE LIVESTOCK', NULL, NULL, 1, 0),
(28, 'bull_buff', NULL, NULL, 300, 0),
(29, 'Bull_Buff_282251', NULL, NULL, 300, 0),
(30, 'cow', NULL, NULL, 304, 0),
(31, 'Female_Buff_010325', NULL, NULL, 1, 0),
(32, 'feast_bull_buff_010325', NULL, NULL, 304, 0),
(33, 'Bull_buffalo_30325', NULL, NULL, 308, 0),
(34, 'sample ', NULL, NULL, 306, 0),
(35, 'heifer Buffalo_403251', NULL, NULL, 1, 0),
(36, 'GOOSE', NULL, NULL, 306, 0),
(37, 'newlivestock', NULL, NULL, 308, 0),
(38, 'LIVESTOCK SAMPLE', NULL, NULL, 297, 0),
(39, 'Rabbit', NULL, NULL, 328, 1),
(40, 'Duck/Geese', NULL, NULL, 328, 1),
(41, 'Cavy', NULL, NULL, 326, 1);

-- --------------------------------------------------------

--
-- Table structure for table `lkp_livestock_sales`
--

DROP TABLE IF EXISTS `lkp_livestock_sales`;
CREATE TABLE IF NOT EXISTS `lkp_livestock_sales` (
  `id` int NOT NULL AUTO_INCREMENT,
  `name` text CHARACTER SET utf8mb3 COLLATE utf8mb3_general_ci,
  `user_id` int DEFAULT NULL,
  `status` tinyint(1) DEFAULT '1',
  PRIMARY KEY (`id`)
) ENGINE=InnoDB AUTO_INCREMENT=17 DEFAULT CHARSET=latin1;

--
-- Dumping data for table `lkp_livestock_sales`
--

INSERT INTO `lkp_livestock_sales` (`id`, `name`, `user_id`, `status`) VALUES
(1, 'Cattle', NULL, 1),
(2, 'Cattle', NULL, 0),
(3, 'Sheep', NULL, 1),
(4, 'Sheep – Female', NULL, 0),
(5, 'Goat', NULL, 1),
(6, 'Goat-Female', NULL, 0),
(7, 'test', NULL, 0),
(8, 'test1', 302, 0),
(9, 'FEAST LIVESTOCK SALE', 1, 0),
(10, 'livestock sale_282251', 300, 0),
(11, 'livestocksale_010325', 1, 0),
(12, 'feast_sales_010325', 304, 0),
(13, 'Bull_buffalo_feast_010325', 307, 0),
(14, 'camel_303251', 308, 0),
(15, 'TEST LIVESTOCK', 306, 0),
(16, 'SAMPLE LIVESTOCK SALE', 297, 0);

-- --------------------------------------------------------

--
-- Table structure for table `lkp_major_region`
--

DROP TABLE IF EXISTS `lkp_major_region`;
CREATE TABLE IF NOT EXISTS `lkp_major_region` (
  `id` int UNSIGNED NOT NULL AUTO_INCREMENT,
  `project_id` int DEFAULT NULL,
  `site_id` int DEFAULT NULL,
  `country_id` int DEFAULT NULL,
  `major_region_name` text CHARACTER SET utf8mb3 COLLATE utf8mb3_general_ci,
  `user_id` int DEFAULT NULL,
  `datetime` datetime DEFAULT NULL,
  `status` tinyint(1) NOT NULL DEFAULT '1',
  PRIMARY KEY (`id`)
) ENGINE=InnoDB AUTO_INCREMENT=164 DEFAULT CHARSET=latin1;

--
-- Dumping data for table `lkp_major_region`
--

INSERT INTO `lkp_major_region` (`id`, `project_id`, `site_id`, `country_id`, `major_region_name`, `user_id`, `datetime`, `status`) VALUES
(1, 1, 1, NULL, 'New Major Region', 1, '2025-02-11 16:44:23', 0),
(2, 2, 3, NULL, 'Test', 1, '2025-02-11 17:15:40', 1),
(3, 32, 154, NULL, 'aaaa', 278, '2025-02-11 18:01:12', 1),
(4, 32, 154, NULL, 'cccc', 278, '2025-02-11 18:03:03', 1),
(5, 1, 2, NULL, 'NEW MAJOR1', 1, '2025-02-12 04:04:25', 1),
(6, 42, 160, NULL, 'china_smpl', 286, '2025-02-13 05:08:13', 1),
(7, 43, 161, NULL, 'test', 288, '2025-02-13 05:08:46', 1),
(8, 44, 162, NULL, 'testeb', 291, '2025-02-13 06:39:13', 1),
(9, 45, 163, NULL, 'en_feast_two_major', 292, '2025-02-13 08:50:13', 1),
(10, 46, 164, NULL, 'testtesten', 293, '2025-02-13 10:44:53', 1),
(11, 46, 164, NULL, 'testtesten', 293, '2025-02-13 10:45:02', 1),
(12, 46, 164, NULL, 'testtesten', 293, '2025-02-13 10:45:13', 1),
(13, 47, 165, NULL, 'testen', 293, '2025-02-13 10:51:19', 1),
(14, 49, 167, NULL, 'entest', 294, '2025-02-13 11:06:58', 1),
(15, 35, 155, NULL, 'test', 286, '2025-02-13 15:01:27', 1),
(16, 50, 168, NULL, 'major region', 295, '2025-02-13 17:18:57', 1),
(17, 51, 169, NULL, 'nntest', 291, '2025-02-14 04:23:37', 1),
(18, 52, 170, NULL, 'major_14225', 1, '2025-02-14 06:11:55', 1),
(19, 53, 171, NULL, 'major_142251', 296, '2025-02-14 06:33:34', 1),
(20, 57, 172, NULL, 'SOUTH INDIA', 297, '2025-02-14 09:56:12', 1),
(21, 59, 174, NULL, 'major_proj', 298, '2025-02-14 10:33:05', 0),
(22, 59, 174, NULL, 'major_14225', 298, '2025-02-14 10:34:06', 0),
(23, 59, 174, NULL, 'Major_14251', 298, '2025-02-14 10:39:13', 0),
(24, 59, 174, NULL, 'Majior_142251', 298, '2025-02-14 10:40:41', 1),
(25, 61, 178, NULL, 'SOUTH INDIA', 297, '2025-02-19 06:05:24', 1),
(26, 62, 181, NULL, 'testlookkk', 1, '2025-02-24 06:24:45', 1),
(27, 61, 178, NULL, 'South South IN', 297, '2025-02-19 06:06:22', 1),
(28, 61, 180, NULL, 'Major 1', 297, '2025-02-19 07:36:59', 1),
(29, 61, 180, NULL, 'Major 2', 297, '2025-02-19 07:38:18', 1),
(30, 61, 180, NULL, 'Major 3', 297, '2025-02-19 07:38:53', 0),
(31, 63, 182, NULL, 'SOUTH INDIA', 297, '2025-02-19 11:06:44', 1),
(32, 1, 185, NULL, 'Major Region 1', 1, '2025-02-23 05:03:45', 1),
(33, 1, 185, NULL, 'Major Region 2', 1, '2025-02-23 05:03:45', 1),
(34, 1, 185, NULL, 'Major Region 3', 1, '2025-02-23 05:03:45', 1),
(35, 1, 186, NULL, 'major test1', 1, '2025-02-24 06:19:19', 1),
(36, 1, 186, NULL, 'major test2', 1, '2025-02-24 06:19:19', 1),
(37, 1, 187, NULL, 'mjr1', 1, '2025-02-24 06:21:01', 1),
(38, 62, 188, NULL, 'mjr_1', 1, '2025-02-24 06:23:02', 1),
(39, 62, 188, NULL, 'mjr_2', 1, '2025-02-24 06:23:02', 1),
(40, 64, 189, NULL, 'mjr_242251', 1, '2025-02-24 06:30:14', 1),
(41, 65, 190, NULL, 'maj_242251', 300, '2025-02-24 07:02:24', 1),
(42, 65, 191, NULL, 'maj_251', 300, '2025-02-24 07:31:01', 1),
(43, 65, 191, NULL, 'maj_252', 300, '2025-02-24 07:09:12', 1),
(44, 65, 191, NULL, 'maj_253', 300, '2025-02-24 07:09:12', 1),
(45, 65, 191, NULL, 'maj_254', 300, '2025-02-24 07:09:12', 1),
(46, 65, 192, NULL, 'maj_2521', 300, '2025-02-24 07:33:57', 1),
(47, 65, 192, NULL, 'Maj_2522', 300, '2025-02-24 07:42:04', 1),
(48, 65, 193, NULL, 'maj_241', 300, '2025-02-24 13:19:04', 1),
(49, 65, 193, NULL, 'maj_242', 300, '2025-02-24 13:19:04', 1),
(50, 1, 194, NULL, '', 1, '2025-02-24 16:44:45', 1),
(51, 65, 195, NULL, 'maj_261', 300, '2025-02-26 05:36:00', 1),
(52, 65, 195, NULL, 'maj_262', 300, '2025-02-26 05:36:00', 1),
(53, 64, 196, NULL, 'maj_2621', 1, '2025-02-26 05:39:09', 1),
(54, 64, 197, NULL, 'Maj_2623', 1, '2025-02-26 05:50:02', 1),
(55, 64, 197, NULL, 'Maj_2623', 1, '2025-02-26 05:50:02', 1),
(56, 66, 198, NULL, 'maj_1', 301, '2025-02-26 05:58:09', 1),
(57, 66, 198, NULL, 'maj_2', 301, '2025-02-26 05:58:09', 1),
(58, 66, 199, NULL, 'Maj_1', 301, '2025-02-26 05:59:43', 1),
(59, 66, 199, NULL, 'Maj_2', 301, '2025-02-26 05:59:43', 1),
(60, 66, 200, NULL, 'Maj_26241', 301, '2025-02-26 06:07:17', 1),
(61, 66, 200, NULL, 'Maj_26242', 301, '2025-02-26 06:07:17', 1),
(62, 68, 201, NULL, 'testtest11', 302, '2025-02-27 08:19:11', 1),
(63, 68, 201, NULL, 'testtest11', 302, '2025-02-27 08:19:12', 1),
(64, 72, 202, NULL, 'MAJOR 1', 1, '2025-02-28 04:02:01', 1),
(65, 72, 202, NULL, 'MAJOR 2', 1, '2025-02-28 04:02:01', 1),
(66, 72, 202, NULL, '', 1, '2025-02-28 04:02:01', 1),
(67, 72, 202, NULL, '', 1, '2025-02-28 04:02:01', 1),
(68, 73, 203, NULL, 'NAIROBI ', 303, '2025-02-28 04:07:59', 1),
(69, 73, 203, NULL, 'MAKUENI', 303, '2025-02-28 04:07:59', 1),
(70, 10, 204, NULL, '', 1, '2025-02-28 04:19:42', 1),
(71, 74, 205, NULL, 'Maj_281', 304, '2025-02-28 07:39:27', 1),
(72, 77, 206, NULL, 'MAJOR 1', 306, '2025-03-01 04:12:13', 1),
(73, 77, 207, NULL, 'MAJOR 1', 306, '2025-03-01 04:12:54', 1),
(74, 78, 208, NULL, 'Major_0301251', 307, '2025-03-01 10:27:51', 1),
(75, 78, 208, NULL, 'Major_0301252', 307, '2025-03-01 10:27:51', 1),
(76, 1, 1, NULL, 'New Major Region edited', 1, '2025-03-02 03:55:16', 0),
(77, 1, 1, NULL, 'New Major Region edited', 1, '2025-03-02 03:56:36', 1),
(78, 79, 209, NULL, 'maj_203251', 308, '2025-03-02 08:31:54', 0),
(79, 79, 209, NULL, 'maj_203251', 308, '2025-03-02 08:32:07', 0),
(80, 79, 209, NULL, 'maj_203251', 308, '2025-03-02 08:32:29', 1),
(81, 79, 209, NULL, 'Maj_203252', 308, '2025-03-02 08:32:29', 1),
(82, 80, 210, NULL, 'Maj_303251', 308, '2025-03-03 06:01:45', 1),
(83, 80, 210, NULL, 'Maj_303252', 308, '2025-03-03 06:01:45', 1),
(84, 81, 211, NULL, 'maj_403251', 308, '2025-03-04 06:19:31', 0),
(85, 81, 211, NULL, 'maj_40325', 308, '2025-03-04 06:20:11', 1),
(86, 81, 211, NULL, 'maj_403251', 308, '2025-03-04 06:20:11', 1),
(87, 82, 212, NULL, 'Major 1', 306, '2025-03-11 08:18:09', 1),
(88, 82, 212, NULL, 'Major 2', 306, '2025-03-11 08:18:09', 1),
(89, 84, 213, NULL, 'Baringo central', 306, '2025-03-12 05:25:31', 0),
(90, 85, 214, NULL, 'Nigeria East', 306, '2025-03-12 05:27:15', 0),
(91, 84, 213, NULL, 'Baringo central', 306, '2025-03-12 05:33:53', 1),
(92, 85, 214, NULL, 'Nigeria East', 306, '2025-03-12 05:34:14', 1),
(93, 86, 215, NULL, 'Baringo Central', 313, '2025-03-12 07:06:43', 0),
(94, 86, 215, NULL, 'Baringo EAST', 313, '2025-03-12 07:06:43', 0),
(95, 86, 215, NULL, 'Baringo Central', 313, '2025-03-12 07:12:42', 1),
(96, 86, 215, NULL, 'Baringo EAST', 313, '2025-03-12 07:12:42', 1),
(97, 88, 216, NULL, 'Oromiya', 306, '2025-03-12 14:36:15', 0),
(98, 88, 216, NULL, 'Oromiya', 306, '2025-03-12 14:37:31', 1),
(99, 89, 217, NULL, 'test', 314, '2025-03-28 11:25:36', 1),
(100, 90, 218, NULL, 'maj_44251', 1, '2025-04-04 05:28:20', 0),
(101, 91, 219, NULL, 'maj_44252', 315, '2025-04-04 05:31:02', 0),
(102, 90, 218, NULL, 'maj_44251', 1, '2025-04-04 05:38:24', 1),
(103, 90, 218, NULL, 'Maj_44253', 1, '2025-04-04 05:38:24', 1),
(104, 91, 219, NULL, 'maj_44252', 315, '2025-04-04 08:16:44', 1),
(105, 92, 220, NULL, 'Maj_47251', 315, '2025-04-07 05:56:20', 0),
(106, 92, 220, NULL, 'Maj_47251', 315, '2025-04-07 05:56:38', 1),
(107, 93, 221, NULL, 'maj_84251', 320, '2025-04-08 16:47:22', 0),
(108, 93, 221, NULL, 'maj_84251', 320, '2025-04-08 16:47:33', 1),
(109, 94, 222, NULL, 'maj_941,maj_942,maj_943', 1, '2025-04-09 08:05:58', 0),
(110, 94, 222, NULL, 'maj_941,maj_942,maj_943', 320, '2025-04-09 08:08:53', 1),
(111, 95, 223, NULL, 'maj_9411,Maj_9422,Maj_9433', 320, '2025-04-09 08:14:58', 1),
(112, 16, 224, NULL, 'New site checking all', 1, '2025-04-10 17:08:06', 1),
(113, 96, 225, NULL, 'g_feast_server', 321, '2025-04-14 06:07:34', 1),
(114, 97, 226, NULL, 'testfeast@123', 322, '2025-04-16 05:29:02', 0),
(115, 98, 227, NULL, 'Hyderabad_174251,Secunderabad_174251,Medchal_174251,Vikarabad_174251', 323, '2025-04-17 08:07:28', 0),
(116, 98, 228, NULL, 'Newyork_174251,Chicago_174251,Los Angeles_174251', 323, '2025-04-17 09:06:00', 1),
(117, 99, 229, NULL, 'New York City, Los Angeles, Chicago , San Francisco, Washington', 323, '2025-04-17 09:14:35', 1),
(118, 98, 227, NULL, 'Hyderabad_174251,Secunderabad_174251,Medchal_174251,Vikarabad_174251', 323, '2025-04-17 09:15:02', 1),
(119, 100, 230, NULL, 'major_2041,major_2042', 324, '2025-04-20 17:34:19', 1),
(120, 101, 231, NULL, 'maj_hyd_1,maj_hyd_2,maj_hyd_3', 325, '2025-04-22 06:31:19', 0),
(121, 101, 231, NULL, 'maj_hyd_1,maj_hyd_2,maj_hyd_3', 325, '2025-04-22 06:31:31', 1),
(122, 102, 232, NULL, 'REGION 1', 297, '2025-04-23 04:50:41', 1),
(123, 102, 233, NULL, 'AMUL Central', 297, '2025-04-23 04:52:53', 1),
(124, 104, 234, NULL, 'MAJOR 1', 297, '2025-04-23 04:55:03', 1),
(125, 103, 235, NULL, 'BARINGO CENTRAL', 297, '2025-04-23 04:56:34', 0),
(126, 103, 235, NULL, 'BARINGO CENTRAL', 297, '2025-04-23 05:14:30', 1),
(127, 101, 236, NULL, 'maj_one,maj_twi', 325, '2025-04-23 06:01:39', 1),
(128, 105, 237, NULL, '', 329, '2025-05-07 04:05:45', 1),
(129, 107, 238, NULL, 'Maj_16541,Maj_16542', 330, '2025-05-16 01:09:20', 0),
(130, 97, 226, NULL, 'testfeast@123', 1, '2025-05-18 16:45:54', 0),
(131, 107, 238, NULL, 'Maj_16541,Maj_16542', 1, '2025-05-20 05:00:53', 0),
(132, 110, 239, NULL, 'new', 330, '2025-05-25 07:37:27', 0),
(133, 110, 239, NULL, 'new', 330, '2025-05-25 08:06:42', 1),
(134, 97, 226, NULL, 'testfeast@123', 1, '2025-05-26 04:50:15', 0),
(135, 112, 240, NULL, 'test 2605', 1, '2025-05-26 04:51:28', 1),
(136, 97, 226, NULL, 'testfeast@123', 1, '2025-05-26 04:54:25', 1),
(137, 113, 241, NULL, 'testfeastlatest', 334, '2025-05-27 05:27:19', 1),
(138, 114, 242, NULL, 'Maj_27051,maj_27052', 333, '2025-05-27 06:08:06', 1),
(139, 107, 238, NULL, 'Maj_16541,Maj_16542', 333, '2025-05-27 06:15:53', 1),
(140, 117, 243, NULL, 'Maj_27051,Maj_27052', 335, '2025-05-27 06:31:21', 1),
(141, 124, 244, NULL, 'Citiboke', 306, '2025-06-06 11:09:09', 0),
(142, 124, 244, NULL, 'Citiboke', 306, '2025-06-06 13:33:14', 1),
(143, 125, 245, NULL, 'REGION VAKINANKARATRA', 328, '2025-06-10 14:18:52', 0),
(144, 125, 245, NULL, 'REGION VAKINANKARATRA', 328, '2025-06-12 10:39:49', 1),
(145, 126, 246, NULL, 'maj_1261', 338, '2025-06-12 11:53:37', 1),
(146, 127, 247, NULL, 'maj_1261,maj_1262', 339, '2025-06-12 11:57:27', 1),
(147, 128, 248, NULL, 'Citiboke', 326, '2025-06-19 11:56:16', 1),
(148, 129, 249, NULL, 'test', 340, '2025-06-25 06:27:22', 1),
(149, 130, 250, NULL, 'Maj_2561,Maj_2562,Maj_2563', 341, '2025-06-25 06:33:57', 1),
(150, 131, 251, NULL, 'test2506', 343, '2025-06-25 06:34:25', 1),
(151, 132, 252, NULL, 'Maj_2561,Maj_2562', 342, '2025-06-25 07:29:56', 1),
(152, 133, 253, NULL, 'Maj_2561,Maj_2562,Maj_2563', 342, '2025-06-25 07:35:08', 1),
(153, 134, 254, NULL, 'Maj_2561,Maj_2562', 341, '2025-06-25 08:01:02', 1),
(154, 136, 255, NULL, 'NYANZA', 1, '2025-08-08 09:20:23', 0),
(155, 136, 255, NULL, 'NYANZA', 1, '2025-08-08 09:21:33', 1),
(156, 137, 256, NULL, 'NYANZA', 346, '2025-08-08 09:44:17', 1),
(157, 128, 257, NULL, 'Citiboke', 326, '2025-08-19 16:51:18', 1),
(158, 139, 258, NULL, '', 347, '2025-09-18 10:19:04', 0),
(159, 139, 258, NULL, 'NYANZA', 347, '2025-09-18 10:23:08', 1),
(160, 140, 259, NULL, '', 326, '2025-10-08 15:24:06', 1),
(161, 142, 260, NULL, 'Nyanza', 348, '2025-10-15 05:07:08', 1),
(162, 144, 261, NULL, 'test', 361, '2026-03-12 05:36:40', 1),
(163, 145, 262, NULL, 'test', 365, '2026-03-17 05:50:03', 1);

-- --------------------------------------------------------

--
-- Table structure for table `lkp_mandal`
--

DROP TABLE IF EXISTS `lkp_mandal`;
CREATE TABLE IF NOT EXISTS `lkp_mandal` (
  `MAND_ID` int NOT NULL AUTO_INCREMENT,
  `MAND_CODE` varchar(5) CHARACTER SET utf8mb3 COLLATE utf8mb3_general_ci DEFAULT NULL,
  `MAND_NAME` varchar(40) CHARACTER SET utf8mb3 COLLATE utf8mb3_general_ci DEFAULT NULL,
  `DIST_CODE` varchar(5) CHARACTER SET utf8mb3 COLLATE utf8mb3_general_ci DEFAULT NULL,
  `DIST_NAME` varchar(40) CHARACTER SET utf8mb3 COLLATE utf8mb3_general_ci DEFAULT NULL,
  `MAND_STATUS` tinyint(1) NOT NULL DEFAULT '1',
  PRIMARY KEY (`MAND_ID`)
) ENGINE=InnoDB AUTO_INCREMENT=19 DEFAULT CHARSET=latin1;

--
-- Dumping data for table `lkp_mandal`
--

INSERT INTO `lkp_mandal` (`MAND_ID`, `MAND_CODE`, `MAND_NAME`, `DIST_CODE`, `DIST_NAME`, `MAND_STATUS`) VALUES
(1, 'NM01', 'PICHATUR', 'NSD01', 'CHITTOOR', 1),
(2, 'NM02', 'NAGALAPURAM', 'NSD01', 'CHITTOOR', 1),
(3, 'NM03', 'PUTTUR', 'NSD01', 'CHITTOOR', 1),
(4, 'NM04', 'NINDRA', 'NSD01', 'CHITTOOR', 1),
(5, 'NM05', 'VIJAYAPURAM', 'NSD01', 'CHITTOOR', 1),
(6, 'NM06', 'NAGARI', 'NSD01', 'CHITTOOR', 1),
(7, 'NM07', 'NARAYANAVANAM', 'NSD01', 'CHITTOOR', 1),
(8, 'NM08', 'KVB PURAM', 'NSD01', 'CHITTOOR', 1),
(9, 'NM09', 'SATHYAVEDU', 'NSD01', 'CHITTOOR', 1),
(10, 'MDNR', 'MADHUNAGAR', NULL, NULL, 1),
(11, 'TTK01', 'JHARASANGAM', 'TDT02', 'SANGAREDDY', 1),
(12, 'TTK02', 'KOHIR', 'TDT02', 'SANGAREDDY', 1),
(13, 'TTK03', 'NYALKAL', 'TDT02', 'SANGAREDDY', 1),
(14, 'TTK04', 'RAIKODE', 'TDT02', 'SANGAREDDY', 1),
(15, 'TTK05', 'REGODE', 'TDT01', 'MEDAK\n', 1),
(16, 'TTK06', 'ZAHEERABAD', 'TDT02', 'SANGAREDDY', 1),
(17, 'TTK07', 'MOGUDAMPALLY', 'TDT02', 'SANGAREDDY', 1),
(18, 'TTK08', 'VATPALLY', 'TDT02', 'SANGAREDDY', 1);

-- --------------------------------------------------------

--
-- Table structure for table `lkp_maturity_type`
--

DROP TABLE IF EXISTS `lkp_maturity_type`;
CREATE TABLE IF NOT EXISTS `lkp_maturity_type` (
  `MATURITY_ID` int NOT NULL AUTO_INCREMENT,
  `MATURITY` varchar(40) CHARACTER SET utf8mb3 COLLATE utf8mb3_general_ci DEFAULT NULL,
  `MATURITY_STATUS` tinyint(1) DEFAULT '1',
  PRIMARY KEY (`MATURITY_ID`)
) ENGINE=InnoDB AUTO_INCREMENT=6 DEFAULT CHARSET=latin1;

--
-- Dumping data for table `lkp_maturity_type`
--

INSERT INTO `lkp_maturity_type` (`MATURITY_ID`, `MATURITY`, `MATURITY_STATUS`) VALUES
(1, 'EV', 1),
(2, 'HSV', 1),
(3, 'MLV', 1),
(4, 'MSV', 1),
(5, 'OV', 1);

-- --------------------------------------------------------

--
-- Table structure for table `lkp_minor_region`
--

DROP TABLE IF EXISTS `lkp_minor_region`;
CREATE TABLE IF NOT EXISTS `lkp_minor_region` (
  `id` int NOT NULL AUTO_INCREMENT,
  `major_region_id` int DEFAULT NULL,
  `project_id` int DEFAULT NULL,
  `site_id` int DEFAULT NULL,
  `minor_region_name` varchar(200) CHARACTER SET utf8mb3 COLLATE utf8mb3_general_ci DEFAULT NULL,
  `user_id` int DEFAULT NULL,
  `datetime` datetime DEFAULT NULL,
  `status` tinyint NOT NULL DEFAULT '1',
  PRIMARY KEY (`id`)
) ENGINE=InnoDB AUTO_INCREMENT=167 DEFAULT CHARSET=latin1;

--
-- Dumping data for table `lkp_minor_region`
--

INSERT INTO `lkp_minor_region` (`id`, `major_region_id`, `project_id`, `site_id`, `minor_region_name`, `user_id`, `datetime`, `status`) VALUES
(1, 1, 1, 1, 'New Minor Region 1', 1, '2025-02-11 17:07:17', 0),
(2, 2, 2, 3, 'Minor', 1, '2025-02-11 17:15:53', 1),
(3, 3, 32, 154, 'bbb', 278, '2025-02-11 18:01:46', 1),
(4, 3, 32, 154, 'ddd', 278, '2025-02-11 18:03:21', 1),
(5, 1, 1, 1, 'New minorregion', 1, '2025-02-12 04:04:04', 0),
(6, 5, 1, 2, 'New minorregion1', 1, '2025-02-12 04:04:38', 1),
(7, 6, 42, 160, 'china_minor', 286, '2025-02-13 05:08:40', 1),
(8, 7, 43, 161, 'test', 288, '2025-02-13 05:09:00', 1),
(9, 7, 43, 161, 'testtt', 288, '2025-02-13 05:09:12', 1),
(10, 8, 44, 162, 'testen', 291, '2025-02-13 06:41:28', 1),
(11, 9, 45, 163, 'en_feast_two_minor', 292, '2025-02-13 08:47:30', 1),
(12, 10, 46, 164, 'testtesten', 293, '2025-02-13 10:45:24', 1),
(13, 13, 47, 165, 'testen', 293, '2025-02-13 10:51:40', 1),
(14, 14, 49, 167, 'entest', 294, '2025-02-13 11:07:10', 1),
(15, 15, 35, 155, 'test_minor', 286, '2025-02-13 15:02:23', 1),
(16, 16, 50, 168, 'minor region', 295, '2025-02-13 17:19:50', 1),
(17, 17, 51, 169, 'nntest', 291, '2025-02-14 04:23:57', 1),
(18, 18, 52, 170, 'minor_14225', 1, '2025-02-14 06:12:19', 1),
(19, 19, 53, 171, 'minor_142251', 296, '2025-02-14 06:33:54', 1),
(20, 20, 57, 172, 'SOUTH ', 297, '2025-02-14 09:56:35', 1),
(21, 20, 57, 172, 'SOUTH', 297, '2025-02-14 09:56:51', 1),
(22, 21, 59, 174, 'minor_proj', 298, '2025-02-14 10:33:28', 1),
(23, 22, 59, 174, 'minor_1425', 298, '2025-02-14 10:34:23', 0),
(24, 22, 59, 174, 'minor_14225', 298, '2025-02-14 10:34:58', 1),
(25, 23, 59, 174, 'minor _14252', 298, '2025-02-14 10:39:48', 0),
(26, 24, 59, 174, 'Minor_142251', 298, '2025-02-14 10:41:13', 1),
(27, 26, 62, 181, 'testlookk', 1, '2025-02-24 06:24:23', 1),
(28, 25, 61, 178, 'NORTH INDIA', 297, '2025-02-19 06:05:48', 1),
(29, 25, 61, 178, 'North North IN', 297, '2025-02-19 06:06:48', 1),
(30, 28, 61, 180, 'Minor 1', 297, '2025-02-19 07:37:15', 1),
(31, 28, 61, 180, 'Minor 2', 297, '2025-02-19 07:37:46', 1),
(32, 28, 61, 180, 'Minor 3', 297, '2025-02-19 07:37:57', 1),
(33, 29, 61, 180, 'Minor 1', 297, '2025-02-19 07:38:32', 1),
(34, 30, 61, 180, 'Minor 1', 297, '2025-02-19 07:39:04', 1),
(35, NULL, 1, 185, 'Minor Region 1', 1, '2025-02-23 05:03:45', 1),
(36, NULL, 1, 185, 'Minor Region 2', 1, '2025-02-23 05:03:45', 1),
(37, NULL, 1, 185, 'Minor Region 3', 1, '2025-02-23 05:03:45', 1),
(38, NULL, 1, 185, 'Minor Region 4', 1, '2025-02-23 05:03:45', 1),
(39, NULL, 1, 186, 'Minor test1', 1, '2025-02-24 06:19:19', 1),
(40, NULL, 1, 186, 'monor test2', 1, '2025-02-24 06:19:19', 1),
(41, NULL, 1, 187, 'minr2', 1, '2025-02-24 06:21:01', 1),
(42, NULL, 62, 188, 'mnr_1', 1, '2025-02-24 06:23:02', 1),
(43, NULL, 62, 188, 'mnr_1', 1, '2025-02-24 06:23:02', 1),
(44, NULL, 64, 189, 'mnr_242251', 1, '2025-02-24 06:30:14', 1),
(45, NULL, 65, 190, 'minor_242251', 300, '2025-02-24 07:02:24', 1),
(46, NULL, 65, 191, 'mi_251', 300, '2025-02-24 07:09:12', 1),
(47, NULL, 65, 191, 'mi_252', 300, '2025-02-24 07:09:12', 1),
(48, NULL, 65, 191, 'mi_253', 300, '2025-02-24 07:09:12', 1),
(49, NULL, 65, 191, 'mi_254', 300, '2025-02-24 07:09:12', 1),
(50, NULL, 65, 192, 'mi_2521', 300, '2025-02-24 07:33:57', 1),
(51, 46, 65, 192, 'Mi_2422', 300, '2025-02-24 07:38:45', 1),
(52, NULL, 65, 193, 'mi_241', 300, '2025-02-24 13:19:04', 1),
(53, NULL, 65, 193, 'mi_242', 300, '2025-02-24 13:19:04', 1),
(54, NULL, 1, 194, '', 1, '2025-02-24 16:44:45', 1),
(55, NULL, 65, 195, 'Min_261', 300, '2025-02-26 05:36:00', 1),
(56, NULL, 65, 195, 'Min_262', 300, '2025-02-26 05:36:00', 1),
(57, NULL, 64, 196, 'min_2621', 1, '2025-02-26 05:39:09', 1),
(58, NULL, 64, 197, 'Min_2623', 1, '2025-02-26 05:50:02', 1),
(59, NULL, 64, 197, 'Min_2623', 1, '2025-02-26 05:50:02', 1),
(60, NULL, 66, 198, 'Min_1', 301, '2025-02-26 05:58:09', 1),
(61, NULL, 66, 198, 'Min_2', 301, '2025-02-26 05:58:09', 1),
(62, NULL, 66, 199, 'Min_1', 301, '2025-02-26 05:59:43', 1),
(63, NULL, 66, 199, 'Min_2', 301, '2025-02-26 05:59:43', 1),
(64, NULL, 66, 200, 'Maj_26241', 301, '2025-02-26 06:07:17', 1),
(65, NULL, 66, 200, 'Maj_26242', 301, '2025-02-26 06:07:17', 1),
(66, NULL, 68, 201, 'testtest11', 302, '2025-02-27 08:19:12', 1),
(67, NULL, 68, 201, 'testtest11', 302, '2025-02-27 08:19:12', 1),
(68, NULL, 72, 202, 'MINOR 1', 1, '2025-02-28 04:02:01', 1),
(69, NULL, 72, 202, 'MINOR 2', 1, '2025-02-28 04:02:01', 1),
(70, NULL, 73, 203, 'NAIROBI', 303, '2025-02-28 04:07:59', 1),
(71, NULL, 73, 203, 'MAKUENI TOWN', 303, '2025-02-28 04:07:59', 1),
(72, NULL, 10, 204, '', 1, '2025-02-28 04:19:42', 1),
(73, NULL, 74, 205, 'Mir_281', 304, '2025-02-28 07:39:27', 1),
(74, NULL, 77, 206, 'MINOR 1', 306, '2025-03-01 04:12:13', 1),
(75, NULL, 77, 207, 'MINOR 1', 306, '2025-03-01 04:12:54', 1),
(76, NULL, 78, 208, 'Min_0301251', 307, '2025-03-01 10:27:51', 1),
(77, NULL, 78, 208, 'Min_0301252', 307, '2025-03-01 10:27:51', 1),
(78, NULL, 1, 1, 'New Minor Region 1 edited 1', 1, '2025-03-02 03:55:16', 0),
(79, NULL, 1, 1, 'New minorregion edited 2', 1, '2025-03-02 03:55:16', 0),
(80, NULL, 1, 1, 'New Minor Region 1 edited 1', 1, '2025-03-02 03:56:36', 1),
(81, NULL, 1, 1, 'New minorregion edited 2', 1, '2025-03-02 03:56:36', 1),
(82, NULL, 79, 209, 'min_203251', 308, '2025-03-02 08:31:54', 0),
(83, NULL, 79, 209, 'min_203251', 308, '2025-03-02 08:32:07', 0),
(84, NULL, 79, 209, 'min_203251', 308, '2025-03-02 08:32:29', 1),
(85, NULL, 80, 210, 'min_303251', 308, '2025-03-03 06:01:45', 1),
(86, NULL, 81, 211, 'Min_403251', 308, '2025-03-04 06:19:31', 0),
(87, NULL, 81, 211, 'Min_40325', 308, '2025-03-04 06:20:11', 1),
(88, NULL, 81, 211, 'min_403251', 308, '2025-03-04 06:20:11', 1),
(89, NULL, 82, 212, 'Minor 1', 306, '2025-03-11 08:18:09', 1),
(90, NULL, 82, 212, 'Minor 2', 306, '2025-03-11 08:18:09', 1),
(91, NULL, 84, 213, 'Sacho', 306, '2025-03-12 05:25:31', 0),
(92, NULL, 85, 214, 'Mountain view', 306, '2025-03-12 05:27:15', 0),
(93, NULL, 84, 213, 'Sacho', 306, '2025-03-12 05:33:53', 1),
(94, NULL, 85, 214, 'Mountain view', 306, '2025-03-12 05:34:14', 1),
(95, NULL, 86, 215, 'Westlands', 313, '2025-03-12 07:06:43', 0),
(96, NULL, 86, 215, 'Westllands', 313, '2025-03-12 07:06:43', 0),
(97, NULL, 86, 215, 'Westlands', 313, '2025-03-12 07:12:42', 1),
(98, NULL, 86, 215, 'Westllands', 313, '2025-03-12 07:12:42', 1),
(99, NULL, 88, 216, 'Ada&#039;a', 306, '2025-03-12 14:36:15', 0),
(100, NULL, 88, 216, 'Ada&#039;a', 306, '2025-03-12 14:37:31', 1),
(101, NULL, 89, 217, 'test', 314, '2025-03-28 11:25:36', 1),
(102, NULL, 90, 218, 'minr_44251', 1, '2025-04-04 05:28:20', 0),
(103, NULL, 91, 219, 'minr_44252', 315, '2025-04-04 05:31:02', 0),
(104, NULL, 90, 218, 'minr_44251', 1, '2025-04-04 05:38:24', 1),
(105, NULL, 90, 218, 'minor_44253', 1, '2025-04-04 05:38:24', 1),
(106, NULL, 91, 219, 'minr_44252', 315, '2025-04-04 08:16:44', 1),
(107, NULL, 91, 219, 'minr_44254', 315, '2025-04-04 08:16:44', 1),
(108, NULL, 92, 220, 'Minr_47251', 315, '2025-04-07 05:56:20', 0),
(109, NULL, 92, 220, 'Minr_47251', 315, '2025-04-07 05:56:38', 1),
(110, NULL, 93, 221, 'Minor_84251', 320, '2025-04-08 16:47:22', 0),
(111, NULL, 93, 221, 'Minor_84251', 320, '2025-04-08 16:47:33', 1),
(112, NULL, 94, 222, 'Min_941,min_942,min_943', 1, '2025-04-09 08:05:58', 0),
(113, NULL, 94, 222, 'Min_941,min_942,min_943', 320, '2025-04-09 08:08:53', 1),
(114, NULL, 95, 223, 'Min_9411,min_9422,min_9433', 320, '2025-04-09 08:14:58', 1),
(115, NULL, 16, 224, 'New site checking all', 1, '2025-04-10 17:08:06', 1),
(116, NULL, 96, 225, 'g_feast_server', 321, '2025-04-14 06:07:34', 1),
(117, NULL, 97, 226, 'testfeast@123', 322, '2025-04-16 05:29:02', 0),
(118, NULL, 98, 227, 'Vizag_174251,Amaravati_174251,kadapa_174251', 323, '2025-04-17 08:07:28', 0),
(119, NULL, 98, 228, 'San Francisco_174251,illinois_174251', 323, '2025-04-17 09:06:00', 1),
(120, NULL, 99, 229, 'Las Vegas, Miami, Boston, New Orleans', 323, '2025-04-17 09:14:35', 1),
(121, NULL, 98, 227, 'Vizag_174251,Amaravati_174251,kadapa_174251', 323, '2025-04-17 09:15:02', 1),
(122, NULL, 100, 230, 'Minor_2041,minor_2042', 324, '2025-04-20 17:34:19', 1),
(123, NULL, 101, 231, 'min_hyd_1,min_hyd_2,min_hyd_3', 325, '2025-04-22 06:31:19', 0),
(124, NULL, 101, 231, 'min_hyd_1,min_hyd_2,min_hyd_3', 325, '2025-04-22 06:31:31', 1),
(125, NULL, 102, 232, 'REGION 2', 297, '2025-04-23 04:50:41', 1),
(126, NULL, 102, 233, 'Westlands', 297, '2025-04-23 04:52:53', 1),
(127, NULL, 104, 234, 'MINOR 1', 297, '2025-04-23 04:55:03', 1),
(128, NULL, 103, 235, 'BARINGO MINOR', 297, '2025-04-23 04:56:34', 0),
(129, NULL, 103, 235, 'BARINGO MINOR', 297, '2025-04-23 05:14:30', 1),
(130, NULL, 101, 236, 'minir_one,minor_2,min_3', 325, '2025-04-23 06:01:39', 1),
(131, NULL, 105, 237, '', 329, '2025-05-07 04:05:45', 1),
(132, NULL, 107, 238, 'Mi_16541,Min_16542,Min_16543', 330, '2025-05-16 01:09:20', 0),
(133, NULL, 97, 226, 'testfeast@123', 1, '2025-05-18 16:45:54', 0),
(134, NULL, 107, 238, 'Mi_16541,Min_16542,Min_16543', 1, '2025-05-20 05:00:53', 0),
(135, NULL, 110, 239, 'bnew', 330, '2025-05-25 07:37:27', 0),
(136, NULL, 110, 239, 'bnew', 330, '2025-05-25 08:06:42', 1),
(137, NULL, 97, 226, 'testfeast@123', 1, '2025-05-26 04:50:15', 0),
(138, NULL, 112, 240, 'test 2605', 1, '2025-05-26 04:51:28', 1),
(139, NULL, 97, 226, 'testfeast@123', 1, '2025-05-26 04:54:25', 1),
(140, NULL, 113, 241, 'testfeastlatest', 334, '2025-05-27 05:27:19', 1),
(141, NULL, 114, 242, 'Min_27051,Min_27052', 333, '2025-05-27 06:08:06', 1),
(142, NULL, 107, 238, 'Mi_16541,Min_16542,Min_16543', 333, '2025-05-27 06:15:53', 1),
(143, NULL, 117, 243, 'Min_27051,Min_27052', 335, '2025-05-27 06:31:21', 1),
(144, NULL, 124, 244, 'Mabayi', 306, '2025-06-06 11:09:09', 0),
(145, NULL, 124, 244, 'Mabayi', 306, '2025-06-06 13:33:14', 1),
(146, NULL, 125, 245, 'DISTRICT ANTSIRABE II', 328, '2025-06-10 14:18:53', 0),
(147, NULL, 125, 245, 'DISTRICT ANTSIRABE II', 328, '2025-06-12 10:39:49', 1),
(148, NULL, 126, 246, 'min_1261', 338, '2025-06-12 11:53:37', 1),
(149, NULL, 127, 247, 'Min_1261_min_1262', 339, '2025-06-12 11:57:27', 1),
(150, NULL, 128, 248, 'Mabayi', 326, '2025-06-19 11:56:16', 1),
(151, NULL, 129, 249, 'test', 340, '2025-06-25 06:27:22', 1),
(152, NULL, 130, 250, 'Min_2561,Min_2562', 341, '2025-06-25 06:33:57', 1),
(153, NULL, 131, 251, 'test2506', 343, '2025-06-25 06:34:25', 1),
(154, NULL, 132, 252, 'Min_2561', 342, '2025-06-25 07:29:56', 1),
(155, NULL, 133, 253, 'Min_2561,Min_2562', 342, '2025-06-25 07:35:08', 1),
(156, NULL, 134, 254, 'Min_2561', 341, '2025-06-25 08:01:02', 1),
(157, NULL, 136, 255, 'KISUMU', 1, '2025-08-08 09:20:23', 0),
(158, NULL, 136, 255, 'KISUMU', 1, '2025-08-08 09:21:33', 1),
(159, NULL, 137, 256, 'KISUMU', 346, '2025-08-08 09:44:17', 1),
(160, NULL, 128, 257, 'Mabayi', 326, '2025-08-19 16:51:18', 1),
(161, NULL, 139, 258, '', 347, '2025-09-18 10:19:04', 0),
(162, NULL, 139, 258, 'KISUMU', 347, '2025-09-18 10:23:08', 1),
(163, NULL, 140, 259, '', 326, '2025-10-08 15:24:06', 1),
(164, NULL, 142, 260, 'Kisumu', 348, '2025-10-15 05:07:08', 1),
(165, NULL, 144, 261, 'test', 361, '2026-03-12 05:36:40', 1),
(166, NULL, 145, 262, 'test', 365, '2026-03-17 05:50:03', 1);

-- --------------------------------------------------------

--
-- Table structure for table `lkp_ownership`
--

DROP TABLE IF EXISTS `lkp_ownership`;
CREATE TABLE IF NOT EXISTS `lkp_ownership` (
  `OWNERSHIP_ID` int NOT NULL AUTO_INCREMENT,
  `OWNERSHIP` varchar(5) CHARACTER SET utf8mb3 COLLATE utf8mb3_general_ci DEFAULT NULL,
  `Description` varchar(40) CHARACTER SET utf8mb3 COLLATE utf8mb3_general_ci DEFAULT NULL,
  `OWNERSHIP_STATUS` tinyint(1) DEFAULT '1',
  PRIMARY KEY (`OWNERSHIP_ID`)
) ENGINE=InnoDB AUTO_INCREMENT=4 DEFAULT CHARSET=latin1;

--
-- Dumping data for table `lkp_ownership`
--

INSERT INTO `lkp_ownership` (`OWNERSHIP_ID`, `OWNERSHIP`, `Description`, `OWNERSHIP_STATUS`) VALUES
(1, '01', 'Own', 1),
(2, '02', 'Lease', 1),
(3, '03', 'Corporate Farming\n', 1);

-- --------------------------------------------------------

--
-- Table structure for table `lkp_plantation_method`
--

DROP TABLE IF EXISTS `lkp_plantation_method`;
CREATE TABLE IF NOT EXISTS `lkp_plantation_method` (
  `PLANTATION_ID` int NOT NULL AUTO_INCREMENT,
  `PLA_METHOD` varchar(5) CHARACTER SET utf8mb3 COLLATE utf8mb3_general_ci DEFAULT NULL,
  `PLADESC` varchar(40) CHARACTER SET utf8mb3 COLLATE utf8mb3_general_ci DEFAULT NULL,
  `PLANTATION_STATUS` tinyint(1) DEFAULT '1',
  PRIMARY KEY (`PLANTATION_ID`)
) ENGINE=InnoDB AUTO_INCREMENT=6 DEFAULT CHARSET=latin1;

--
-- Dumping data for table `lkp_plantation_method`
--

INSERT INTO `lkp_plantation_method` (`PLANTATION_ID`, `PLA_METHOD`, `PLADESC`, `PLANTATION_STATUS`) VALUES
(1, 'PM_CS', 'CHIPBUD SEEDLINGS', 1),
(2, 'PM_DB', 'DOUBLE BUD SETTS', 1),
(3, 'PM_RB', 'RAISED BED SEEDLINGS', 1),
(4, 'PM_SB', 'SINGLE BUD SETTS', 1),
(5, 'PM_TS', 'TISSUE CULTURE SEEDLINGS', 1);

-- --------------------------------------------------------

--
-- Table structure for table `lkp_planting_season`
--

DROP TABLE IF EXISTS `lkp_planting_season`;
CREATE TABLE IF NOT EXISTS `lkp_planting_season` (
  `PLANTSEA_ID` int NOT NULL AUTO_INCREMENT,
  `PLANTSEA` varchar(10) DEFAULT NULL,
  `PLANTSEA_STATUS` tinyint(1) DEFAULT '1',
  PRIMARY KEY (`PLANTSEA_ID`)
) ENGINE=InnoDB AUTO_INCREMENT=6 DEFAULT CHARSET=latin1;

--
-- Dumping data for table `lkp_planting_season`
--

INSERT INTO `lkp_planting_season` (`PLANTSEA_ID`, `PLANTSEA`, `PLANTSEA_STATUS`) VALUES
(1, '2016-17', 1),
(2, '2017-18\n', 1),
(3, '2018-19\r\n', 1),
(4, '2019-20\r\n', 1),
(5, '2020-21\r\n', 1);

-- --------------------------------------------------------

--
-- Table structure for table `lkp_plot_type`
--

DROP TABLE IF EXISTS `lkp_plot_type`;
CREATE TABLE IF NOT EXISTS `lkp_plot_type` (
  `PLOT_TYPE_ID` int NOT NULL AUTO_INCREMENT,
  `PLOT_TYPE` varchar(10) CHARACTER SET utf8mb3 COLLATE utf8mb3_general_ci DEFAULT NULL,
  `PLOTDESC` varchar(40) CHARACTER SET utf8mb3 COLLATE utf8mb3_general_ci DEFAULT NULL,
  `PLOT_TYPE_STATUS` tinyint(1) DEFAULT '1',
  PRIMARY KEY (`PLOT_TYPE_ID`)
) ENGINE=InnoDB AUTO_INCREMENT=10 DEFAULT CHARSET=latin1;

--
-- Dumping data for table `lkp_plot_type`
--

INSERT INTO `lkp_plot_type` (`PLOT_TYPE_ID`, `PLOT_TYPE`, `PLOTDESC`, `PLOT_TYPE_STATUS`) VALUES
(1, 'MR', 'RATOON-MULTI', 1),
(2, 'NU', 'NURSERY', 1),
(3, 'PL', 'PLANT', 1),
(4, 'R1', 'RATOON-1', 1),
(5, 'R2', 'RATOON-2', 1),
(6, 'R3', 'RATOON-3', 1),
(7, 'R4', 'RATOON-4', 1),
(8, 'R5', 'RATOON-5', 1),
(9, 'R6', 'RATOON-6', 1);

-- --------------------------------------------------------

--
-- Table structure for table `lkp_projects`
--

DROP TABLE IF EXISTS `lkp_projects`;
CREATE TABLE IF NOT EXISTS `lkp_projects` (
  `proj_id` int UNSIGNED NOT NULL AUTO_INCREMENT,
  `proj_org_id` int UNSIGNED DEFAULT NULL,
  `proj_creator` int UNSIGNED DEFAULT NULL,
  `proj_loc_depth` tinyint(1) DEFAULT NULL COMMENT '1 country, 2 country state, 3 country state block, 4 country state dist block, 5 country state dist block village',
  `proj_name` varchar(255) DEFAULT NULL,
  `proj_description` text,
  `proj_banner` varchar(255) DEFAULT NULL,
  `proj_start_date` datetime DEFAULT NULL,
  `proj_end_date` datetime DEFAULT NULL,
  `proj_reg_date` datetime DEFAULT NULL,
  `ip_address` varchar(50) DEFAULT NULL,
  `status` tinyint(1) DEFAULT '1',
  PRIMARY KEY (`proj_id`)
) ENGINE=InnoDB AUTO_INCREMENT=4 DEFAULT CHARSET=utf8mb3;

--
-- Dumping data for table `lkp_projects`
--

INSERT INTO `lkp_projects` (`proj_id`, `proj_org_id`, `proj_creator`, `proj_loc_depth`, `proj_name`, `proj_description`, `proj_banner`, `proj_start_date`, `proj_end_date`, `proj_reg_date`, `ip_address`, `status`) VALUES
(1, 2, 1, 1, 'TAAT: High Iron Bean Compact', 'The Technologies for African Agricultural Transformation (TAAT) program is funded by the African Development Bank (AfDB) and other agencies. The aquaculture compact is one of 15 compacts comprising TAAT led by WorldFish.\r\n\r\nTen countries were selected for the TAAT Aquaculture Compact (TAC): the Democratic Republic of Congo, Ghana, Kenya, Nigeria and Zambia as focal countries, and the Republic of Benin, Burundi, Cameroun, Cote d’Ivoire and Tanzania as satellite countries. TAC aims to reach out to 1.15 million aquaculture value chain actors in these 10 countries within three years. This will include disseminating and upscaling aquaculture technologies across Africa to increase the productivity and income of fish farmers, increase fish protein consumption and enhance sustainability across the aquaculture value chain.', 'default.png', '2020-07-04 00:00:00', '2021-07-03 00:00:00', '2020-07-04 00:00:00', '127.0.0.1', 1),
(2, 1, 1, 5, 'RECL', 'RECL', 'default.png', '2020-07-04 00:00:00', '2021-07-03 00:00:00', '2020-07-04 00:00:00', '127.0.0.1', 1),
(3, 1, 1, 1, 'ICRISAT Operations', 'To capture the details of the daily ICRISAT operations', 'default.png', '2020-05-29 06:51:16', NULL, '2020-05-29 06:51:16', '183.83.136.107', 1);

-- --------------------------------------------------------

--
-- Table structure for table `lkp_project_site`
--

DROP TABLE IF EXISTS `lkp_project_site`;
CREATE TABLE IF NOT EXISTS `lkp_project_site` (
  `id` int NOT NULL AUTO_INCREMENT,
  `project_id` int DEFAULT NULL,
  `world_region_id` int DEFAULT NULL,
  `major_region_id` int DEFAULT NULL,
  `country_id` int DEFAULT NULL,
  `site_name` text CHARACTER SET utf8mb3 COLLATE utf8mb3_general_ci,
  `site_description` text CHARACTER SET utf8mb3 COLLATE utf8mb3_general_ci,
  `localCurrency` varchar(100) CHARACTER SET utf8mb3 COLLATE utf8mb3_general_ci DEFAULT NULL,
  `sub_region` text CHARACTER SET utf8mb3 COLLATE utf8mb3_general_ci,
  `village_community` text CHARACTER SET utf8mb3 COLLATE utf8mb3_general_ci,
  `community_type` int DEFAULT NULL,
  `grazingmetabolisable` int DEFAULT NULL,
  `grazingcrude` int DEFAULT NULL,
  `collectedmetabolisable` int DEFAULT NULL,
  `collectedcrude` int DEFAULT NULL,
  `user_id` int DEFAULT NULL,
  `status` tinyint(1) NOT NULL DEFAULT '1',
  PRIMARY KEY (`id`)
) ENGINE=InnoDB AUTO_INCREMENT=263 DEFAULT CHARSET=latin1;

--
-- Dumping data for table `lkp_project_site`
--

INSERT INTO `lkp_project_site` (`id`, `project_id`, `world_region_id`, `major_region_id`, `country_id`, `site_name`, `site_description`, `localCurrency`, `sub_region`, `village_community`, `community_type`, `grazingmetabolisable`, `grazingcrude`, `collectedmetabolisable`, `collectedcrude`, `user_id`, `status`) VALUES
(1, 1, 2, 3, 8, 'Buhoro', 'Tests', '8', 'Region new', 'Village new', 16, 1, 2, 3, 4, 1, 1),
(2, 1, 2, 3, 6, 'Bihororo', '', '7', '', '', 0, 0, 0, 0, 0, 1, 1),
(3, 2, 2, 3, 28, 'Kamanyola', NULL, NULL, NULL, NULL, NULL, NULL, NULL, NULL, NULL, NULL, 1),
(4, 2, 2, 3, 28, 'Miti', NULL, NULL, NULL, NULL, NULL, NULL, NULL, NULL, NULL, NULL, 1),
(5, 3, 2, 3, 65, 'Nkayii', NULL, NULL, NULL, NULL, NULL, NULL, NULL, NULL, NULL, NULL, 1),
(6, 3, 2, 3, 65, 'Sikhobokhobo primary school', NULL, NULL, NULL, NULL, NULL, NULL, NULL, NULL, NULL, NULL, 1),
(7, 3, 2, 3, 65, 'Sontala', NULL, NULL, NULL, NULL, NULL, NULL, NULL, NULL, NULL, NULL, 1),
(8, 3, 2, 3, 65, 'Malaba', NULL, NULL, NULL, NULL, NULL, NULL, NULL, NULL, NULL, NULL, 1),
(9, 6, 2, 3, 20, 'Yatenga', NULL, NULL, NULL, NULL, NULL, NULL, NULL, NULL, NULL, NULL, 1),
(10, 6, 2, 3, 20, 'Ziga', NULL, NULL, NULL, NULL, NULL, NULL, NULL, NULL, NULL, NULL, 1),
(11, 6, 2, 3, 20, 'Mahon', NULL, NULL, NULL, NULL, NULL, NULL, NULL, NULL, NULL, NULL, 1),
(12, 6, 2, 3, 20, 'Sayaga', NULL, NULL, NULL, NULL, NULL, NULL, NULL, NULL, NULL, NULL, 1),
(13, 7, 2, 3, 21, 'Cunyu', NULL, NULL, NULL, NULL, NULL, NULL, NULL, NULL, NULL, NULL, 1),
(14, 4, 2, 3, 28, 'Cirunga', NULL, NULL, NULL, NULL, NULL, NULL, NULL, NULL, NULL, NULL, 1),
(15, 4, 2, 3, 28, 'Kamanyola', NULL, NULL, NULL, NULL, NULL, NULL, NULL, NULL, NULL, NULL, 1),
(16, 4, 2, 3, 28, 'Muhongoza', NULL, NULL, NULL, NULL, NULL, NULL, NULL, NULL, NULL, NULL, 1),
(17, 4, 2, 3, 28, 'Tubimbi', NULL, NULL, NULL, NULL, NULL, NULL, NULL, NULL, NULL, NULL, 1),
(18, 8, 2, 3, 36, 'Bonia', NULL, NULL, NULL, NULL, NULL, NULL, NULL, NULL, NULL, NULL, 1),
(19, 8, 2, 3, 36, 'Duko', NULL, NULL, NULL, NULL, NULL, NULL, NULL, NULL, NULL, NULL, 1),
(20, 8, 2, 3, 36, 'Zanlerigu', NULL, NULL, NULL, NULL, NULL, NULL, NULL, NULL, NULL, NULL, 1),
(21, 8, 2, 3, 36, 'Papu', NULL, NULL, NULL, NULL, NULL, NULL, NULL, NULL, NULL, NULL, 1),
(22, 8, 2, 3, 36, 'Tibali', NULL, NULL, NULL, NULL, NULL, NULL, NULL, NULL, NULL, NULL, 1),
(23, 8, 2, 3, 36, 'Guo', NULL, NULL, NULL, NULL, NULL, NULL, NULL, NULL, NULL, NULL, 1),
(24, 8, 2, 3, 36, 'Gia', NULL, NULL, NULL, NULL, NULL, NULL, NULL, NULL, NULL, NULL, 1),
(25, 8, 2, 3, 36, 'Tingoli', NULL, NULL, NULL, NULL, NULL, NULL, NULL, NULL, NULL, NULL, 1),
(26, 5, 1, 1, 4, 'Bijapur and raichur', NULL, NULL, NULL, NULL, NULL, NULL, NULL, NULL, NULL, NULL, 1),
(27, 5, 1, 1, 4, 'Chikmagalur', NULL, NULL, NULL, NULL, NULL, NULL, NULL, NULL, NULL, NULL, 1),
(28, 5, 1, 1, 4, 'Tumkur', NULL, NULL, NULL, NULL, NULL, NULL, NULL, NULL, NULL, NULL, 1),
(29, 9, 1, 1, 4, 'Basudevpur', NULL, NULL, NULL, NULL, NULL, NULL, NULL, NULL, NULL, NULL, 1),
(30, 9, 1, 1, 4, 'Gop', NULL, NULL, NULL, NULL, NULL, NULL, NULL, NULL, NULL, NULL, 1),
(31, 9, 1, 1, 4, 'Nuapada', NULL, NULL, NULL, NULL, NULL, NULL, NULL, NULL, NULL, NULL, 1),
(32, 9, 1, 1, 4, 'Khajuripada', NULL, NULL, NULL, NULL, NULL, NULL, NULL, NULL, NULL, NULL, 1),
(33, 9, 1, 1, 4, 'Kantamal', NULL, NULL, NULL, NULL, NULL, NULL, NULL, NULL, NULL, NULL, 1),
(34, 9, 1, 1, 4, 'Banki', NULL, NULL, NULL, NULL, NULL, NULL, NULL, NULL, NULL, NULL, 1),
(35, 9, 1, 1, 4, 'Badamba', NULL, NULL, NULL, NULL, NULL, NULL, NULL, NULL, NULL, NULL, 1),
(36, 9, 1, 1, 4, 'Nischintakoili', NULL, NULL, NULL, NULL, NULL, NULL, NULL, NULL, NULL, NULL, 1),
(37, 9, 1, 1, 4, 'Baliapal', NULL, NULL, NULL, NULL, NULL, NULL, NULL, NULL, NULL, NULL, 1),
(38, 9, 1, 1, 4, 'Basta', NULL, NULL, NULL, NULL, NULL, NULL, NULL, NULL, NULL, NULL, 1),
(39, 9, 1, 1, 4, 'Bahanaga', NULL, NULL, NULL, NULL, NULL, NULL, NULL, NULL, NULL, NULL, 1),
(40, 9, 1, 1, 4, 'Attabira', NULL, NULL, NULL, NULL, NULL, NULL, NULL, NULL, NULL, NULL, 1),
(41, 9, 1, 1, 4, 'Hatadihi', NULL, NULL, NULL, NULL, NULL, NULL, NULL, NULL, NULL, NULL, 1),
(42, 9, 1, 1, 4, 'Ghasipura', NULL, NULL, NULL, NULL, NULL, NULL, NULL, NULL, NULL, NULL, 1),
(43, 10, 2, 3, 40, 'Cherangany dairy group', NULL, NULL, NULL, NULL, NULL, NULL, NULL, NULL, NULL, NULL, 1),
(44, 10, 2, 3, 40, 'Metkei', NULL, NULL, NULL, NULL, NULL, NULL, NULL, NULL, NULL, NULL, 1),
(45, 10, 2, 3, 40, 'Chepkorio dairy ltd.', NULL, NULL, NULL, NULL, NULL, NULL, NULL, NULL, NULL, NULL, 1),
(46, 10, 2, 3, 40, 'Siongiroi (high rain)', NULL, NULL, NULL, NULL, NULL, NULL, NULL, NULL, NULL, NULL, 1),
(47, 10, 2, 3, 40, 'Siongiroi (low rainfall)', NULL, NULL, NULL, NULL, NULL, NULL, NULL, NULL, NULL, NULL, 1),
(48, 10, 2, 3, 40, 'Kipkelion (lower dry zone)', NULL, NULL, NULL, NULL, NULL, NULL, NULL, NULL, NULL, NULL, 1),
(49, 10, 2, 3, 40, 'Kipkelion (upper wet zone)', NULL, NULL, NULL, NULL, NULL, NULL, NULL, NULL, NULL, NULL, 1),
(50, 10, 2, 3, 40, 'Olkalou (upper)', NULL, NULL, NULL, NULL, NULL, NULL, NULL, NULL, NULL, NULL, 1),
(51, 10, 2, 3, 7, 'Lelan', '', '7', '', '', 0, 0, 0, 0, 0, 1, 1),
(52, 10, 2, 3, 40, 'Kipkelion (rural)', NULL, NULL, NULL, NULL, NULL, NULL, NULL, NULL, NULL, NULL, 1),
(53, 10, 2, 3, 40, 'Kipkelion (urban)', NULL, NULL, NULL, NULL, NULL, NULL, NULL, NULL, NULL, NULL, 1),
(54, 10, 2, 3, 40, 'Sirikwa', NULL, NULL, NULL, NULL, NULL, NULL, NULL, NULL, NULL, NULL, 1),
(55, 10, 2, 3, 40, 'Tegat', NULL, NULL, NULL, NULL, NULL, NULL, NULL, NULL, NULL, NULL, 1),
(56, 10, 2, 3, 40, 'Sirikwa 2', NULL, NULL, NULL, NULL, NULL, NULL, NULL, NULL, NULL, NULL, 1),
(57, 10, 2, 3, 40, 'Lelchego 2015', NULL, NULL, NULL, NULL, NULL, NULL, NULL, NULL, NULL, NULL, 1),
(58, 10, 2, 3, 40, 'Kokiche 2015', NULL, NULL, NULL, NULL, NULL, NULL, NULL, NULL, NULL, NULL, 1),
(59, 10, 2, 3, 40, 'Lessos 2015', NULL, NULL, NULL, NULL, NULL, NULL, NULL, NULL, NULL, NULL, 1),
(60, 10, 2, 3, 40, 'Sot 2015', NULL, NULL, NULL, NULL, NULL, NULL, NULL, NULL, NULL, NULL, 1),
(61, 10, 2, 3, 40, 'Tarakwo 2015', NULL, NULL, NULL, NULL, NULL, NULL, NULL, NULL, NULL, NULL, 1),
(62, 10, 2, 3, 40, 'Cherobu', NULL, NULL, NULL, NULL, NULL, NULL, NULL, NULL, NULL, NULL, 1),
(63, 11, 2, 3, 40, 'Alego usonga sub county', NULL, NULL, NULL, NULL, NULL, NULL, NULL, NULL, NULL, NULL, 1),
(64, 11, 2, 3, 40, 'Luanda south,wemilabi, luanda township, mwibona and emabungo', NULL, NULL, NULL, NULL, NULL, NULL, NULL, NULL, NULL, NULL, 1),
(65, 11, 2, 3, 40, 'Kisumu west', NULL, NULL, NULL, NULL, NULL, NULL, NULL, NULL, NULL, NULL, 1),
(66, 12, 2, 3, 40, 'Rangwe', NULL, NULL, NULL, NULL, NULL, NULL, NULL, NULL, NULL, NULL, 1),
(67, 11, 2, 3, 40, 'Obwolo chiefs camp', NULL, NULL, NULL, NULL, NULL, NULL, NULL, NULL, NULL, NULL, 1),
(68, 11, 2, 3, 40, 'Kisumu west', NULL, NULL, NULL, NULL, NULL, NULL, NULL, NULL, NULL, NULL, 1),
(69, 11, 2, 3, 40, 'Wagai resource centre', NULL, NULL, NULL, NULL, NULL, NULL, NULL, NULL, NULL, NULL, 1),
(70, 11, 2, 3, 40, 'Oseng teti primary school', NULL, NULL, NULL, NULL, NULL, NULL, NULL, NULL, NULL, NULL, 1),
(71, 11, 2, 3, 40, 'Wachara youth polytechnic', NULL, NULL, NULL, NULL, NULL, NULL, NULL, NULL, NULL, NULL, 1),
(72, 11, 2, 3, 40, 'Kasipul livestock office', NULL, NULL, NULL, NULL, NULL, NULL, NULL, NULL, NULL, NULL, 1),
(73, 11, 2, 3, 40, 'Kabondo east - kadongo', NULL, NULL, NULL, NULL, NULL, NULL, NULL, NULL, NULL, NULL, 1),
(74, 13, 2, 3, 40, 'Kehancha multi purpose hall', NULL, NULL, NULL, NULL, NULL, NULL, NULL, NULL, NULL, NULL, 1),
(75, 11, 2, 3, 40, 'Ugunja subcounty', NULL, NULL, NULL, NULL, NULL, NULL, NULL, NULL, NULL, NULL, 1),
(76, 11, 2, 3, 40, 'Kisumu  west', NULL, NULL, NULL, NULL, NULL, NULL, NULL, NULL, NULL, NULL, 1),
(77, 11, 2, 3, 40, 'Awendo', NULL, NULL, NULL, NULL, NULL, NULL, NULL, NULL, NULL, NULL, 1),
(78, 11, 2, 3, 40, 'Kee', NULL, NULL, NULL, NULL, NULL, NULL, NULL, NULL, NULL, NULL, 1),
(79, 11, 2, 3, 40, 'Milima tatu saku- sub county, marsabit', NULL, NULL, NULL, NULL, NULL, NULL, NULL, NULL, NULL, NULL, 1),
(80, 14, 2, 3, 40, 'Merti', NULL, NULL, NULL, NULL, NULL, NULL, NULL, NULL, NULL, NULL, 1),
(81, 15, 2, 3, 40, 'Korbesa', NULL, NULL, NULL, NULL, NULL, NULL, NULL, NULL, NULL, NULL, 1),
(82, 11, 2, 3, 40, 'Kasikeu and kiimakiu ward', NULL, NULL, NULL, NULL, NULL, NULL, NULL, NULL, NULL, NULL, 1),
(83, 11, 2, 3, 40, 'Tawa', NULL, NULL, NULL, NULL, NULL, NULL, NULL, NULL, NULL, NULL, 1),
(84, 11, 2, 3, 40, 'Milimamitatu village in saku sub county', NULL, NULL, NULL, NULL, NULL, NULL, NULL, NULL, NULL, NULL, 1),
(85, 11, 2, 3, 40, 'Milimamitatu', NULL, NULL, NULL, NULL, NULL, NULL, NULL, NULL, NULL, NULL, 1),
(86, 11, 2, 3, 40, 'Werugha', NULL, NULL, NULL, NULL, NULL, NULL, NULL, NULL, NULL, NULL, 1),
(87, 16, 2, 3, 40, 'Mwingi west', NULL, NULL, NULL, NULL, NULL, NULL, NULL, NULL, NULL, NULL, 1),
(88, 17, 2, 3, 44, 'Mtetemera', NULL, NULL, NULL, NULL, NULL, NULL, NULL, NULL, NULL, NULL, 1),
(89, 17, 2, 3, 44, 'Kadzuwa', NULL, NULL, NULL, NULL, NULL, NULL, NULL, NULL, NULL, NULL, 1),
(90, 17, 2, 3, 44, 'Phalula', NULL, NULL, NULL, NULL, NULL, NULL, NULL, NULL, NULL, NULL, 1),
(91, 17, 2, 3, 44, 'Utale', NULL, NULL, NULL, NULL, NULL, NULL, NULL, NULL, NULL, NULL, 1),
(92, 18, 2, 3, 45, 'Dieba', NULL, NULL, NULL, NULL, NULL, NULL, NULL, NULL, NULL, NULL, 1),
(93, 18, 2, 3, 45, 'Nampossela', NULL, NULL, NULL, NULL, NULL, NULL, NULL, NULL, NULL, NULL, 1),
(94, 18, 2, 3, 45, 'Sirakele', NULL, NULL, NULL, NULL, NULL, NULL, NULL, NULL, NULL, NULL, 1),
(95, 18, 2, 3, 45, 'Yorobougoula', NULL, NULL, NULL, NULL, NULL, NULL, NULL, NULL, NULL, NULL, 1),
(96, 18, 2, 3, 45, 'Zanzoni', NULL, NULL, NULL, NULL, NULL, NULL, NULL, NULL, NULL, NULL, 1),
(97, 19, 2, 3, 50, 'Gourdjia', NULL, NULL, NULL, NULL, NULL, NULL, NULL, NULL, NULL, NULL, 1),
(98, 20, 2, 3, 51, 'Ibarapa east', NULL, NULL, NULL, NULL, NULL, NULL, NULL, NULL, NULL, NULL, 1),
(99, 20, 2, 3, 51, 'Ogo oluwa', NULL, NULL, NULL, NULL, NULL, NULL, NULL, NULL, NULL, NULL, 1),
(100, 20, 2, 3, 51, 'Atakumosa (east)', NULL, NULL, NULL, NULL, NULL, NULL, NULL, NULL, NULL, NULL, 1),
(101, 20, 2, 3, 51, 'Iddo', NULL, NULL, NULL, NULL, NULL, NULL, NULL, NULL, NULL, NULL, 1),
(102, 20, 2, 3, 51, 'Ayedire', NULL, NULL, NULL, NULL, NULL, NULL, NULL, NULL, NULL, NULL, 1),
(103, 20, 2, 3, 51, 'Ife (east)', NULL, NULL, NULL, NULL, NULL, NULL, NULL, NULL, NULL, NULL, 1),
(104, 20, 2, 3, 51, 'Oriire', NULL, NULL, NULL, NULL, NULL, NULL, NULL, NULL, NULL, NULL, 1),
(105, 20, 2, 3, 51, 'Atakumosa west', NULL, NULL, NULL, NULL, NULL, NULL, NULL, NULL, NULL, NULL, 1),
(106, 20, 2, 3, 51, 'Iwo', NULL, NULL, NULL, NULL, NULL, NULL, NULL, NULL, NULL, NULL, 1),
(107, 21, 2, 3, 51, 'Ife east', NULL, NULL, NULL, NULL, NULL, NULL, NULL, NULL, NULL, NULL, 1),
(108, 21, 2, 3, 51, 'Iwo', NULL, NULL, NULL, NULL, NULL, NULL, NULL, NULL, NULL, NULL, 1),
(109, 21, 2, 3, 51, 'Doka', NULL, NULL, NULL, NULL, NULL, NULL, NULL, NULL, NULL, NULL, 1),
(110, 21, 2, 3, 51, 'Yanoko', NULL, NULL, NULL, NULL, NULL, NULL, NULL, NULL, NULL, NULL, 1),
(111, 21, 2, 3, 51, 'Ishiyawa', NULL, NULL, NULL, NULL, NULL, NULL, NULL, NULL, NULL, NULL, 1),
(112, 21, 2, 3, 51, 'Yakubawa', NULL, NULL, NULL, NULL, NULL, NULL, NULL, NULL, NULL, NULL, 1),
(113, 22, 2, 3, 52, 'Kayonza', NULL, NULL, NULL, NULL, NULL, NULL, NULL, NULL, NULL, NULL, 1),
(114, 23, 2, 3, 52, 'Nyanza_gasiza_a_men', NULL, NULL, NULL, NULL, NULL, NULL, NULL, NULL, NULL, NULL, 1),
(115, 23, 2, 3, 52, 'Burera_kagihanga_men', NULL, NULL, NULL, NULL, NULL, NULL, NULL, NULL, NULL, NULL, 1),
(116, 23, 2, 3, 52, 'Burera_kagesera_men', NULL, NULL, NULL, NULL, NULL, NULL, NULL, NULL, NULL, NULL, 1),
(117, 23, 2, 3, 52, 'Nyagatare_gitengure_men', NULL, NULL, NULL, NULL, NULL, NULL, NULL, NULL, NULL, NULL, 1),
(118, 23, 2, 3, 52, 'Nyagatare_kabeza_men', NULL, NULL, NULL, NULL, NULL, NULL, NULL, NULL, NULL, NULL, 1),
(119, 22, 2, 3, 52, 'Rutare', NULL, NULL, NULL, NULL, NULL, NULL, NULL, NULL, NULL, NULL, 1),
(120, 22, 2, 3, 52, 'Remera-rutsiro', NULL, NULL, NULL, NULL, NULL, NULL, NULL, NULL, NULL, NULL, 1),
(121, 22, 2, 3, 52, 'Kanyundo', NULL, NULL, NULL, NULL, NULL, NULL, NULL, NULL, NULL, NULL, 1),
(122, 22, 2, 3, 52, 'Kayonza district', NULL, NULL, NULL, NULL, NULL, NULL, NULL, NULL, NULL, NULL, 1),
(123, 22, 2, 3, 52, 'Rwamagana', NULL, NULL, NULL, NULL, NULL, NULL, NULL, NULL, NULL, NULL, 1),
(124, 22, 2, 3, 52, 'Rwotso', NULL, NULL, NULL, NULL, NULL, NULL, NULL, NULL, NULL, NULL, 1),
(125, 22, 2, 3, 52, 'Rddp/ musanze', NULL, NULL, NULL, NULL, NULL, NULL, NULL, NULL, NULL, NULL, 1),
(126, 22, 2, 3, 52, 'Nyonirima', NULL, NULL, NULL, NULL, NULL, NULL, NULL, NULL, NULL, NULL, 1),
(127, 22, 2, 3, 52, 'Gacundezi', NULL, NULL, NULL, NULL, NULL, NULL, NULL, NULL, NULL, NULL, 1),
(128, 24, 2, 3, 61, 'Manyinga 2', NULL, NULL, NULL, NULL, NULL, NULL, NULL, NULL, NULL, NULL, 1),
(129, 24, 2, 3, 61, 'Wami sokoine 2', NULL, NULL, NULL, NULL, NULL, NULL, NULL, NULL, NULL, NULL, 1),
(130, 24, 2, 3, 61, 'Tanga grp 2', NULL, NULL, NULL, NULL, NULL, NULL, NULL, NULL, NULL, NULL, 1),
(131, 24, 2, 3, 61, 'Seloto village', NULL, NULL, NULL, NULL, NULL, NULL, NULL, NULL, NULL, NULL, 1),
(132, 24, 2, 3, 61, 'Kilosa parakuyo 1', NULL, NULL, NULL, NULL, NULL, NULL, NULL, NULL, NULL, NULL, 1),
(133, 24, 2, 3, 61, 'Manyinga 1', NULL, NULL, NULL, NULL, NULL, NULL, NULL, NULL, NULL, NULL, 1),
(134, 24, 2, 3, 61, 'Seloto grp 2', NULL, NULL, NULL, NULL, NULL, NULL, NULL, NULL, NULL, NULL, 1),
(135, 24, 2, 3, 61, 'Pemba mkoani', NULL, NULL, NULL, NULL, NULL, NULL, NULL, NULL, NULL, NULL, 1),
(136, 24, 2, 3, 61, 'Sabilo grp 2', NULL, NULL, NULL, NULL, NULL, NULL, NULL, NULL, NULL, NULL, 1),
(137, 24, 2, 3, 61, 'Sabilo grp 1', NULL, NULL, NULL, NULL, NULL, NULL, NULL, NULL, NULL, NULL, 1),
(138, 24, 2, 3, 61, 'Pemba chake chake mkoani', NULL, NULL, NULL, NULL, NULL, NULL, NULL, NULL, NULL, NULL, 1),
(139, 24, 2, 3, 61, 'Pemba1', NULL, NULL, NULL, NULL, NULL, NULL, NULL, NULL, NULL, NULL, 1),
(140, 24, 2, 3, 61, 'Kilosa day - mbwade gp2', NULL, NULL, NULL, NULL, NULL, NULL, NULL, NULL, NULL, NULL, 1),
(141, 24, 2, 3, 61, 'Kilosa day - mbwade gp1', NULL, NULL, NULL, NULL, NULL, NULL, NULL, NULL, NULL, NULL, 1),
(142, 24, 2, 3, 61, 'Sabilo village', NULL, NULL, NULL, NULL, NULL, NULL, NULL, NULL, NULL, NULL, 1),
(143, 25, 2, 3, 61, 'Manyinga', NULL, NULL, NULL, NULL, NULL, NULL, NULL, NULL, NULL, NULL, 1),
(144, 25, 2, 3, 61, 'Wami sokoine', NULL, NULL, NULL, NULL, NULL, NULL, NULL, NULL, NULL, NULL, 1),
(145, 25, 2, 3, 61, 'Twatwatwa', NULL, NULL, NULL, NULL, NULL, NULL, NULL, NULL, NULL, NULL, 1),
(146, 25, 2, 3, 61, 'Mbwade', NULL, NULL, NULL, NULL, NULL, NULL, NULL, NULL, NULL, NULL, 1),
(147, 26, 2, 3, 65, 'Goromonzi - mwanza', NULL, NULL, NULL, NULL, NULL, NULL, NULL, NULL, NULL, NULL, 1),
(148, 26, 2, 3, 65, 'Goromonzi - chikwaka', NULL, NULL, NULL, NULL, NULL, NULL, NULL, NULL, NULL, NULL, 1),
(149, 27, 2, 3, 32, 'New', NULL, NULL, NULL, NULL, NULL, NULL, NULL, NULL, NULL, NULL, 1),
(150, 28, 1, 1, 4, 'HYDERABAD', NULL, NULL, NULL, NULL, NULL, NULL, NULL, NULL, NULL, NULL, 1),
(151, 29, 2, 3, 40, 'New Site.', NULL, NULL, NULL, NULL, NULL, NULL, NULL, NULL, NULL, NULL, 1),
(152, 31, 1, NULL, 1, 'test_site', 'aaaaaa', '1', 'sub_test', 'sub_village', 1, 3, 4, 5, 6, 278, 1),
(153, 31, 1, NULL, 1, 'New site Added', 'New site Added', '1', 'New site Added Region', 'New site Added village', 1, 1, 2, 3, 4, 284, 1),
(154, 32, 3, NULL, 12, 'test site09', 'ttttttttt', '12', 'aaaaaaa', 'bbbbbbbb', 1, 2, 6, 8, 9, 278, 1),
(155, 35, 3, NULL, 12, 'site_name_en_two', 'site _desc', '', 'reg', 'village', 1, 1, 1, 2, 3, 286, 1),
(156, 35, 3, NULL, 18, 'site _two', 'site _desc', '1', 'reg', 'village', 1, 1, 1, 2, 3, 286, 0),
(157, 38, 9, NULL, 186, 'test', 'test', '186', 'test', 'test', 1, 0, 0, 0, 0, 287, 1),
(158, 40, 2, NULL, 5, 'testkc', 'testkc', '5', 'testkc', 'testkc', 1, 0, 0, 0, 0, 288, 1),
(159, 41, 7, NULL, 174, 'testen', 'testen', '174', 'test', 'test', 1, 0, 0, 0, 0, 290, 1),
(160, 42, 3, NULL, 12, 'site 2', 'desc', '12', 'sub', 'vill', 1, 1, 3, 4, 5, 286, 1),
(161, 43, 8, NULL, 185, 'testenn', 'testenn', '185', 'testee', 'testnn', 1, 1, 3, 4, 6, 288, 1),
(162, 44, 8, NULL, 181, 'testn11', 'testen11', '181', 'subn', 'viln', 2, 1, 23, 4, 5, 291, 1),
(163, 45, 3, NULL, 11, 'site_en_feast_two', 'Site Descriptio', '11', 'Test', 'village', 1, 1, 2, 2, 3, 292, 1),
(164, 46, 8, NULL, 181, 'testtesten', 'testtesten', '181', 'testtesten', 'testtesten', 1, 1, 2, 3, 4, 293, 1),
(165, 47, 8, NULL, 181, 'testen', 'testen', '181', 'testen', 'testen', 1, 0, 0, 0, 0, 293, 1),
(166, 48, 3, NULL, 12, 'testtt', 'testtt', '12', 'testtt', 'testtt', 1, 1, 2, 3, 4, 293, 1),
(167, 49, 3, NULL, 12, 'entest', 'entest', '12', 'entest', 'entest', 1, 1, 2, 3, 4, 294, 1),
(168, 50, 3, NULL, 11, 'site', 'desc', '11', 'sub', 'vill', 1, 1, 2, 3, 4, 295, 1),
(169, 51, 8, NULL, 179, 'nntest', 'nntest', '179', 'TEST', 'nntest', 1, 1, 2, 3, 4, 291, 1),
(170, 52, 3, NULL, 12, 'site_14225', 'site_desc_14225', '12', 'sub', 'vill', 1, 1, 2, 3, 4, 1, 1),
(171, 53, 3, NULL, 12, 'site_142251', 'site_142251', '12', 'sub', 'vill', 1, 1, 2, 3, 4, 296, 1),
(172, 57, 8, NULL, 181, 'Feed Assessment Tool (FEAST)', 'Feed Assessment Tool (FEAST)', '181', 'HYDERABAD', 'ILRI CAMPUS', 1, 9, 8, 6, 5, 297, 1),
(173, 58, 8, NULL, 181, 'BENGALURU', 'BENGALURU', '181', 'REGION', 'COMMUNITY', 1, 9, 0, 0, 0, 297, 1),
(174, 59, 3, NULL, 12, 'site_mngr_14225', 'site_mngr_14225', '12', 'sub', 'vill', 1, 11, 12, 13, 14, 1, 1),
(175, 53, 1, NULL, 1, 'site_17224', '', '', '', '', 0, 0, 0, 0, 0, 296, 1),
(176, 60, 3, NULL, 12, 'site_17225', '', '', '', '', 0, 0, 0, 0, 0, 296, 1),
(177, 1, 1, NULL, 1, 'qwdqwd', '', '', '', '', 0, 0, 0, 0, 0, 299, 1),
(178, 61, 8, NULL, 181, 'ILRI MARA HOUSE', 'NONE', '181', 'HYDERABAD', 'COMMUNITY', 8, 8, 8, 10, 6, 297, 1),
(179, 61, 8, NULL, 181, 'ILRI HYD OFFICE', 'NONE', '181', 'HYDERABAD', 'COMMUNITY', 9, 8, 8, 10, 6, 297, 1),
(180, 61, 9, NULL, 206, 'CGIAR FEED FODDER', 'NONE', '206', 'NAIROBI', 'COMMUNITY', 5, 9, 0, 0, 0, 297, 1),
(181, 62, 8, NULL, 181, 'testlook', 'testlook', '181', 'testlook', 'testlook', 8, 0, 0, 0, 0, 291, 1),
(182, 63, 2, NULL, 5, 'TEST', 'NONE', '5', 'Region', 'comm', 6, 9, 0, 0, 0, 297, 1),
(183, 63, 1, NULL, 2, 'bnn', '', '2', '', '', 0, 0, 0, 0, 0, 297, 1),
(184, 1, 1, NULL, 1, 'New site changes', '', '1', '', '', 0, 9, 8, 10, 8, 1, 1),
(185, 1, 2, NULL, 5, 'Site Region testing', '', '5', '', '', 0, 9, 8, 10, 8, 1, 1),
(186, 1, 1, NULL, 1, 'site', 'sample', '1', 'sub', 'Vill', 1, 91, 81, 101, 81, 1, 1),
(187, 1, 3, NULL, 12, 'site ', 'sample 2', '12', 'dub_rej', 'vill', 1, 9, 8, 10, 8, 1, 1),
(188, 62, 1, NULL, 1, 'site 1', 'sample', '1', 'sub', 'vill', 1, 9, 8, 10, 8, 1, 1),
(189, 64, 8, NULL, 181, 'site_242251', '242251', '181', 'test', 'vill', 2, 9, 8, 10, 8, 1, 1),
(190, 65, 8, NULL, 181, 'site', 'site_242251', '181', 'sub', 'vill', 1, 9, 8, 10, 8, 300, 1),
(191, 65, 8, NULL, 181, 'site', '242252', '181', 'sub', 'vil', 1, 9, 8, 10, 8, 300, 1),
(192, 65, 8, NULL, 181, 'site_252', 'site_252', '181', 'sub', 'vil', 2, 9, 8, 10, 8, 300, 1),
(193, 65, 8, NULL, 181, 'site', 'site_242252', '181', 'sub', 'vill', 1, 9, 8, 10, 8, 300, 1),
(194, 1, 2, NULL, 5, 'Test Site', '', '5', '', '', 0, 9, 8, 10, 8, 1, 1),
(195, 65, 8, NULL, 181, 'site_262251', 'site_262251_desc', '181', 'sub', 'vill', 2, 9, 8, 10, 8, 300, 1),
(196, 64, 8, NULL, 181, 'site_262', 'site_262_desc', '181', 'Sub_2621', 'Vil_2621', 1, 9, 8, 10, 8, 1, 1),
(197, 64, 8, NULL, 181, 'site_2623', 'site_desc_2623', '181', 'sub_Reg', 'Vil', 2, 9, 8, 10, 8, 1, 1),
(198, 66, 8, NULL, 181, 'site_2621', '_2621', '181', 'sub_reg', 'Village', 1, 9, 8, 10, 8, 301, 1),
(199, 66, 8, NULL, 181, 'site_2622', 'Desc_2622', '181', 'sub_region', 'village', 1, 9, 8, 10, 8, 301, 1),
(200, 66, 8, NULL, 181, 'site_2624', '_2624', '181', 'sub', 'vill', 2, 9, 8, 10, 8, 301, 1),
(201, 68, 8, NULL, 181, 'testtest11', 'testtest11', '181', 'testtest11', 'testtest11', 14, 9, 8, 10, 8, 302, 1),
(202, 72, 8, NULL, 181, 'FEAST 3.0 FINAL SITE', 'NONE', '181', 'Sub region', 'commuinty', 15, 10, 0, 9, 8, 1, 1),
(203, 73, 9, NULL, 206, 'CGIAR ILRI', 'NONE', '206', 'MAKUENI REGION', 'COMMUNITY', 15, 9, 8, 10, 8, 303, 1),
(204, 10, 5, NULL, 124, ' BNB', '', '124', '', '', 0, 9, 8, 10, 8, 1, 1),
(205, 74, 8, NULL, 181, 'site_282251', 'sdesc', '181', 'sub', 'vil', 20, 9, 8, 10, 8, 304, 1),
(206, 77, 9, NULL, 206, 'Feed Assessment Tool (FEAST) 3.0', 'NONE', '206', 'Sub region', 'Commuinty', 15, 9, 8, 10, 8, 306, 0),
(207, 77, 9, NULL, 200, 'Sub-Saharan Africa Feeds (SSFA)', 'NONE', '200', 'Sub region', 'Commuinty', 6, 9, 8, 10, 8, 306, 0),
(208, 78, 8, NULL, 181, 'site_010325', 'site_desc', '181', 'Sub', 'Vill/Community', 26, 9, 8, 10, 8, 307, 1),
(209, 79, 1, NULL, 1, 'site', '20325', '1', 'sub', 'village', 27, 9, 8, 10, 8, 308, 1),
(210, 80, 8, NULL, 181, 'site_303251', 'site_303251 desc', '181', 'sub', 'Vill/commu', 27, 9, 8, 10, 8, 308, 1),
(211, 81, 8, NULL, 181, 'site_403251', 'descc', '181', 'Sub_reg', 'Village', 27, 9, 8, 10, 8, 308, 1),
(212, 82, 9, NULL, 206, 'TEST SITE', 'NONE', '206', 'Test region', 'Community', 6, 10, 5, 5, 8, 306, 1),
(213, 84, 9, NULL, 206, 'Cherangany Dairy Group', 'None', '206', 'Westlands', 'Meru', 33, 10, 6, 5, 4, 306, 1),
(214, 85, 9, NULL, 217, 'Ibarapa East', 'None', '217', 'Nigeria West', 'Luo', 34, 9, 8, 10, 8, 306, 1),
(215, 86, 9, NULL, 206, 'Cherangany Dairy Group', 'None', '206', 'Mountview', 'Baringo town', 36, 5, 5, 8, 6, 313, 1),
(216, 88, 9, NULL, 200, 'Bishoftu', '', '200', 'Debre Zeit', '', 0, 9, 8, 10, 8, 306, 1),
(217, 89, 8, NULL, 181, 'test', 'test', '181', 'test', 'test', 1, 9, 8, 10, 8, 314, 1),
(218, 90, 1, NULL, 1, 'site_44251', 'desc ', '1', 'test_44251', 'vill_44251', 1, 9, 8, 10, 8, 1, 1),
(219, 91, 1, NULL, 1, 'site_44252', 'feast_44252', '1', 'sub', 'vill', 1, 9, 8, 10, 8, 315, 1),
(220, 92, 1, NULL, 1, 'site_47251', 'desccc', '1', 'Sub', 'Vill', 1, 9, 8, 10, 8, 315, 1),
(221, 93, 1, NULL, 1, 'Site_84251', 'Desc', '1', 'sub reg', 'vill', 1, 9, 8, 10, 8, 320, 1),
(222, 94, 1, NULL, 1, 'site_94252', 'desc', '1', '', '', 1, 9, 8, 10, 8, 320, 1),
(223, 95, 1, NULL, 1, 'site_94253', 'Desc', '1', 'Reg', 'Vill', 1, 9, 8, 10, 8, 320, 1),
(224, 16, 1, NULL, 1, 'New site checking all', 'New site checking all', '1', 'New site checking all', 'New site checking all', 1, 9, 8, 10, 8, 1, 1),
(225, 96, 8, NULL, 181, 'g_feast_server', 'g_feast_server', '181', 'g_feast_server', 'g_feast_server', 1, 9, 8, 10, 8, 321, 1),
(226, 97, 8, NULL, 181, 'testfeast@123\'\'\'', 'testfeast@123', '181', 'testfeast@123', 'testfeast@123', 1, 8, 8, 10, 8, 1, 1),
(227, 98, 8, NULL, 181, 'India site', 'Hyderabad', '181', 'contonment zone', 'Tarnaka', 1, 9, 8, 10, 8, 323, 1),
(228, 98, 7, NULL, 176, 'USA site', 'Usa_regions', '176', 'california_174251', 'Long Beach_174251', 6, 9, 8, 10, 8, 323, 0),
(229, 99, 7, NULL, 176, 'USA_site', 'USA region related sites', '176', 'California', ' Florida ', 6, 9, 8, 10, 8, 323, 1),
(230, 100, 8, NULL, 181, 'India', 'site2041', '181', 'Sub_region', 'Vill', 1, 9, 8, 10, 8, 324, 1),
(231, 101, 8, NULL, 181, 'Site_hyd', 'hydsite', '181', 'secbad', 'vikarabad', 1, 9, 8, 10, 8, 325, 1),
(232, 102, 9, NULL, 206, 'ILRI MARA HOUSE', 'NONE', '206', 'SUB 1', 'MAASAI', 6, 9, 8, 10, 8, 297, 1),
(233, 102, 8, NULL, 181, 'AMUL Dairy Group', 'NONE', '181', 'Mountview', 'AMUL town', 40, 15, 40, 20, 10, 297, 1),
(234, 104, 7, NULL, 176, 'CHERANGANY LIVESTOCK GROUP', 'NONE', '176', 'SUB REGION 1', 'LOCAL COMMUNITY', 41, 10, 15, 15, 20, 297, 1),
(235, 103, 9, NULL, 206, 'Sub-Saharan Africa feeds composition database', 'SSFA FEEDS', '206', 'BARINGO SUB', 'BARINGO VILLAGE', 42, 10, 25, 20, 30, 297, 1),
(236, 101, 8, NULL, 181, 'test(&#039;one&#039;)', 'india site', '181', 'test', 'tarnaka', 1, 9, 8, 10, 8, 325, 1),
(237, 105, 8, NULL, 181, 'ILRI', '', '181', '', '', 0, 9, 8, 10, 8, 329, 1),
(238, 107, 8, NULL, 181, 'Site_6541', 'Site desc', '181', 'Sub', 'Vill', 6, 9, 8, 10, 8, 333, 1),
(239, 110, 8, NULL, 181, 'Newly added private project - site!@\'\'\'', 'Newly added private project - site!@&#039;&#039;&#039;', '181', 'new', 'nwew', 1, 9, 8, 10, 8, 330, 1),
(240, 112, 8, NULL, 181, 'test 2605', 'test 2605', '181', 'test 2605', 'test 2605', 1, 9, 8, 10, 8, 1, 1),
(241, 113, 8, NULL, 181, 'testfeastlatest', 'testfeastlatest', '181', 'testfeastlatest', 'testfeastlatest', 6, 9, 8, 10, 8, 334, 1),
(242, 114, 8, NULL, 181, 'India_27051', 'test public', '181', 'Test_sub region', 'Vill', 6, 9, 8, 10, 8, 333, 1),
(243, 117, 7, NULL, 174, 'canada_site', '27051 test', '174', 'Sub_region', 'Vill', 1, 9, 8, 10, 8, 335, 1),
(244, 124, 9, NULL, 190, 'Buhoro', '', '190', '', 'Buhoro', 1, 9, 8, 10, 8, 306, 1),
(245, 125, 9, NULL, 209, 'MERIMITATRA', '', '209', 'COMMUNE ANDRANOMANELATRA', 'FOKONTANY TSARAMANDROSO GARA', 44, 9, 8, 10, 8, 328, 1),
(246, 126, 8, NULL, 181, 'site', 'hyd_1261', '181', 'sub', 'vill', 1, 9, 8, 10, 8, 338, 1),
(247, 127, 8, NULL, 181, 'site_ff', 'china_1261', '181', 'sub', 'vill', 1, 9, 8, 10, 8, 339, 1),
(248, 128, 9, NULL, 190, 'Buhoro', '', '190', '', 'Buhoro', 1, 9, 8, 10, 8, 326, 1),
(249, 129, 1, NULL, 1, 'test', 'test', '1', 'test', 'test', 1, 9, 8, 10, 8, 340, 1),
(250, 130, 8, NULL, 181, 'SiteHYD_2561', 'Nabard site project', '181', 'secbad', 'tarnaka', 6, 9, 8, 10, 8, 341, 1),
(251, 131, 1, NULL, 1, 'test2506', 'test2506', '1', 'test2506', 'test2506', 1, 9, 8, 10, 8, 343, 1),
(252, 132, 8, NULL, 181, 'Site_admin_2561_public', 'Test site', '181', 'Sub_region', 'Vill', 1, 9, 8, 10, 8, 342, 1),
(253, 133, 8, NULL, 181, 'Site_private', 'Desc private', '181', 'Sub', 'Vill', 6, 9, 8, 10, 8, 342, 1),
(254, 134, 8, NULL, 181, 'Site_private', 'Desc', '181', 'sub', 'Vill', 1, 9, 8, 10, 8, 341, 1),
(255, 136, 9, NULL, 206, 'OSENG TETI PRIMARY SCHOOL', 'OSENG TETI PRIMARY SCHOOL', '206', 'MUHORONI', 'CHEMELIL WARD,MUHORONI/KORU WARD,MIWANI WARD', 45, 9, 8, 10, 8, 1, 1),
(256, 137, 9, NULL, 206, 'OSENG TETI PRIMARY SCHOOL', 'OSENG TETI PRIMARY SCHOOL', '206', 'MUHORONI', 'CHEMELIL WARD,MUHORONI/KORU WARD,MIWANI WARD', 46, 9, 8, 10, 8, 346, 1),
(257, 128, 9, NULL, 190, 'Buhoro with 2 pax', '', '190', '', 'Buhoro', 1, 9, 8, 10, 8, 326, 1),
(258, 139, 9, NULL, 206, 'calculation', 'dashboard', '206', 'MUHORONI', 'CHEMELIL', 1, 9, 8, 10, 8, 347, 1),
(259, 140, 3, NULL, 48, 'Co Noi', '', '48', '', 'Type B', 0, 9, 8, 10, 8, 326, 1),
(260, 142, 9, NULL, 206, 'Dashboard_calc', 'calculation', '206', 'Muhoroni', 'chemeli', 1, 9, 8, 10, 8, 348, 1),
(261, 144, 8, NULL, 181, 'test', 'TESt', '181', 'test', 'test', 1, 9, 8, 10, 8, 361, 1),
(262, 145, 8, NULL, 181, 'test', 'test', '181', 'test', 'test', 1, 9, 8, 10, 8, 365, 1);

-- --------------------------------------------------------

--
-- Table structure for table `lkp_soil_type`
--

DROP TABLE IF EXISTS `lkp_soil_type`;
CREATE TABLE IF NOT EXISTS `lkp_soil_type` (
  `SOIL_TYPE_ID` int NOT NULL AUTO_INCREMENT,
  `SOIL_TYPE_CODE` varchar(10) CHARACTER SET utf8mb3 COLLATE utf8mb3_general_ci DEFAULT NULL,
  `SOIL_TYPE_DESC` varchar(25) CHARACTER SET utf8mb3 COLLATE utf8mb3_general_ci DEFAULT NULL,
  `SOIL_TYPE_STATUS` int DEFAULT '1',
  PRIMARY KEY (`SOIL_TYPE_ID`)
) ENGINE=InnoDB AUTO_INCREMENT=9 DEFAULT CHARSET=latin1;

--
-- Dumping data for table `lkp_soil_type`
--

INSERT INTO `lkp_soil_type` (`SOIL_TYPE_ID`, `SOIL_TYPE_CODE`, `SOIL_TYPE_DESC`, `SOIL_TYPE_STATUS`) VALUES
(1, 'ST-CL', 'CLAY LOAM', 1),
(2, 'ST_BL', 'BLACK', 1),
(3, 'ST_CA', 'CLAY', 1),
(4, 'ST_MX', 'MIXED SOIL', 1),
(5, 'ST_RD', 'RED', 1),
(6, 'ST_RL', 'RED LITERATE', 1),
(7, 'ST_SA', 'SANDY', 1),
(8, 'ST_SL', 'SANDY LOAM', 1);

-- --------------------------------------------------------

--
-- Table structure for table `lkp_spacing_code`
--

DROP TABLE IF EXISTS `lkp_spacing_code`;
CREATE TABLE IF NOT EXISTS `lkp_spacing_code` (
  `SPACE_CODE_ID` int NOT NULL AUTO_INCREMENT,
  `SPACE_CODE` varchar(5) DEFAULT NULL,
  `SPACE_NAME` varchar(40) DEFAULT NULL,
  `SPACE_CODE_STATUS` tinyint(1) DEFAULT '1',
  PRIMARY KEY (`SPACE_CODE_ID`)
) ENGINE=InnoDB AUTO_INCREMENT=17 DEFAULT CHARSET=latin1;

--
-- Dumping data for table `lkp_spacing_code`
--

INSERT INTO `lkp_spacing_code` (`SPACE_CODE_ID`, `SPACE_CODE`, `SPACE_NAME`, `SPACE_CODE_STATUS`) VALUES
(1, 'PR S1', 'PAIRED-ROW SPACING (2\'X4\')', 1),
(2, 'PR S2', 'PAIRED-ROW SPACING (2 1/2\'X4\')', 1),
(3, 'SM_01', 'NORMAL', 1),
(4, 'SM_02', '5 X 2.5 FEET PAIRED ROW', 1),
(5, 'SM_03', '4.0 FEET', 1),
(6, 'SM_04', '4.5 FEET', 1),
(7, 'SM_05', '5.0 FEET', 1),
(8, 'SM_06', '5.5 FEET', 1),
(9, 'SM_07', '6.0 FEET', 1),
(10, 'SM_08', '6.5 FEET', 1),
(11, 'SM_09', 'ABOVE 6.5 FEET', 1),
(12, 'SM_10', '4X2.5 FT (PAIRED ROW)', 1),
(13, 'W S1', 'WIDER SPACING 4\'', 1),
(14, 'W S2', 'WIDER SPACING 5\'', 1),
(15, 'W S3', 'WIDER SPACING', 1),
(16, 'W S4', 'WIDER SPACING 6\'', 1);

-- --------------------------------------------------------

--
-- Table structure for table `lkp_species`
--

DROP TABLE IF EXISTS `lkp_species`;
CREATE TABLE IF NOT EXISTS `lkp_species` (
  `id` int NOT NULL AUTO_INCREMENT,
  `name` text CHARACTER SET utf8mb3 COLLATE utf8mb3_general_ci,
  `user_id` int DEFAULT NULL,
  `status` tinyint(1) DEFAULT '1',
  PRIMARY KEY (`id`)
) ENGINE=InnoDB AUTO_INCREMENT=22 DEFAULT CHARSET=latin1;

--
-- Dumping data for table `lkp_species`
--

INSERT INTO `lkp_species` (`id`, `name`, `user_id`, `status`) VALUES
(1, 'Buffalo', NULL, 1),
(2, 'Camel', NULL, 1),
(3, 'Cattle', NULL, 1),
(4, 'Donkey', NULL, 1),
(5, 'Goat', NULL, 1),
(6, 'Horse', NULL, 1),
(7, 'Liama', NULL, 1),
(8, 'Pig', NULL, 1),
(9, 'Poultry', NULL, 1),
(10, 'Sheep', NULL, 1),
(11, 'test', 302, 0),
(12, 'FEAST SAMPLE SPECIES', 1, 0),
(13, 'cow_282251', 300, 0),
(14, 'test', 1, 0),
(15, 'species_010325', 1, 0),
(16, 'feast_species_010325', 304, 0),
(17, 'species_303251', 308, 0),
(18, 'SAMPLE SPECIES', 306, 0),
(19, 'TEST SPECIES', 306, 0),
(20, 'DAIRY CATTLE', 306, 0),
(21, 'SAMPLE SPECIES', 297, 0);

-- --------------------------------------------------------

--
-- Table structure for table `lkp_state`
--

DROP TABLE IF EXISTS `lkp_state`;
CREATE TABLE IF NOT EXISTS `lkp_state` (
  `state_id` int UNSIGNED NOT NULL AUTO_INCREMENT,
  `state_code` int DEFAULT NULL,
  `country_id` int UNSIGNED DEFAULT NULL,
  `state_name` varchar(100) CHARACTER SET utf8mb3 COLLATE utf8mb3_general_ci DEFAULT NULL,
  `state_type` int DEFAULT NULL COMMENT 'coastal=1, non coastal =2',
  `lat` varchar(50) DEFAULT NULL,
  `lng` varchar(50) DEFAULT NULL,
  `status` tinyint(1) DEFAULT '1',
  PRIMARY KEY (`state_id`),
  KEY `county_id` (`country_id`)
) ENGINE=InnoDB AUTO_INCREMENT=9 DEFAULT CHARSET=latin1;

--
-- Dumping data for table `lkp_state`
--

INSERT INTO `lkp_state` (`state_id`, `state_code`, `country_id`, `state_name`, `state_type`, `lat`, `lng`, `status`) VALUES
(1, NULL, 40, 'Taita Taveta', 1, NULL, NULL, 1),
(2, NULL, 40, 'Kilifi', 1, NULL, NULL, 1),
(3, NULL, 40, 'Kwale', 1, NULL, NULL, 1),
(4, NULL, 40, 'Embu', 2, NULL, NULL, 1),
(5, NULL, 40, 'T. Nithi', 2, NULL, NULL, 1),
(6, NULL, 40, 'Kitui ', 2, NULL, NULL, 1),
(7, NULL, 40, 'Makueni ', 2, NULL, NULL, 1),
(8, NULL, 40, 'Machakos', 2, NULL, NULL, 1);

-- --------------------------------------------------------

--
-- Table structure for table `lkp_tehsil`
--

DROP TABLE IF EXISTS `lkp_tehsil`;
CREATE TABLE IF NOT EXISTS `lkp_tehsil` (
  `tehsil_id` int NOT NULL AUTO_INCREMENT,
  `country_id` int DEFAULT NULL,
  `state_id` int DEFAULT NULL,
  `district_id` int DEFAULT NULL,
  `tehsil_name` varchar(100) DEFAULT NULL,
  `tehsil_code` varchar(20) DEFAULT NULL,
  `tehsil_status` tinyint(1) DEFAULT '1',
  PRIMARY KEY (`tehsil_id`)
) ENGINE=InnoDB AUTO_INCREMENT=689 DEFAULT CHARSET=latin1;

--
-- Dumping data for table `lkp_tehsil`
--

INSERT INTO `lkp_tehsil` (`tehsil_id`, `country_id`, `state_id`, `district_id`, `tehsil_name`, `tehsil_code`, `tehsil_status`) VALUES
(205, 1, 2, 31, 'Barara', '360', 1),
(206, 1, 2, 31, 'Ambala', '359', 1),
(207, 1, 2, 31, 'Naraingarh', '358', 1),
(208, 1, 2, 32, 'Bhiwani', '398', 1),
(209, 1, 2, 32, 'Siwani', '400', 1),
(210, 1, 2, 32, 'Loharu', '401', 1),
(211, 1, 2, 32, 'Bawani Khera', '397', 1),
(212, 1, 2, 32, 'Tosham', '399', 1),
(213, 1, 2, 33, 'Badhra', '403', 1),
(214, 1, 2, 33, 'Dadri', '402', 1),
(215, 1, 2, 34, 'Ballabgarh', '426', 1),
(216, 1, 2, 34, 'Faridabad', '425', 1),
(217, 1, 2, 35, 'Ratia', '386', 1),
(218, 1, 2, 35, 'Fatehabad', '388', 1),
(219, 1, 2, 35, 'Tohana', '387', 1),
(220, 1, 2, 36, 'Sohna', '420', 1),
(221, 1, 2, 36, 'Pataudi', '416', 1),
(222, 1, 2, 36, 'Manesar', '419', 1),
(223, 1, 2, 36, 'Farrukhnagar', '418', 1),
(224, 1, 2, 37, 'Hisar', '394', 1),
(225, 1, 2, 37, 'Hansi', '396', 1),
(226, 1, 2, 37, 'Adampur', '393', 1),
(227, 1, 2, 37, 'Narnaund', '395', 1),
(228, 1, 2, 38, 'Matenhail', '410', 1),
(229, 1, 2, 38, 'Bahadurgarh', '408', 1),
(230, 1, 2, 38, 'Jhajjar', '409', 1),
(231, 1, 2, 38, 'Beri', '407', 1),
(232, 1, 2, 39, 'Safidon', '385', 1),
(233, 1, 2, 39, 'Jind', '383', 1),
(234, 1, 2, 39, 'Narwana', '382', 1),
(235, 1, 2, 40, 'Kaithal', '368', 1),
(236, 1, 2, 40, 'Fatehpur Pundri', '369', 1),
(237, 1, 2, 40, 'Guhla', '367', 1),
(238, 1, 2, 41, 'Nilokheri', '370', 1),
(239, 1, 2, 41, 'Karnal', '372', 1),
(240, 1, 2, 41, 'Indri', '371', 1),
(241, 1, 2, 41, 'Gharaunda', '374', 1),
(242, 1, 2, 41, 'Assandh', '373', 1),
(243, 1, 2, 42, 'Thanesar', '366', 1),
(244, 1, 2, 42, 'Pehowa', '365', 1),
(245, 1, 2, 42, 'Shahbad', '364', 1),
(246, 1, 2, 43, 'Mahendragarh', '411', 1),
(247, 1, 2, 43, 'Narnaul', '412', 1),
(248, 1, 2, 44, 'Nuh', '422', 1),
(249, 1, 2, 44, 'Punahana', '424', 1),
(250, 1, 2, 44, 'Ferozepur Jhirka', '423', 1),
(251, 1, 2, 44, 'Taoru', '421', 1),
(252, 1, 2, 45, 'Palwal', '427', 1),
(253, 1, 2, 45, 'Hathin', '428', 1),
(254, 1, 2, 46, 'Kalka', '356', 1),
(255, 1, 2, 46, 'Panchkula', '357', 1),
(256, 1, 2, 47, 'Samalkha', '377', 1),
(257, 1, 2, 47, 'Panipat', '375', 1),
(258, 1, 2, 47, 'Israna', '376', 1),
(259, 1, 2, 48, 'Rewari', '414', 1),
(260, 1, 2, 48, 'Bawal', '415', 1),
(261, 1, 2, 48, 'Kosli', '413', 1),
(262, 1, 2, 49, 'Maham', '404', 1),
(263, 1, 2, 49, 'Rohtak', '405', 1),
(264, 1, 2, 49, 'Sampla', '406', 1),
(265, 1, 2, 50, 'Sirsa', '390', 1),
(266, 1, 2, 50, 'Ellenabad', '392', 1),
(267, 1, 2, 50, 'Rania', '391', 1),
(268, 1, 2, 50, 'Dabwali', '389', 1),
(269, 1, 2, 51, 'Ganaur', '379', 1),
(270, 1, 2, 51, 'Sonipat', '380', 1),
(271, 1, 2, 51, 'Gohana', '378', 1),
(272, 1, 2, 51, 'Kharkhoda', '381', 1),
(273, 1, 2, 52, 'Jagadhri', '361', 1),
(274, 1, 2, 52, 'Chhachhrauli', '363', 1),
(275, 1, 2, 52, 'Bilaspur', '362', 1),
(276, 1, 6, 53, 'Badami', '5446', 1),
(277, 1, 6, 53, 'Jamakhandi', '5443', 1),
(278, 1, 6, 53, 'Hungund', '5448', 1),
(279, 1, 6, 53, 'Bilagi', '5444', 1),
(280, 1, 6, 53, 'Bagalkot', '5447', 1),
(281, 1, 6, 53, 'Ilkal', '90534', 1),
(282, 1, 6, 53, 'Mudhol', '5445', 1),
(283, 1, 6, 53, 'Guledagudda', '90533', 1),
(284, 1, 6, 54, 'Nelamangala', '5601', 1),
(285, 1, 6, 54, 'Devanahalli', '5603', 1),
(286, 1, 6, 54, 'Hoskote', '5604', 1),
(287, 1, 6, 54, 'Doddaballapura', '5602', 1),
(288, 1, 6, 55, 'Yalandur', '5578', 1),
(289, 1, 6, 55, 'Gundlupet', '5576', 1),
(290, 1, 6, 55, 'Hanur', '90558', 1),
(291, 1, 6, 55, 'Chamarajanagar', '5577', 1),
(292, 1, 6, 55, 'Kollegala', '5579', 1),
(293, 1, 6, 56, 'Kadur', '5529', 1),
(294, 1, 6, 56, 'Sringeri', '5525', 1),
(295, 1, 6, 56, 'Narasimharajapura', '5527', 1),
(296, 1, 6, 56, 'Koppa', '5526', 1),
(297, 1, 6, 56, 'Tarikere', '5528', 1),
(298, 1, 6, 56, 'Chikmagalur', '5530', 1),
(299, 1, 6, 56, 'Mudigere', '5531', 1),
(300, 1, 6, 57, 'Gajendragad', '90541', 1),
(301, 1, 6, 57, 'Lakshmeshwara', '90542', 1),
(302, 1, 6, 57, 'Gadag', '5470', 1),
(303, 1, 6, 57, 'Mundargi', '5472', 1),
(304, 1, 6, 57, 'Ron', '5469', 1),
(305, 1, 6, 57, 'Nargund', '5468', 1),
(306, 1, 6, 57, 'Shirahatti', '5471', 1),
(307, 1, 6, 58, 'Ankola', '5484', 1),
(308, 1, 6, 58, 'Joida', '90543', 1),
(309, 1, 6, 58, 'Kumta', '5485', 1),
(310, 1, 6, 58, 'Haliyal', '5480', 1),
(311, 1, 6, 58, 'Karwar', '5478', 1),
(312, 1, 6, 58, 'Yellapur', '5481', 1),
(313, 1, 6, 58, 'Siddapur', '5486', 1),
(314, 1, 6, 58, 'Sirsi', '5483', 1),
(315, 1, 6, 58, 'Mundgod', '5482', 1),
(316, 1, 6, 58, 'Bhatkal', '5488', 1),
(317, 1, 6, 58, 'Honnavar', '5487', 1),
(318, 1, 7, 59, 'Tuljapur', '4241', 1),
(319, 1, 7, 59, 'Lohara', '4242', 1),
(320, 1, 7, 59, 'Kalamb', '4239', 1),
(321, 1, 7, 59, 'Paranda', '4236', 1),
(322, 1, 7, 59, 'Osmanabad', '4240', 1),
(323, 1, 7, 59, 'Umarga', '4243', 1),
(324, 1, 7, 59, 'Bhum', '4237', 1),
(325, 1, 7, 59, 'Washi', '4238', 1),
(326, 1, 1, 60, 'Shankargarh', '3241', 1),
(327, 1, 1, 60, 'Rajpur', '3250', 1),
(328, 1, 1, 60, 'Wadrafnagar', '3238', 1),
(329, 1, 1, 60, 'Samri(Kusmi)', '3240', 1),
(330, 1, 1, 60, 'Balrampur', '3237', 1),
(331, 1, 1, 60, 'Ramanujganj', '3236', 1),
(332, 1, 1, 61, 'Jagdalpur', '3360', 1),
(333, 1, 1, 61, 'Bastar', '3363', 1),
(334, 1, 1, 61, 'Lohandiguda', '3361', 1),
(335, 1, 1, 61, 'Darbha', '3366', 1),
(336, 1, 1, 61, 'Tokapal', '3365', 1),
(337, 1, 1, 61, 'Bakavand', '3364', 1),
(338, 1, 1, 61, 'Bastanar', '3362', 1),
(339, 1, 1, 62, 'Bhairamgarh', '3379', 1),
(340, 1, 1, 62, 'Bhopalpattnam', '3376', 1),
(341, 1, 1, 62, 'Usur', '3377', 1),
(342, 1, 1, 62, 'Bijapur', '3378', 1),
(343, 1, 1, 63, 'Masturi', '3296', 1),
(344, 1, 1, 63, 'Bilaspur', '3295', 1),
(345, 1, 1, 63, 'Kota', '3291', 1),
(346, 1, 1, 63, 'Bilha', '3297', 1),
(347, 1, 1, 63, 'Takhatpur', '3294', 1),
(348, 1, 1, 64, 'Pendra Road Gorella', '3287', 1),
(349, 1, 1, 64, 'Pendra', '3289', 1),
(350, 1, 1, 64, 'Marwahi', '3288', 1),
(351, 1, 1, 65, 'Manora', '3258', 1),
(352, 1, 1, 65, 'Farsabahar', '3261', 1),
(353, 1, 1, 65, 'Jashpur', '3257', 1),
(354, 1, 1, 65, 'Bagicha', '3255', 1),
(355, 1, 1, 65, 'Pathalgaon', '3262', 1),
(356, 1, 1, 65, 'Kansabel', '3256', 1),
(357, 1, 1, 65, 'Duldula', '3260', 1),
(358, 1, 1, 65, 'Kunkuri', '3259', 1),
(359, 1, 1, 66, 'Bodla', '3299', 1),
(360, 1, 1, 66, 'Sahaspur Lohara', '3300', 1),
(361, 1, 1, 66, 'Pandariya', '3301', 1),
(362, 1, 1, 66, 'Kawardha', '3298', 1),
(363, 1, 1, 67, 'Arang', '3330', 1),
(364, 1, 1, 67, 'Tilda', '3334', 1),
(365, 1, 1, 67, 'Raipur', '3332', 1),
(366, 1, 1, 67, 'Abhanpur', '3331', 1),
(367, 1, 3, 68, 'Nasirabad', '611', 1),
(368, 1, 3, 68, 'Roopangarh', '90445', 1),
(369, 1, 3, 68, 'Beawar', '609', 1),
(370, 1, 3, 68, 'Tatgarh', '90448', 1),
(371, 1, 3, 68, 'Bhinaay', '612', 1),
(372, 1, 3, 68, 'Arain', '90442', 1),
(373, 1, 3, 68, 'Masuda', '610', 1),
(374, 1, 3, 68, 'Sarwar', '613', 1),
(375, 1, 3, 68, 'Peesangan', '608', 1),
(376, 1, 3, 68, 'Kishangarh', '606', 1),
(377, 1, 3, 68, 'Bijaynagar', '90443', 1),
(378, 1, 3, 68, 'Tantoti', '90447', 1),
(379, 1, 3, 68, 'Ajmer', '607', 1),
(380, 1, 3, 68, 'Kekri', '614', 1),
(381, 1, 3, 68, 'Pushkar', '90444', 1),
(382, 1, 3, 68, 'Sawar', '90446', 1),
(383, 1, 3, 69, 'Raniwara', '591', 1),
(384, 1, 3, 69, 'Chitalwana', '90439', 1),
(385, 1, 3, 69, 'Ahore', '586', 1),
(386, 1, 3, 69, 'Jalor', '587', 1),
(387, 1, 3, 69, 'Jaswantpura', '90440', 1),
(388, 1, 3, 69, 'Sanchore', '590', 1),
(389, 1, 3, 69, 'Bagoda', '589', 1),
(390, 1, 3, 69, 'Bhinmal', '588', 1),
(391, 1, 3, 69, 'Sayla', '585', 1),
(392, 1, 3, 70, 'Digod', '666', 1),
(393, 1, 3, 70, 'Ramganj Mandi', '668', 1),
(394, 1, 3, 70, 'Pipalda', '665', 1),
(395, 1, 3, 70, 'Sangod', '669', 1),
(396, 1, 3, 70, 'Ladpura', '667', 1),
(397, 1, 3, 70, 'Kanwas', '90469', 1),
(398, 1, 3, 71, 'Chauth Ka Barwara', '530', 1),
(399, 1, 3, 71, 'Khandar', '532', 1),
(400, 1, 3, 71, 'Bonli', '529', 1),
(401, 1, 3, 71, 'Bamanwas', '527', 1),
(402, 1, 3, 71, 'Malana Dungar', '528', 1),
(403, 1, 3, 71, 'Sawai Madhopur', '531', 1),
(404, 1, 3, 71, 'Wazeerpur', '90413', 1),
(405, 1, 3, 71, 'Gangapur', '526', 1),
(406, 1, 1, 72, 'Shankargarh', '3241', 1),
(407, 1, 1, 72, 'Rajpur', '3250', 1),
(408, 1, 1, 72, 'Wadrafnagar', '3238', 1),
(409, 1, 1, 72, 'Samri(Kusmi)', '3240', 1),
(410, 1, 1, 72, 'Balrampur', '3237', 1),
(411, 1, 1, 72, 'Ramanujganj', '3236', 1),
(412, 1, 1, 73, 'Jagdalpur', '3360', 1),
(413, 1, 1, 73, 'Bastar', '3363', 1),
(414, 1, 1, 73, 'Lohandiguda', '3361', 1),
(415, 1, 1, 73, 'Darbha', '3366', 1),
(416, 1, 1, 73, 'Tokapal', '3365', 1),
(417, 1, 1, 73, 'Bakavand', '3364', 1),
(418, 1, 1, 73, 'Bastanar', '3362', 1),
(419, 1, 1, 74, 'Bhairamgarh', '3379', 1),
(420, 1, 1, 74, 'Bhopalpattnam', '3376', 1),
(421, 1, 1, 74, 'Usur', '3377', 1),
(422, 1, 1, 74, 'Bijapur', '3378', 1),
(423, 1, 1, 75, 'Masturi', '3296', 1),
(424, 1, 1, 75, 'Bilaspur', '3295', 1),
(425, 1, 1, 75, 'Kota', '3291', 1),
(426, 1, 1, 75, 'Bilha', '3297', 1),
(427, 1, 1, 75, 'Takhatpur', '3294', 1),
(428, 1, 1, 76, 'Pendra Road Gorella', '3287', 1),
(429, 1, 1, 76, 'Pendra', '3289', 1),
(430, 1, 1, 76, 'Marwahi', '3288', 1),
(431, 1, 1, 77, 'Manora', '3258', 1),
(432, 1, 1, 77, 'Farsabahar', '3261', 1),
(433, 1, 1, 77, 'Jashpur', '3257', 1),
(434, 1, 1, 77, 'Bagicha', '3255', 1),
(435, 1, 1, 77, 'Pathalgaon', '3262', 1),
(436, 1, 1, 77, 'Kansabel', '3256', 1),
(437, 1, 1, 77, 'Duldula', '3260', 1),
(438, 1, 1, 77, 'Kunkuri', '3259', 1),
(439, 1, 1, 78, 'Bodla', '3299', 1),
(440, 1, 1, 78, 'Sahaspur Lohara', '3300', 1),
(441, 1, 1, 78, 'Pandariya', '3301', 1),
(442, 1, 1, 78, 'Kawardha', '3298', 1),
(443, 1, 1, 79, 'Arang', '3330', 1),
(444, 1, 1, 79, 'Tilda', '3334', 1),
(445, 1, 1, 79, 'Raipur', '3332', 1),
(446, 1, 1, 79, 'Abhanpur', '3331', 1),
(447, 1, 3, 80, 'Tijara', '496', 1),
(448, 1, 3, 80, 'Kotkasim', '495', 1),
(449, 1, 3, 80, 'Thanagazi', '501', 1),
(450, 1, 3, 80, 'Govindgarh', '90406', 1),
(451, 1, 3, 80, 'Behror', '493', 1),
(452, 1, 3, 80, 'Kathumar', '504', 1),
(453, 1, 3, 80, 'Kishangarh Bas', '497', 1),
(454, 1, 3, 80, 'Malakhera', '90407', 1),
(455, 1, 3, 80, 'Laxmangarh', '503', 1),
(456, 1, 3, 80, 'Rajgarh', '502', 1),
(457, 1, 3, 80, 'Neemrana', '90408', 1),
(458, 1, 3, 80, 'Ramgarh', '498', 1),
(459, 1, 3, 80, 'Bansur', '500', 1),
(460, 1, 3, 80, 'Alwar', '499', 1),
(461, 1, 3, 80, 'Mandawar', '494', 1),
(462, 1, 3, 80, 'Reni', '90409', 1),
(463, 1, 3, 80, 'Narayanpur', '90770', 1),
(464, 1, 3, 81, 'Fuliyanwala', '90452', 1),
(465, 1, 3, 81, 'Bijoliyan', '638', 1),
(466, 1, 3, 81, 'Mandalgarh', '637', 1),
(467, 1, 3, 81, 'Kotri', '635', 1),
(468, 1, 3, 81, 'Kareda', '90454', 1),
(469, 1, 3, 81, 'Banera', '630', 1),
(470, 1, 3, 81, 'Mandal', '631', 1),
(471, 1, 3, 81, 'Asind', '627', 1),
(472, 1, 3, 81, 'Raipur', '632', 1),
(473, 1, 3, 81, 'Hurda', '628', 1),
(474, 1, 3, 81, 'Jahazpur', '636', 1),
(475, 1, 3, 81, 'Shahpura', '629', 1),
(476, 1, 3, 81, 'Sahara', '633', 1),
(477, 1, 3, 81, 'Bhilwara', '634', 1),
(478, 1, 3, 81, 'Badnora', '90451', 1),
(479, 1, 3, 81, 'Hamirgarh', '90453', 1),
(480, 1, 3, 82, 'Churu', '484', 1),
(481, 1, 3, 82, 'Sardarshahar', '483', 1),
(482, 1, 3, 82, 'Taranagar', '481', 1),
(483, 1, 3, 82, 'Sujangarh', '486', 1),
(484, 1, 3, 82, 'Ratangarh', '485', 1),
(485, 1, 3, 82, 'Sidhmukh', '90769', 1),
(486, 1, 3, 82, 'Bidasar', '90403', 1),
(487, 1, 3, 83, 'Lawan', '90414', 1),
(488, 1, 3, 83, 'Lalsot', '537', 1),
(489, 1, 3, 83, 'Dausa', '536', 1),
(490, 1, 3, 83, 'Sikrai', '535', 1),
(491, 1, 3, 83, 'Nangal Rajawtan', '90415', 1),
(492, 1, 3, 83, 'Baswa', '533', 1),
(493, 1, 3, 83, 'Rahuwas', '90771', 1),
(494, 1, 3, 83, 'Mahwa', '534', 1),
(495, 1, 3, 83, 'Ramgarh Panchwara', '90416', 1),
(496, 1, 3, 84, 'Jhalrapatan', '679', 1),
(497, 1, 3, 84, 'Manohar Thana', '681', 1),
(498, 1, 3, 84, 'Bakani', '90749', 1),
(499, 1, 3, 84, 'Khanpur', '678', 1),
(500, 1, 3, 84, 'Pachpahad', '682', 1),
(501, 1, 3, 84, 'Pirawa', '683', 1),
(502, 1, 3, 84, 'Asnavar', '90470', 1),
(503, 1, 3, 84, 'Gangdhar', '684', 1),
(504, 1, 3, 84, 'Aklera', '680', 1),
(505, 1, 3, 84, 'Dug', '90750', 1),
(506, 1, 3, 84, 'Sunel', '90751', 1),
(507, 1, 3, 85, 'Garhbor', '90455', 1),
(508, 1, 3, 85, 'Bhim', '639', 1),
(509, 1, 3, 85, 'Kumbhalgarh', '642', 1),
(510, 1, 3, 85, 'Nathdwara', '645', 1),
(511, 1, 3, 85, 'Khamnor', '90456', 1),
(512, 1, 3, 85, 'Railmagra', '644', 1),
(513, 1, 3, 85, 'Amet', '641', 1),
(514, 1, 3, 85, 'Kunwariya', '90747', 1),
(515, 1, 3, 85, 'Rajsamand', '643', 1),
(516, 1, 3, 85, 'Deogarh', '640', 1),
(517, 1, 3, 85, 'Delvada', '90773', 1),
(518, 1, 3, 86, 'Anupgarh', '462', 1),
(519, 1, 3, 86, 'Gharsana', '463', 1),
(520, 1, 3, 86, 'Padampur', '460', 1),
(521, 1, 3, 86, 'Rawla', '90584', 1),
(522, 1, 3, 86, 'Raisinghnagar', '461', 1),
(523, 1, 3, 86, 'Vijainagar', '464', 1),
(524, 1, 3, 86, 'Sadulshahar', '459', 1),
(525, 1, 3, 86, 'Suratgarh', '465', 1),
(526, 1, 3, 86, 'Sri Ganganagar', '458', 1),
(527, 1, 3, 86, 'Karanpur', '457', 1),
(528, 1, 8, 87, 'Jharbandha', '1', 1),
(529, 1, 8, 87, 'Paikamal', '2', 1),
(530, 1, 8, 87, 'Padampur (Rajbarasambar)', '3', 1),
(531, 1, 8, 87, 'Gaisilet', '4', 1),
(532, 1, 8, 87, 'Bijepur', '5', 1),
(533, 1, 8, 87, 'Sohela', '6', 1),
(534, 1, 8, 87, 'Bhatli', '7', 1),
(535, 1, 8, 87, 'Ambabhona', '8', 1),
(536, 1, 8, 87, 'Attabira', '9', 1),
(537, 1, 8, 87, 'Bargarh', '10', 1),
(538, 1, 8, 87, 'Barapali', '11', 1),
(539, 1, 8, 87, 'Bheden', '12', 1),
(540, 1, 8, 88, 'Dhamanagar', '100', 1),
(541, 1, 8, 88, 'Basudebpur', '104', 1),
(542, 1, 8, 88, 'Bhandaripokhari', '99', 1),
(543, 1, 8, 88, 'Chandabali', '103', 1),
(544, 1, 8, 88, 'Tihidi', '102', 1),
(545, 1, 8, 88, 'Bant', '98', 1),
(546, 1, 8, 88, 'Bhadrak', '101', 1),
(547, 1, 8, 89, 'Reamal', '29', 1),
(548, 1, 8, 89, 'Barkot', '28', 1),
(549, 1, 8, 89, 'Tileibani', '27', 1),
(550, 1, 8, 90, 'R. Udaygiri', '214', 1),
(551, 1, 8, 90, 'Nuagada', '215', 1),
(552, 1, 8, 90, 'Rayagada', '219', 1),
(553, 1, 8, 90, 'Guma', '216', 1),
(554, 1, 8, 90, 'Gosani (Parlakhemundi )', '218', 1),
(555, 1, 8, 90, 'Mohana', '213', 1),
(556, 1, 8, 90, 'Kashinagara', '217', 1),
(557, 1, 8, 91, 'Tirtol', '119', 1),
(558, 1, 8, 91, 'Raghunathpur', '115', 1),
(559, 1, 8, 91, 'Jagatsinghapur (P)', '116', 1),
(560, 1, 8, 91, 'Ersama', '121', 1),
(561, 1, 8, 91, 'Balikuda', '118', 1),
(562, 1, 8, 91, 'Kujang', '120', 1),
(563, 1, 8, 91, 'Naugaon', '117', 1),
(564, 1, 8, 91, 'Biridi', '114', 1),
(565, 1, 8, 92, 'Binjharpur', '144', 1),
(566, 1, 8, 92, 'Bari', '143', 1),
(567, 1, 8, 92, 'Jajapur', '139', 1),
(568, 1, 8, 92, 'Dharmasala', '141', 1),
(569, 1, 8, 92, 'Korai', '138', 1),
(570, 1, 8, 92, 'Sukinda', '136', 1),
(571, 1, 8, 92, 'Dasarathpur', '145', 1),
(572, 1, 8, 92, 'Rasulpur', '140', 1),
(573, 1, 8, 92, 'Danagadi', '137', 1),
(574, 1, 8, 92, 'Badachana', '142', 1),
(575, 1, 8, 93, 'Rajnagar', '106', 1),
(576, 1, 8, 93, 'Derabisi', '110', 1),
(577, 1, 8, 93, 'Rajkanika', '105', 1),
(578, 1, 8, 93, 'Aali', '107', 1),
(579, 1, 8, 93, 'Marsaghai', '112', 1),
(580, 1, 8, 93, 'Garadpur', '111', 1),
(581, 1, 8, 93, 'Pattamundai', '108', 1),
(582, 1, 8, 93, 'Mahakalapada', '113', 1),
(583, 1, 8, 93, 'Kendrapara', '109', 1),
(584, 1, 8, 94, 'Rairangpur', '63', 1),
(585, 1, 8, 94, 'Baripada', '81', 1),
(586, 1, 8, 94, 'Betanati', '83', 1),
(587, 1, 8, 94, 'Suliapada', '80', 1),
(588, 1, 8, 94, 'Shamakhunta', '76', 1),
(589, 1, 8, 94, 'Udala', '73', 1),
(590, 1, 8, 94, 'Saraskana', '78', 1),
(591, 1, 8, 94, 'Kaptipada', '72', 1),
(592, 1, 8, 94, 'Thakurmunda', '71', 1),
(593, 1, 8, 94, 'Bangiriposi', '77', 1),
(594, 1, 8, 94, 'Karanjia', '70', 1),
(595, 1, 8, 94, 'Gopabandhunagar', '74', 1),
(596, 1, 8, 94, 'Sukruli', '69', 1),
(597, 1, 8, 94, 'Muruda', '85', 1),
(598, 1, 8, 94, 'Raruan', '68', 1),
(599, 1, 8, 94, 'Bisoi', '66', 1),
(600, 1, 8, 94, 'Jashipur', '67', 1),
(601, 1, 8, 94, 'Bijatola', '64', 1),
(602, 1, 8, 94, 'Badasahi (Barsahi)', '82', 1),
(603, 1, 8, 94, 'Kusumi', '65', 1),
(604, 1, 8, 94, 'Bahalda', '61', 1),
(605, 1, 8, 94, 'Rasagobindapur', '84', 1),
(606, 1, 8, 94, 'Jamda', '62', 1),
(607, 1, 8, 94, 'Khunta', '75', 1),
(608, 1, 8, 94, 'Tiring', '60', 1),
(609, 1, 8, 94, 'Kuliana (Koliana)', '79', 1),
(610, 1, 8, 95, 'Umarkote', '285', 1),
(611, 1, 8, 95, 'Jharigan', '287', 1),
(612, 1, 8, 95, 'Nandahandi', '292', 1),
(613, 1, 8, 95, 'Nabarangapur', '291', 1),
(614, 1, 8, 95, 'Tentulikhunti', '293', 1),
(615, 1, 8, 95, 'Raighar', '284', 1),
(616, 1, 8, 95, 'Kosagumuda', '290', 1),
(617, 1, 8, 95, 'Chandahandi', '286', 1),
(618, 1, 8, 95, 'Paparahandi', '289', 1),
(619, 1, 8, 95, 'Dabugan', '288', 1),
(620, 1, 7, 96, 'Murtijapur', '3992', 1),
(621, 1, 7, 96, 'Akola', '3991', 1),
(622, 1, 7, 96, 'Telhara', '3988', 1),
(623, 1, 7, 96, 'Barshitakli', '3994', 1),
(624, 1, 7, 96, 'Patur', '3993', 1),
(625, 1, 7, 96, 'Akot', '3989', 1),
(626, 1, 7, 96, 'Balapur', '3990', 1),
(627, 1, 7, 97, 'Tumsar(04037)', '4037', 1),
(628, 1, 7, 97, 'Lakhani(04041)', '4041', 1),
(629, 1, 7, 97, 'Pauni(04042)', '4042', 1),
(630, 1, 7, 97, 'Bhandara(04039)', '4039', 1),
(631, 1, 7, 97, 'Sakoli(04040)', '4040', 1),
(632, 1, 7, 97, 'Lakhandur(04043)', '4043', 1),
(633, 1, 7, 97, 'Mohadi(04038)', '4038', 1),
(634, 1, 7, 98, 'Sindkhede(03957)', '3957', 1),
(635, 1, 7, 98, 'Dhule(03959)', '3959', 1),
(636, 1, 7, 98, 'Shirpur(03956)', '3956', 1),
(637, 1, 7, 98, 'Sakri(03958)', '3958', 1),
(638, 1, 7, 99, 'Aundha (Nagnath)(04113)', '4113', 1),
(639, 1, 7, 99, 'Sengaon(04111)', '4111', 1),
(640, 1, 7, 99, 'Basmath(04115)', '4115', 1),
(641, 1, 7, 99, 'Kalamnuri(04114)', '4114', 1),
(642, 1, 7, 99, 'Hingoli(04112)', '4112', 1),
(643, 1, 7, 100, 'Vada(04162)', '4162', 1),
(644, 1, 7, 100, 'Vikramgad(04159)', '4159', 1),
(645, 1, 7, 100, 'Dahanu(04158)', '4158', 1),
(646, 1, 7, 100, 'Talasari(04157)', '4157', 1),
(647, 1, 7, 100, 'Palghar(04163)', '4163', 1),
(648, 1, 7, 100, 'Vasai(04164)', '4164', 1),
(649, 1, 7, 100, 'Mokhada(04161)', '4161', 1),
(650, 1, 7, 100, 'Jawhar(04160)', '4160', 1),
(651, 1, 7, 101, 'Haveli(04193)', '4193', 1),
(652, 1, 7, 101, 'Khed(04190)', '4190', 1),
(653, 1, 7, 101, 'Ambegaon(04188)', '4188', 1),
(654, 1, 7, 101, 'Daund(04195)', '4195', 1),
(655, 1, 7, 101, 'Purandhar(04196)', '4196', 1),
(656, 1, 7, 101, 'Mawal(04191)', '4191', 1),
(657, 1, 7, 101, 'Shirur(04189)', '4189', 1),
(658, 1, 7, 101, 'Indapur(04200)', '4200', 1),
(659, 1, 7, 101, 'Junnar(04187)', '4187', 1),
(660, 1, 7, 101, 'Velhe(04197)', '4197', 1),
(661, 1, 7, 101, 'Baramati(04199)', '4199', 1),
(662, 1, 7, 101, 'Mulshi(04192)', '4192', 1),
(663, 1, 7, 101, 'Bhor(04198)', '4198', 1),
(664, 1, 7, 101, 'Pune City(04194)', '4194', 1),
(665, 1, 7, 102, 'Soegaon(04134)', '4134', 1),
(666, 1, 7, 102, 'Aurangabad(04137)', '4137', 1),
(667, 1, 7, 102, 'Sillod(04135)', '4135', 1),
(668, 1, 7, 102, 'Khuldabad(04138)', '4138', 1),
(669, 1, 7, 102, 'Vaijapur(04139)', '4139', 1),
(670, 1, 7, 102, 'Kannad(04133)', '4133', 1),
(671, 1, 7, 102, 'Gangapur(04140)', '4140', 1),
(672, 1, 7, 102, 'Paithan(04141)', '4141', 1),
(673, 1, 7, 102, 'Phulambri(04136)', '4136', 1),
(674, 1, 7, 103, 'Poladpur(04186)', '4186', 1),
(675, 1, 7, 103, 'Roha(04179)', '4179', 1),
(676, 1, 7, 103, 'Alibag(04177)', '4177', 1),
(677, 1, 7, 103, 'Mhasla(04184)', '4184', 1),
(678, 1, 7, 103, 'Khalapur(04175)', '4175', 1),
(679, 1, 7, 103, 'Panvel(04173)', '4173', 1),
(680, 1, 7, 103, 'Sudhagad(04180)', '4180', 1),
(681, 1, 7, 103, 'Uran(04172)', '4172', 1),
(682, 1, 7, 103, 'Karjat(04174)', '4174', 1),
(683, 1, 7, 103, 'Mangaon(04181)', '4181', 1),
(684, 1, 7, 103, 'Mahad(04185)', '4185', 1),
(685, 1, 7, 103, 'Murud(04178)', '4178', 1),
(686, 1, 7, 103, 'Tala(04182)', '4182', 1),
(687, 1, 7, 103, 'Pen(04176)', '4176', 1),
(688, 1, 7, 103, 'Shrivardhan(04183)', '4183', 1);

-- --------------------------------------------------------

--
-- Table structure for table `lkp_title`
--

DROP TABLE IF EXISTS `lkp_title`;
CREATE TABLE IF NOT EXISTS `lkp_title` (
  `title_id` int NOT NULL AUTO_INCREMENT,
  `title_name` varchar(40) CHARACTER SET utf8mb3 COLLATE utf8mb3_general_ci DEFAULT NULL,
  `title_status` tinyint(1) DEFAULT '1',
  PRIMARY KEY (`title_id`)
) ENGINE=InnoDB AUTO_INCREMENT=6 DEFAULT CHARSET=latin1;

--
-- Dumping data for table `lkp_title`
--

INSERT INTO `lkp_title` (`title_id`, `title_name`, `title_status`) VALUES
(1, 'Mr', 1),
(2, 'Mrs', 1),
(3, 'Ms', 0),
(4, 'Prof', 0),
(5, 'Dr', 0);

-- --------------------------------------------------------

--
-- Table structure for table `lkp_unit`
--

DROP TABLE IF EXISTS `lkp_unit`;
CREATE TABLE IF NOT EXISTS `lkp_unit` (
  `UNIT_ID` int NOT NULL AUTO_INCREMENT,
  `UNIT_NAME` varchar(40) DEFAULT NULL,
  `image` varchar(100) CHARACTER SET utf8mb3 COLLATE utf8mb3_general_ci DEFAULT 'default.png',
  `phone` varchar(100) CHARACTER SET utf8mb3 COLLATE utf8mb3_general_ci DEFAULT NULL,
  `address` text CHARACTER SET utf8mb3 COLLATE utf8mb3_general_ci,
  `poc_name` text CHARACTER SET utf8mb3 COLLATE utf8mb3_general_ci,
  `poc_email` varchar(255) CHARACTER SET utf8mb3 COLLATE utf8mb3_general_ci DEFAULT NULL,
  `poc_phone` varchar(100) CHARACTER SET utf8mb3 COLLATE utf8mb3_general_ci DEFAULT NULL,
  `added_by` int UNSIGNED DEFAULT NULL,
  `added_datetime` datetime DEFAULT NULL,
  `ip_address` varchar(100) CHARACTER SET utf8mb3 COLLATE utf8mb3_general_ci DEFAULT NULL,
  `UNIT_STATUS` tinyint(1) DEFAULT '1',
  PRIMARY KEY (`UNIT_ID`)
) ENGINE=InnoDB AUTO_INCREMENT=2026 DEFAULT CHARSET=latin1;

--
-- Dumping data for table `lkp_unit`
--

INSERT INTO `lkp_unit` (`UNIT_ID`, `UNIT_NAME`, `image`, `phone`, `address`, `poc_name`, `poc_email`, `poc_phone`, `added_by`, `added_datetime`, `ip_address`, `UNIT_STATUS`) VALUES
(1000, 'Bajaj Allianz', 'default.png', NULL, NULL, NULL, NULL, NULL, NULL, NULL, NULL, 1),
(2000, 'HDFC ERGO', 'default.png', NULL, NULL, NULL, NULL, NULL, NULL, NULL, NULL, 1),
(2001, 'sample', 'default.png', '123123123api', 'sampleapi', 'api', 'api@in.in', '111111', 1, '2021-08-24 19:34:18', '49.37.153.75', 1),
(2002, 'Test Client', 'default.png', '9876543210', 'Hyderabad', 'Test POC', 'test@poc.in', '9876543210', 1, '2021-08-25 12:09:47', '49.37.153.75', 1),
(2003, 'Test Client2', 'default.png', '989898', 'Hyderbad', 'POC Test', 'poc@test.in', '989898', 1, '2021-08-25 12:11:40', '49.37.153.75', 1),
(2004, 'Tested name', 'default.png', '909099999999', 'Hyderabad, Telangana, India', 'Test long poc name', 'testpoc@longtest.in', '909099999999', 1, '2021-08-25 12:17:46', '49.37.153.75', 1),
(2005, 'Test', 'default.png', '9090', 'Hyderabad', 'test', 'test@in.in', '9090', 1, '2021-08-25 12:19:03', '49.37.153.75', 1),
(2006, 'New Test', 'default.png', '999999999', 'Hyderabad', 'New POC', 'new@poc.in', '9999999999', 1, '2021-08-26 12:26:32', '49.37.153.75', 1),
(2007, 'Test logo', '6127973b2d56d.png', '990909990', 'Hyderabad', 'test', 'logo@in.in', '90909', 1, '2021-08-26 13:29:31', '49.37.153.75', 1),
(2008, 'Test logo1', '612797a146c56.png', '9909099901', 'Hyderabad1', 'test1', 'logo@in.in1', '190909', 1, '2021-08-26 13:31:13', '49.37.153.75', 1),
(2009, '8', '612c7c1423f82.jpg', '8', '&amp;', '&amp;*', '7@t.6', '7j', 1, '2021-08-30 06:35:00', '27.6.50.186', 1),
(2010, '@', '612c7c9fd9071.jpg', '@', '$d 24 r43 @#$@#$', '##', '#@e.4', '@', 1, '2021-08-30 06:37:19', '27.6.50.186', 1),
(2011, 'subex2', '612c8ab22f3d4.jpg', 'subex', 'subex', 'subex', 'subex@r.v', 'subex', 1, '2021-08-30 07:37:22', '27.6.50.186', 1),
(2012, 'subex', '612c8acc18e6a.jpg', 's', 's', 's', 's@3.f', 's', 1, '2021-08-30 07:37:48', '27.6.50.186', 1),
(2013, 'subex', '612c8add647ee.jpg', 's', 's', 's', 's@g.com', 'd', 1, '2021-08-30 07:38:05', '27.6.50.186', 1),
(2014, 'subex', '612c8afcc32aa.jpg', 'subex', 'subex', 'subex', 'subex@subex.subex', 'subex', 1, '2021-08-30 07:38:36', '27.6.50.186', 1),
(2015, 'subex', '612c8b0e6154c.jpg', 'subex', 'subex', 'subex', 'subex@subex.subex', 'subex', 1, '2021-08-30 07:38:54', '27.6.50.186', 1),
(2016, 'Test_HDFC', '612c91173c9b0.png', '9696969696', 'Hyderabad', 'Test_Hdfc', 'Test_Hdfc@gmail.com', '9696969696', 1, '2021-08-30 08:04:39', '139.5.250.248', 1),
(2017, 'Test_HDFC', '612c9117b1c88.png', '9696969696', 'Hyderabad', 'Test_Hdfc', 'Test_Hdfc@gmail.com', '9696969696', 1, '2021-08-30 08:04:39', '139.5.250.248', 1),
(2018, 'Test_Bajaj', '612ca4dfc036a.png', '8686868686', 'Hyd', 'Test', 'Test@Bajaj.com', '8686868686', 1, '2021-08-30 09:29:03', '139.5.250.248', 1),
(2019, 'r', '612cdb1d316d1.jpg', 'r', 'r', 'r', 'r@1.k', 'r', 1, '2021-08-30 13:20:29', '27.6.50.186', 1),
(2020, 'subex', '612cdcfa6d3e9.png', 'subex', 'subex', 'subex', 'subex@subex.subex', 'subex', 1, '2021-08-30 13:28:26', '27.6.50.186', 1),
(2021, 'subex', '612cdd1a21a1f.png', 'subex', 'subex', 'subex', 'subex@subex.subex', 'subex', 1, '2021-08-30 13:28:58', '27.6.50.186', 1),
(2022, 'Ram', '612cde5ac7473.png', 'Ram', 'Ram', 'Ram', 'Ram@Ram.Ram', 'Ram', 1, '2021-08-30 13:34:18', '27.6.50.186', 1),
(2023, 'Ram', '612cdf26e31c4.jpg', 'Ram', 'Ram', 'Ram', 'Ram@Ram.Ram', 'Ram', 1, '2021-08-30 13:37:42', '27.6.50.186', 1),
(2024, 'HDCLT', '6130781a79d6e.png', '7878787878', 'Hyd', 'Test', 'Test@gmail.com', '8989898989', 1, '2021-09-02 07:07:06', '139.5.250.248', 1),
(2025, 'Tc_H', '6131bd17cd103.jpg', '4534353455', 'sdmajasdhn', 'ddjaddiugs', 'Tc_H@gmail.com', '4545454545', 1, '2021-09-03 06:13:43', '139.5.250.248', 1);

-- --------------------------------------------------------

--
-- Table structure for table `lkp_units`
--

DROP TABLE IF EXISTS `lkp_units`;
CREATE TABLE IF NOT EXISTS `lkp_units` (
  `unit_id` int UNSIGNED NOT NULL AUTO_INCREMENT,
  `unit_name` varchar(100) CHARACTER SET utf8mb3 COLLATE utf8mb3_general_ci DEFAULT NULL,
  `unit_description` text CHARACTER SET utf8mb3 COLLATE utf8mb3_general_ci,
  `unit_type` text CHARACTER SET utf8mb3 COLLATE utf8mb3_general_ci,
  `equivalent` text CHARACTER SET utf8mb3 COLLATE utf8mb3_general_ci,
  `standard_local` text CHARACTER SET utf8mb3 COLLATE utf8mb3_general_ci,
  `user_id` int DEFAULT NULL,
  `status` tinyint(1) DEFAULT '1',
  PRIMARY KEY (`unit_id`)
) ENGINE=InnoDB AUTO_INCREMENT=27 DEFAULT CHARSET=latin1;

--
-- Dumping data for table `lkp_units`
--

INSERT INTO `lkp_units` (`unit_id`, `unit_name`, `unit_description`, `unit_type`, `equivalent`, `standard_local`, `user_id`, `status`) VALUES
(1, 'Hectare (ha)', 'Hectare (ha)', 'area', '1', NULL, NULL, 1),
(2, 'Acre (ac)', 'Acre (ac)', 'area', '0.404686', NULL, NULL, 1),
(3, 'test', NULL, 'area', NULL, NULL, 278, 0),
(4, 'jjj', NULL, 'area', NULL, NULL, 278, 0),
(5, 'Kilogram', 'Kilogram', 'weight', NULL, NULL, NULL, 1),
(6, 'test', 'test', 'test', NULL, NULL, NULL, 0),
(7, 'Hectare (ha)', 'Area', 'Area', NULL, NULL, 297, 0),
(8, 'unit_test', 'test', 'area', NULL, NULL, 291, 0),
(9, 'New unit adding', 'd', 'area', NULL, NULL, 1, 0),
(10, 'SQUARE METER', 'Sqmt', 'area', NULL, NULL, 1, 0),
(11, 'cmtrs', '282251', 'area', NULL, NULL, 300, 0),
(12, 'meters', 'desc', 'weight', NULL, NULL, 304, 0),
(13, 'random', 'area', 'area', NULL, NULL, 304, 0),
(14, 'dummy', 'test', 'weight', NULL, NULL, 304, 0),
(15, 'area_010325_prod', 'test', 'area', NULL, NULL, 1, 0),
(16, 'weight_010325_prod', 'desc', 'weight', NULL, NULL, 1, 0),
(17, 'feast_area_010325', 'feast unit area', 'area', NULL, NULL, 304, 0),
(18, 'feast_weight_010325', 'unit_weight', 'weight', NULL, NULL, 304, 0),
(19, 'area_303251', 'area_203251', 'area', NULL, NULL, 308, 0),
(20, 'weight_303251', 'weight_203251', 'weight', NULL, NULL, 308, 0),
(21, 'sample ', 'sample', 'area', NULL, NULL, 306, 0),
(22, 'test', '4', 'weight', NULL, NULL, 1, 0),
(23, 'smpl', '4fd', 'area', NULL, NULL, 1, 0),
(24, 'Square meter', 'Sqmt', 'area', '10', 'Local', 297, 0),
(25, 'MILLIGRAM', 'MG', 'weight', '20', 'Standard', 297, 0),
(26, 'Are', '', 'area', '0.01', 'Standard', 328, 1);

-- --------------------------------------------------------

--
-- Table structure for table `lkp_variety`
--

DROP TABLE IF EXISTS `lkp_variety`;
CREATE TABLE IF NOT EXISTS `lkp_variety` (
  `VARIETY_ID` int NOT NULL AUTO_INCREMENT,
  `VARIETY` varchar(20) CHARACTER SET utf8mb3 COLLATE utf8mb3_general_ci DEFAULT NULL,
  `VARTYPE` varchar(3) CHARACTER SET utf8mb3 COLLATE utf8mb3_general_ci DEFAULT NULL,
  `VARDESC` varchar(40) CHARACTER SET utf8mb3 COLLATE utf8mb3_general_ci DEFAULT NULL,
  `VARIETY_STATUS` tinyint(1) DEFAULT '1',
  PRIMARY KEY (`VARIETY_ID`)
) ENGINE=InnoDB AUTO_INCREMENT=76 DEFAULT CHARSET=latin1;

--
-- Dumping data for table `lkp_variety`
--

INSERT INTO `lkp_variety` (`VARIETY_ID`, `VARIETY`, `VARTYPE`, `VARDESC`, `VARIETY_STATUS`) VALUES
(1, '2000-12', 'EV', 'EARLY VARIETY', 1),
(2, '2000V160', 'EV', 'MID LATE VARIETY', 1),
(3, '2003T121', 'EV', 'EARLY VARIETY', 1),
(4, '2003V46', 'EV', 'EARLY VARIETY', 1),
(5, '2005T16', 'EV', 'EARLY VARIETY', 1),
(6, '2006T18', 'MLV', 'MID LATE VARIETY', 1),
(7, '2009T5', 'EV', 'EARLY VARIETY', 1),
(8, '200A225', 'MLV', 'MID LATE VARIETY', 1),
(9, '81A99', 'EV', 'EARLY VARIETY', 1),
(10, '81V48', 'MLV', 'MID LATE VARIETY', 1),
(11, '83A30', 'MSV', 'MEDIUM SUGAR VARIETY', 1),
(12, '83V15', 'MLV', 'MID LATE VARIETY', 1),
(13, '83V288', 'MLV', 'MID LATE VARIETY', 1),
(14, '85R186', 'MLV', 'MID LATE VARIETY', 1),
(15, '86A146', 'MLV', 'MID LATE VARIETY', 1),
(16, '86V96', 'EV', 'EARLY VARIETY', 1),
(17, '87A249', 'MLV', 'MID LATE VARIETY', 1),
(18, '87A297', 'EV', 'EARLY VARIETY', 1),
(19, '87A298', 'EV', 'MID LATE VARIETY', 1),
(20, '90A272', 'EV', 'EARLY VARIETY', 1),
(21, '91V83', 'MLV', 'MID LATE VARIETY', 1),
(22, '92A123', 'EV', 'EARLY VARIETY', 1),
(23, '92V104', 'MLV', 'MID LATE VARIETY', 1),
(24, '93A134', 'MLV', 'MID LATE VARIETY', 1),
(25, '93A145', 'MLV', 'MID LATE VARIETY', 1),
(26, '93V297', 'HSV', 'HIGH SUGAR VARIETY', 1),
(27, '97R139', 'MLV', 'MID LATE VARIETY', 1),
(28, '97R272', 'MLV', 'MID LATE VARIETY', 1),
(29, '97R383', 'MLV', 'MID LATE VARIETY', 1),
(30, '97R62', 'MLV', 'MID LATE VARIETY', 1),
(31, '99004', 'MLV', 'MID LATE VARIETY', 1),
(32, '99A53', 'EV', 'EARLY VARIETY', 1),
(33, '99V30', 'EV', 'MID LATE VARIETY', 1),
(34, 'CO 11015', 'EV', 'EARLY VARIETY', 1),
(35, 'CO 238', 'EV', 'EARLY VARIETY', 1),
(36, 'CO 7527', 'MLV', 'MID LATE VARIETY', 1),
(37, 'CO 7704', 'EV', 'EARLY VARIETY', 1),
(38, 'CO 8208', 'MLV', 'MID LATE VARIETY', 1),
(39, 'CO 85036', 'MLV', 'MID LATE VARIETY', 1),
(40, 'CO 86032', 'EV', 'EARLY VARIETY', 1),
(41, 'CO 87040', 'MLV', 'MID LATE VARIETY', 1),
(42, 'CO 89085', 'EV', 'EARLY VARIETY', 1),
(43, 'CO 91002', 'MLV', 'MID LATE VARIETY', 1),
(44, 'CO 92005', 'EV', 'EARLY VARIETY', 1),
(45, 'CO 95076', 'MLV', 'MID LATE VARIETY', 1),
(46, 'CO212', 'EV', 'EARLY VARIETY', 1),
(47, 'CO419', 'EV', 'EARLY VARIETY', 1),
(48, 'CO6022', 'EV', 'EARLY VARIETY', 1),
(49, 'CO6030', 'EV', 'EARLY VARIETY', 1),
(50, 'CO62175', 'MLV', 'MID LATE VARIETY', 1),
(51, 'CO6907', 'EV', 'EARLY VARIETY', 1),
(52, 'CO7219', 'MLV', 'MID LATE VARIETY', 1),
(53, 'CO7805', 'MLV', 'MID LATE VARIETY', 1),
(54, 'CO8014', 'HSV', 'HIGH SUGAR VARIETY', 1),
(55, 'CO8021', 'MLV', 'MID LATE VARIETY', 1),
(56, 'CO82A36', 'MLV', 'MID LATE VARIETY', 1),
(57, 'CO85061', 'MLV', 'MID LATE VARIETY', 1),
(58, 'CO85A261', 'EV', 'EARLY VARIETY', 1),
(59, 'CO86032', 'HSV', 'HIGH SUGAR VARIETY', 1),
(60, 'CO90063', 'EV', 'EARLY VARIETY', 1),
(61, 'CO92061', 'EV', 'EARLY VARIETY', 1),
(62, 'CO92063', 'MLV', 'MID LATE VARIETY', 1),
(63, 'COC(S)22', 'MLV', 'MID LATE VARIETY', 1),
(64, 'COC671', 'HSV', 'HIGH SUGAR VARIETY', 1),
(65, 'COS95071', 'MLV', 'MID LATE VARIETY', 1),
(66, 'COSI94050', 'MLV', 'MID LATE VARIETY', 1),
(67, 'COT8201', 'MLV', 'MID LATE VARIETY', 1),
(68, 'COVSI434', 'MLV', 'MID LATE VARIETY', 1),
(69, 'MC 707', 'MLV', 'MID LATE VARIETY', 1),
(70, 'MIXED', 'HSV', 'HIGH SUGAR VARIETY', 1),
(71, 'OTHERS', 'OV', 'OTHER VARIETY', 1),
(72, 'PI 11100', 'EV', 'EARLY VARIETY', 1),
(73, 'S16', 'EV', 'MID LATE VARIETY', 1),
(74, 'VCF-517', 'EV', 'EARLY VARIETY', 1),
(75, 'VSI08005', 'MLV', 'MID LATE VARIETY', 1);

-- --------------------------------------------------------

--
-- Table structure for table `lkp_vehicle_type`
--

DROP TABLE IF EXISTS `lkp_vehicle_type`;
CREATE TABLE IF NOT EXISTS `lkp_vehicle_type` (
  `Vehicle_Type_Id` int NOT NULL AUTO_INCREMENT,
  `Vehicle_Type_Code` varchar(5) CHARACTER SET utf8mb3 COLLATE utf8mb3_general_ci DEFAULT NULL,
  `Vehicle_Type_Name` varchar(40) CHARACTER SET utf8mb3 COLLATE utf8mb3_general_ci DEFAULT NULL,
  `Vehicle_Type_Status` tinyint(1) DEFAULT '1',
  PRIMARY KEY (`Vehicle_Type_Id`)
) ENGINE=InnoDB AUTO_INCREMENT=7 DEFAULT CHARSET=latin1;

--
-- Dumping data for table `lkp_vehicle_type`
--

INSERT INTO `lkp_vehicle_type` (`Vehicle_Type_Id`, `Vehicle_Type_Code`, `Vehicle_Type_Name`, `Vehicle_Type_Status`) VALUES
(1, 'MACCT', 'CART', 1),
(2, 'MALOY', 'LORRY', 1),
(3, 'MAMTR', 'MINI TRACTOR', 1),
(4, 'MATAR', 'LORRY TARUS', 1),
(5, 'MATIP', 'TIPPER', 1),
(6, 'MATTR', 'TRACTOR', 1);

-- --------------------------------------------------------

--
-- Table structure for table `lkp_village`
--

DROP TABLE IF EXISTS `lkp_village`;
CREATE TABLE IF NOT EXISTS `lkp_village` (
  `village_id` int NOT NULL AUTO_INCREMENT,
  `country_id` int DEFAULT NULL,
  `state_id` int DEFAULT NULL,
  `district_id` int DEFAULT NULL,
  `block_id` int DEFAULT NULL,
  `village_name` varchar(100) CHARACTER SET utf8mb3 COLLATE utf8mb3_general_ci DEFAULT NULL,
  `village_status` tinyint(1) DEFAULT '1',
  PRIMARY KEY (`village_id`)
) ENGINE=InnoDB AUTO_INCREMENT=1746 DEFAULT CHARSET=latin1;

--
-- Dumping data for table `lkp_village`
--

INSERT INTO `lkp_village` (`village_id`, `country_id`, `state_id`, `district_id`, `block_id`, `village_name`, `village_status`) VALUES
(1, 1, 8, 1, 1, 'Alekhpur', 1),
(2, 1, 8, 1, 1, 'Amphali', 1),
(3, 1, 8, 1, 1, 'Arjunjhari', 1),
(4, 1, 8, 1, 1, 'Arkeikela', 1),
(5, 1, 8, 1, 1, 'Babunuagaon', 1),
(6, 1, 8, 1, 1, 'Bada Turamara', 1),
(7, 1, 8, 1, 1, 'Badbaurkela', 1),
(8, 1, 8, 1, 1, 'Badbhaludunguri', 1),
(9, 1, 8, 1, 1, 'Badgaon', 1),
(10, 1, 8, 1, 1, 'Badgogua', 1),
(11, 1, 8, 1, 1, 'Badpada', 1),
(12, 1, 8, 1, 1, 'Badposh', 1),
(13, 1, 8, 1, 1, 'Baghapali', 1),
(14, 1, 8, 1, 1, 'Baidpali', 1),
(15, 1, 8, 1, 1, 'Banaigarh', 1),
(16, 1, 8, 1, 1, 'Bandodihi', 1),
(17, 1, 8, 1, 1, 'Baneshwarpur', 1),
(18, 1, 8, 1, 1, 'Banjikusum', 1),
(19, 1, 8, 1, 1, 'Barabeda', 1),
(20, 1, 8, 1, 1, 'Baraguda', 1),
(21, 1, 8, 1, 1, 'Barghat', 1),
(22, 1, 8, 1, 1, 'Barhamusa', 1),
(23, 1, 8, 1, 1, 'Bartengada', 1),
(24, 1, 8, 1, 1, 'Beldihi', 1),
(25, 1, 8, 1, 1, 'Bijadihi', 1),
(26, 1, 8, 1, 1, 'Boneikela', 1),
(27, 1, 8, 1, 1, 'Brahmanidarh', 1),
(28, 1, 8, 1, 1, 'Brahmaninadi', 1),
(29, 1, 8, 1, 1, 'Brahmannali', 1),
(30, 1, 8, 1, 1, 'Chandiposh', 1),
(31, 1, 8, 1, 1, 'Dahichor', 1),
(32, 1, 8, 1, 1, 'Dandabahal', 1),
(33, 1, 8, 1, 1, 'Dantaguthani', 1),
(34, 1, 8, 1, 1, 'Dareikala', 1),
(35, 1, 8, 1, 1, 'Deogaon', 1),
(36, 1, 8, 1, 1, 'Deoposh', 1),
(37, 1, 8, 1, 1, 'Dhanijam', 1),
(38, 1, 8, 1, 1, 'Dharanidharpali', 1),
(39, 1, 8, 1, 1, 'Dhatikiposh', 1),
(40, 1, 8, 1, 1, 'Dhudi', 1),
(41, 1, 8, 1, 1, 'Gadapali', 1),
(42, 1, 8, 1, 1, 'Gamhadihi', 1),
(43, 1, 8, 1, 1, 'Gilly', 1),
(44, 1, 8, 1, 1, 'Gopinathpur', 1),
(45, 1, 8, 1, 1, 'Govindpur', 1),
(46, 1, 8, 1, 1, 'Gudhiali', 1),
(47, 1, 8, 1, 1, 'Gurundupali', 1),
(48, 1, 8, 1, 1, 'Haldikudar', 1),
(49, 1, 8, 1, 1, 'Hatkinali', 1),
(50, 1, 8, 1, 1, 'Indrapur', 1),
(51, 1, 8, 1, 1, 'Jakeikela', 1),
(52, 1, 8, 1, 1, 'Jambhiriposh', 1),
(53, 1, 8, 1, 1, 'Jamkei', 1),
(54, 1, 8, 1, 1, 'Jangla', 1),
(55, 1, 8, 1, 1, 'Jhaliaberna', 1),
(56, 1, 8, 1, 1, 'Jharbeda', 1),
(57, 1, 8, 1, 1, 'Jharmunda', 1),
(58, 1, 8, 1, 1, 'Jibika', 1),
(59, 1, 8, 1, 1, 'Kadambapur', 1),
(60, 1, 8, 1, 1, 'Kantabahal', 1),
(61, 1, 8, 1, 1, 'Kantakudar', 1),
(62, 1, 8, 1, 1, 'Kantasara', 1),
(63, 1, 8, 1, 1, 'Kanturupali', 1),
(64, 1, 8, 1, 1, 'Katuridhua', 1),
(65, 1, 8, 1, 1, 'Kelo', 1),
(66, 1, 8, 1, 1, 'Kenaveta', 1),
(67, 1, 8, 1, 1, 'Kendrikala', 1),
(68, 1, 8, 1, 1, 'Khajurinali', 1),
(69, 1, 8, 1, 1, 'Khamarsatkuta', 1),
(70, 1, 8, 1, 1, 'Khandamuni', 1),
(71, 1, 8, 1, 1, 'Khandapat', 1),
(72, 1, 8, 1, 1, 'Kudhei Nuadihi', 1),
(73, 1, 8, 1, 1, 'Kurdapali', 1),
(74, 1, 8, 1, 1, 'Laxminarayanpur', 1),
(75, 1, 8, 1, 1, 'Machurinali', 1),
(76, 1, 8, 1, 1, 'Mankadchuan', 1),
(77, 1, 8, 1, 1, 'Mukulapani', 1),
(78, 1, 8, 1, 1, 'Mushaposh', 1),
(79, 1, 8, 1, 1, 'Naiksatkuta', 1),
(80, 1, 8, 1, 1, 'Nalaghati', 1),
(81, 1, 8, 1, 1, 'Narasinghpur', 1),
(82, 1, 8, 1, 1, 'Narendra', 1),
(83, 1, 8, 1, 1, 'Nuapali', 1),
(84, 1, 8, 1, 1, 'Pandrisila', 1),
(85, 1, 8, 1, 1, 'Pandua', 1),
(86, 1, 8, 1, 1, 'Patrapali', 1),
(87, 1, 8, 1, 1, 'Phalsaghat', 1),
(88, 1, 8, 1, 1, 'Podagotha', 1),
(89, 1, 8, 1, 1, 'Purunapani', 1),
(90, 1, 8, 1, 1, 'Rajabasa', 1),
(91, 1, 8, 1, 1, 'Raniamarabatipur', 1),
(92, 1, 8, 1, 1, 'Rautani', 1),
(93, 1, 8, 1, 1, 'Rayatsatkuta', 1),
(94, 1, 8, 1, 1, 'Ruguda', 1),
(95, 1, 8, 1, 1, 'Sabra', 1),
(96, 1, 8, 1, 1, 'Sadhubahal', 1),
(97, 1, 8, 1, 1, 'Saleibahal', 1),
(98, 1, 8, 1, 1, 'Salgramposh', 1),
(99, 1, 8, 1, 1, 'Sana Turamara', 1),
(100, 1, 8, 1, 1, 'Sanbaurkela', 1),
(101, 1, 8, 1, 1, 'Sanbhaludunguri', 1),
(102, 1, 8, 1, 1, 'Sandahichore', 1),
(103, 1, 8, 1, 1, 'Sangagua', 1),
(104, 1, 8, 1, 1, 'Sangopinathpur', 1),
(105, 1, 8, 1, 1, 'Sanjharmunda', 1),
(106, 1, 8, 1, 1, 'Sanjibika', 1),
(107, 1, 8, 1, 1, 'Sankantabahal', 1),
(108, 1, 8, 1, 1, 'Sankaturidhua', 1),
(109, 1, 8, 1, 1, 'Sanmusaposh', 1),
(110, 1, 8, 1, 1, 'Sansibnathpur', 1),
(111, 1, 8, 1, 1, 'Sauntipali', 1),
(112, 1, 8, 1, 1, 'Sendhpur', 1),
(113, 1, 8, 1, 1, 'Sialikudar', 1),
(114, 1, 8, 1, 1, 'Sibnathpur', 1),
(115, 1, 8, 1, 1, 'Sishudihi', 1),
(116, 1, 8, 1, 1, 'Syamsundarpur', 1),
(117, 1, 8, 1, 1, 'Talita', 1),
(118, 1, 8, 1, 1, 'Tendra', 1),
(119, 1, 8, 1, 1, 'Tikraposh', 1),
(120, 1, 8, 1, 1, 'Turipada', 1),
(121, 1, 8, 1, 1, 'Uparbahal', 1),
(122, 1, 8, 1, 1, 'Uparpada', 1),
(123, 1, 8, 1, 1, 'Upurda', 1),
(124, 1, 8, 1, 2, 'Aludega', 1),
(125, 1, 8, 1, 2, 'Badkhaman', 1),
(126, 1, 8, 1, 2, 'Badulpani', 1),
(127, 1, 8, 1, 2, 'Baibai', 1),
(128, 1, 8, 1, 2, 'Baliposh', 1),
(129, 1, 8, 1, 2, 'Bamdera', 1),
(130, 1, 8, 1, 2, 'Bankibahal', 1),
(131, 1, 8, 1, 2, 'Bansikar', 1),
(132, 1, 8, 1, 2, 'Barangakachar', 1),
(133, 1, 8, 1, 2, 'Bargaon', 1),
(134, 1, 8, 1, 2, 'Barpali', 1),
(135, 1, 8, 1, 2, 'Bausen', 1),
(136, 1, 8, 1, 2, 'Beheramal', 1),
(137, 1, 8, 1, 2, 'Bheluabahal', 1),
(138, 1, 8, 1, 2, 'Bhikampur', 1),
(139, 1, 8, 1, 2, 'Bhoipali', 1),
(140, 1, 8, 1, 2, 'Birsu', 1),
(141, 1, 8, 1, 2, 'Budna', 1),
(142, 1, 8, 1, 2, 'Chabiri', 1),
(143, 1, 8, 1, 2, 'Chamunda', 1),
(144, 1, 8, 1, 2, 'Charpali', 1),
(145, 1, 8, 1, 2, 'Dandjamira', 1),
(146, 1, 8, 1, 2, 'Ekma', 1),
(147, 1, 8, 1, 2, 'Fulbari', 1),
(148, 1, 8, 1, 2, 'Gangajal', 1),
(149, 1, 8, 1, 2, 'Gargadbahal', 1),
(150, 1, 8, 1, 2, 'Gariamal', 1),
(151, 1, 8, 1, 2, 'Geleibahal', 1),
(152, 1, 8, 1, 2, 'Gobindpur', 1),
(153, 1, 8, 1, 2, 'Itma', 1),
(154, 1, 8, 1, 2, 'Jajpur', 1),
(155, 1, 8, 1, 2, 'Jamurla', 1),
(156, 1, 8, 1, 2, 'Jangli', 1),
(157, 1, 8, 1, 2, 'Jhantalbud', 1),
(158, 1, 8, 1, 2, 'Jharangloi', 1),
(159, 1, 8, 1, 2, 'Jharmunda', 1),
(160, 1, 8, 1, 2, 'Kadopada', 1),
(161, 1, 8, 1, 2, 'Kantiamura', 1),
(162, 1, 8, 1, 2, 'Kharikamunda', 1),
(163, 1, 8, 1, 2, 'Khuntmunda', 1),
(164, 1, 8, 1, 2, 'Khurapali', 1),
(165, 1, 8, 1, 2, 'Kinjirkela', 1),
(166, 1, 8, 1, 2, 'Kulgaon', 1),
(167, 1, 8, 1, 2, 'Kumbahal', 1),
(168, 1, 8, 1, 2, 'Kuraibaga', 1),
(169, 1, 8, 1, 2, 'Kustuna', 1),
(170, 1, 8, 1, 2, 'Kusumdega', 1),
(171, 1, 8, 1, 2, 'Lakraghara', 1),
(172, 1, 8, 1, 2, 'Latagaon', 1),
(173, 1, 8, 1, 2, 'Mahupada', 1),
(174, 1, 8, 1, 2, 'Manchamara', 1),
(175, 1, 8, 1, 2, 'Manoharpur', 1),
(176, 1, 8, 1, 2, 'Mundagaon', 1),
(177, 1, 8, 1, 2, 'Nakti', 1),
(178, 1, 8, 1, 2, 'Padampur', 1),
(179, 1, 8, 1, 2, 'Pamra', 1),
(180, 1, 8, 1, 2, 'Panderpali', 1),
(181, 1, 8, 1, 2, 'Patuabeda', 1),
(182, 1, 8, 1, 2, 'Petfod', 1),
(183, 1, 8, 1, 2, 'Raidihi', 1),
(184, 1, 8, 1, 2, 'Rengalmal', 1),
(185, 1, 8, 1, 2, 'Rungaon', 1),
(186, 1, 8, 1, 2, 'Sahajbahal', 1),
(187, 1, 8, 1, 2, 'Salbira', 1),
(188, 1, 8, 1, 2, 'Salepali', 1),
(189, 1, 8, 1, 2, 'Sankraposh', 1),
(190, 1, 8, 1, 2, 'Siamal', 1),
(191, 1, 8, 1, 2, 'Singarmunda', 1),
(192, 1, 8, 1, 2, 'Talimunda', 1),
(193, 1, 8, 1, 2, 'Tikilipada', 1),
(194, 1, 8, 1, 2, 'Timna', 1),
(195, 1, 8, 1, 2, 'Tudalaga', 1),
(196, 1, 8, 1, 2, 'Turiposh', 1),
(197, 1, 8, 1, 2, 'Udarama', 1),
(198, 1, 8, 1, 3, 'Abankela', 1),
(199, 1, 8, 1, 3, 'Badabahal', 1),
(200, 1, 8, 1, 3, 'Bamandiadihi', 1),
(201, 1, 8, 1, 3, 'Bhalugad', 1),
(202, 1, 8, 1, 3, 'Bhasma', 1),
(203, 1, 8, 1, 3, 'Bilaigarh', 1),
(204, 1, 8, 1, 3, 'Daldali', 1),
(205, 1, 8, 1, 3, 'Dambahal', 1),
(206, 1, 8, 1, 3, 'Darlipali', 1),
(207, 1, 8, 1, 3, 'Deuli', 1),
(208, 1, 8, 1, 3, 'Dhauraadha', 1),
(209, 1, 8, 1, 3, 'Dumerkud', 1),
(210, 1, 8, 1, 3, 'Ergapita', 1),
(211, 1, 8, 1, 3, 'Gaijore', 1),
(212, 1, 8, 1, 3, 'Ghantbud', 1),
(213, 1, 8, 1, 3, 'Gultha', 1),
(214, 1, 8, 1, 3, 'Jamtalia', 1),
(215, 1, 8, 1, 3, 'Jamunadhipa', 1),
(216, 1, 8, 1, 3, 'Jharakani', 1),
(217, 1, 8, 1, 3, 'Jhimermahul', 1),
(218, 1, 8, 1, 3, 'Jogimal', 1),
(219, 1, 8, 1, 3, 'Kabanga', 1),
(220, 1, 8, 1, 3, 'Kadalimunda', 1),
(221, 1, 8, 1, 3, 'Kainsara', 1),
(222, 1, 8, 1, 3, 'Kaintara', 1),
(223, 1, 8, 1, 3, 'Khamarbahal', 1),
(224, 1, 8, 1, 3, 'Khapurikhanda', 1),
(225, 1, 8, 1, 3, 'Kinjirma', 1),
(226, 1, 8, 1, 3, 'Kiripsira', 1),
(227, 1, 8, 1, 3, 'Kudabaga', 1),
(228, 1, 8, 1, 3, 'Kundukala', 1),
(229, 1, 8, 1, 3, 'Kurla', 1),
(230, 1, 8, 1, 3, 'Lakrakani', 1),
(231, 1, 8, 1, 3, 'Mangaspur', 1),
(232, 1, 8, 1, 3, 'Masanikani', 1),
(233, 1, 8, 1, 3, 'Mundagaon', 1),
(234, 1, 8, 1, 3, 'Nadisuguda', 1),
(235, 1, 8, 1, 3, 'Nialipali', 1),
(236, 1, 8, 1, 3, 'Nuadihi', 1),
(237, 1, 8, 1, 3, 'Pandermal', 1),
(238, 1, 8, 1, 3, 'Podabahal', 1),
(239, 1, 8, 1, 3, 'Raibaga', 1),
(240, 1, 8, 1, 3, 'Remenda', 1),
(241, 1, 8, 1, 3, 'Renda', 1),
(242, 1, 8, 1, 3, 'Rengalbud', 1),
(243, 1, 8, 1, 3, 'Sahajbahal', 1),
(244, 1, 8, 1, 3, 'Saradhapali', 1),
(245, 1, 8, 1, 3, 'Suruda', 1),
(246, 1, 8, 1, 3, 'Telipali', 1),
(247, 1, 8, 1, 3, 'Titheitangar', 1),
(248, 1, 8, 1, 4, 'Andhari', 1),
(249, 1, 8, 1, 4, 'Baghiajor', 1),
(250, 1, 8, 1, 4, 'Baniguni', 1),
(251, 1, 8, 1, 4, 'Banki', 1),
(252, 1, 8, 1, 4, 'Bartaghutu', 1),
(253, 1, 8, 1, 4, 'Besarapada', 1),
(254, 1, 8, 1, 4, 'Bhadarpur', 1),
(255, 1, 8, 1, 4, 'Bijabahal', 1),
(256, 1, 8, 1, 4, 'Bijubandh', 1),
(257, 1, 8, 1, 4, 'Chadrihariharpur', 1),
(258, 1, 8, 1, 4, 'Chainpur', 1),
(259, 1, 8, 1, 4, 'Chandiposh', 1),
(260, 1, 8, 1, 4, 'Dhanginacha', 1),
(261, 1, 8, 1, 4, 'Dumangadiri', 1),
(262, 1, 8, 1, 4, 'Dumerjor', 1),
(263, 1, 8, 1, 4, 'Dumukisihiria', 1),
(264, 1, 8, 1, 4, 'Ghaghari', 1),
(265, 1, 8, 1, 4, 'Gobira', 1),
(266, 1, 8, 1, 4, 'Harpali', 1),
(267, 1, 8, 1, 4, 'Jagadispur', 1),
(268, 1, 8, 1, 4, 'Jamunanaki', 1),
(269, 1, 8, 1, 4, 'Jharbeda', 1),
(270, 1, 8, 1, 4, 'Jhitikiara', 1),
(271, 1, 8, 1, 4, 'Jolongbira', 1),
(272, 1, 8, 1, 4, 'Kacharu', 1),
(273, 1, 8, 1, 4, 'Kalosihiria', 1),
(274, 1, 8, 1, 4, 'Kandagadha', 1),
(275, 1, 8, 1, 4, 'Karichapal', 1),
(276, 1, 8, 1, 4, 'Karlabudi', 1),
(277, 1, 8, 1, 4, 'Karmabahal', 1),
(278, 1, 8, 1, 4, 'Kheraposh', 1),
(279, 1, 8, 1, 4, 'Khukundibahal', 1),
(280, 1, 8, 1, 4, 'Kuanrmunda', 1),
(281, 1, 8, 1, 4, 'Kudabeda', 1),
(282, 1, 8, 1, 4, 'Kuinergadha', 1),
(283, 1, 8, 1, 4, 'Kumjharia', 1),
(284, 1, 8, 1, 4, 'Lalbiringa', 1),
(285, 1, 8, 1, 4, 'Lanjiberna', 1),
(286, 1, 8, 1, 4, 'Lase', 1),
(287, 1, 8, 1, 4, 'Lodasara', 1),
(288, 1, 8, 1, 4, 'Luchabahal', 1),
(289, 1, 8, 1, 4, 'Mandaria', 1),
(290, 1, 8, 1, 4, 'Padampur', 1),
(291, 1, 8, 1, 4, 'Pasara', 1),
(292, 1, 8, 1, 4, 'Patuabahal', 1),
(293, 1, 8, 1, 4, 'Puturikhaman', 1),
(294, 1, 8, 1, 4, 'Raichhapal', 1),
(295, 1, 8, 1, 4, 'Rampur', 1),
(296, 1, 8, 1, 4, 'Telipali', 1),
(297, 1, 8, 1, 4, 'Titheitangar', 1),
(298, 1, 8, 1, 5, 'Ajeikela', 1),
(299, 1, 8, 1, 5, 'Arla', 1),
(300, 1, 8, 1, 5, 'Bad Kulaguja', 1),
(301, 1, 8, 1, 5, 'Badabamua', 1),
(302, 1, 8, 1, 5, 'Badjojada', 1),
(303, 1, 8, 1, 5, 'Badramloi', 1),
(304, 1, 8, 1, 5, 'Bagdega', 1),
(305, 1, 8, 1, 5, 'Bairabahal', 1),
(306, 1, 8, 1, 5, 'Bangurkela', 1),
(307, 1, 8, 1, 5, 'Banki', 1),
(308, 1, 8, 1, 5, 'Bankutola', 1),
(309, 1, 8, 1, 5, 'Baribeda', 1),
(310, 1, 8, 1, 5, 'Barilepta', 1),
(311, 1, 8, 1, 5, 'Barsuan', 1),
(312, 1, 8, 1, 5, 'Baunskona', 1),
(313, 1, 8, 1, 5, 'Bhalulata', 1),
(314, 1, 8, 1, 5, 'Bhumijtola', 1),
(315, 1, 8, 1, 5, 'Bhurtabahal', 1),
(316, 1, 8, 1, 5, 'Bijadihi', 1),
(317, 1, 8, 1, 5, 'Biringajhar', 1),
(318, 1, 8, 1, 5, 'Birkera', 1),
(319, 1, 8, 1, 5, 'Bisipur', 1),
(320, 1, 8, 1, 5, 'Bisirule', 1),
(321, 1, 8, 1, 5, 'Bisra', 1),
(322, 1, 8, 1, 5, 'Budeljore', 1),
(323, 1, 8, 1, 5, 'Budhikuni', 1),
(324, 1, 8, 1, 5, 'Chata', 1),
(325, 1, 8, 1, 5, 'Chengjharan', 1),
(326, 1, 8, 1, 5, 'Chikitia', 1),
(327, 1, 8, 1, 5, 'Chirebeda', 1),
(328, 1, 8, 1, 5, 'Chitapedi', 1),
(329, 1, 8, 1, 5, 'Chitikidiri', 1),
(330, 1, 8, 1, 5, 'Chutia', 1),
(331, 1, 8, 1, 5, 'Dhatkidihi', 1),
(332, 1, 8, 1, 5, 'Dhodhari', 1),
(333, 1, 8, 1, 5, 'Dolangsara', 1),
(334, 1, 8, 1, 5, 'Doreikela', 1),
(335, 1, 8, 1, 5, 'Dudurta', 1),
(336, 1, 8, 1, 5, 'Gadabudu', 1),
(337, 1, 8, 1, 5, 'Gainjore', 1),
(338, 1, 8, 1, 5, 'Garda', 1),
(339, 1, 8, 1, 5, 'Gosaguda', 1),
(340, 1, 8, 1, 5, 'Gudguda', 1),
(341, 1, 8, 1, 5, 'Gudgudjore', 1),
(342, 1, 8, 1, 5, 'Hariharpur', 1),
(343, 1, 8, 1, 5, 'Jamberna', 1),
(344, 1, 8, 1, 5, 'Jammal', 1),
(345, 1, 8, 1, 5, 'Jaraikela', 1),
(346, 1, 8, 1, 5, 'Jatatoli', 1),
(347, 1, 8, 1, 5, 'Jharbeda', 1),
(348, 1, 8, 1, 5, 'Jhariatoli', 1),
(349, 1, 8, 1, 5, 'Jodabandha', 1),
(350, 1, 8, 1, 5, 'Kadalibahal', 1),
(351, 1, 8, 1, 5, 'Kadalika', 1),
(352, 1, 8, 1, 5, 'Kaliaposh', 1),
(353, 1, 8, 1, 5, 'Kapatmunda', 1),
(354, 1, 8, 1, 5, 'Karkatta', 1),
(355, 1, 8, 1, 5, 'Katepur', 1),
(356, 1, 8, 1, 5, 'Kemang', 1),
(357, 1, 8, 1, 5, 'Khairkera', 1),
(358, 1, 8, 1, 5, 'Khairtola', 1),
(359, 1, 8, 1, 5, 'Khanditatoli', 1),
(360, 1, 8, 1, 5, 'Khatangkudar', 1),
(361, 1, 8, 1, 5, 'Khatangtoli', 1),
(362, 1, 8, 1, 5, 'Khuntgaon', 1),
(363, 1, 8, 1, 5, 'Koilsuta', 1),
(364, 1, 8, 1, 5, 'Kokerama', 1),
(365, 1, 8, 1, 5, 'Kopranda', 1),
(366, 1, 8, 1, 5, 'Kopsinga', 1),
(367, 1, 8, 1, 5, 'Kudahudang', 1),
(368, 1, 8, 1, 5, 'Kulenbahal', 1),
(369, 1, 8, 1, 5, 'Kundaposh', 1),
(370, 1, 8, 1, 5, 'Lahanda', 1),
(371, 1, 8, 1, 5, 'Lankoe', 1),
(372, 1, 8, 1, 5, 'Lendra', 1),
(373, 1, 8, 1, 5, 'Lindidiri', 1),
(374, 1, 8, 1, 5, 'Luaram', 1),
(375, 1, 8, 1, 5, 'Madhupur', 1),
(376, 1, 8, 1, 5, 'Mahiberna', 1),
(377, 1, 8, 1, 5, 'Mahipani', 1),
(378, 1, 8, 1, 5, 'Mandap', 1),
(379, 1, 8, 1, 5, 'Manko', 1),
(380, 1, 8, 1, 5, 'Masurikudar', 1),
(381, 1, 8, 1, 5, 'Mitikundri', 1),
(382, 1, 8, 1, 5, 'Muchikucha', 1),
(383, 1, 8, 1, 5, 'Paniasal', 1),
(384, 1, 8, 1, 5, 'Patrapali', 1),
(385, 1, 8, 1, 5, 'Phuljhar', 1),
(386, 1, 8, 1, 5, 'Pital', 1),
(387, 1, 8, 1, 5, 'Purunabisra', 1),
(388, 1, 8, 1, 5, 'Ratakhandi', 1),
(389, 1, 8, 1, 5, 'Relaposh', 1),
(390, 1, 8, 1, 5, 'Sanbambua', 1),
(391, 1, 8, 1, 5, 'Sanbiringajhar', 1),
(392, 1, 8, 1, 5, 'Sanjojada', 1),
(393, 1, 8, 1, 5, 'Sankulaguja', 1),
(394, 1, 8, 1, 5, 'Sanpokhari', 1),
(395, 1, 8, 1, 5, 'Sanramloi', 1),
(396, 1, 8, 1, 5, 'Santoshpur', 1),
(397, 1, 8, 1, 5, 'Sanuparbahal', 1),
(398, 1, 8, 1, 5, 'Sarubahal', 1),
(399, 1, 8, 1, 5, 'Semirta', 1),
(400, 1, 8, 1, 5, 'Sukuda', 1),
(401, 1, 8, 1, 5, 'Suruda', 1),
(402, 1, 8, 1, 5, 'Talbahal', 1),
(403, 1, 8, 1, 5, 'Tangarpali', 1),
(404, 1, 8, 1, 5, 'Teterkela', 1),
(405, 1, 8, 1, 5, 'Theteiposh', 1),
(406, 1, 8, 1, 5, 'Tulasikani', 1),
(407, 1, 8, 1, 5, 'Udusu', 1),
(408, 1, 8, 1, 5, 'Urmei', 1),
(409, 1, 8, 1, 6, 'Barahabas', 1),
(410, 1, 8, 1, 6, 'Bartoli', 1),
(411, 1, 8, 1, 6, 'Bondamunda', 1),
(412, 1, 8, 1, 6, 'Dadposh', 1),
(413, 1, 8, 1, 6, 'Dumermunda', 1),
(414, 1, 8, 1, 6, 'Dumerta', 1),
(415, 1, 8, 1, 6, 'Jabaghat', 1),
(416, 1, 8, 1, 6, 'Jamsara', 1),
(417, 1, 8, 1, 6, 'Kudarbahal', 1),
(418, 1, 8, 1, 6, 'Kukuda', 1),
(419, 1, 8, 1, 6, 'Panposh', 1),
(420, 1, 8, 1, 6, 'Pograbahal', 1),
(421, 1, 8, 1, 6, 'Uparbahal', 1),
(422, 1, 8, 1, 7, 'Arbajharabahal', 1),
(423, 1, 8, 1, 7, 'Baddalaki', 1),
(424, 1, 8, 1, 7, 'Badmaroni', 1),
(425, 1, 8, 1, 7, 'Baghlata', 1),
(426, 1, 8, 1, 7, 'Balanda', 1),
(427, 1, 8, 1, 7, 'Baunsjhad', 1),
(428, 1, 8, 1, 7, 'Beldihi', 1),
(429, 1, 8, 1, 7, 'Bhalupatra', 1),
(430, 1, 8, 1, 7, 'Birida', 1),
(431, 1, 8, 1, 7, 'Birikera', 1),
(432, 1, 8, 1, 7, 'Birual', 1),
(433, 1, 8, 1, 7, 'Buchahanda', 1),
(434, 1, 8, 1, 7, 'Chikatmati', 1),
(435, 1, 8, 1, 7, 'Dalakudar', 1),
(436, 1, 8, 1, 7, 'Dandiapali', 1),
(437, 1, 8, 1, 7, 'Fikodchundi', 1),
(438, 1, 8, 1, 7, 'Gadheibalanda', 1),
(439, 1, 8, 1, 7, 'Gamardihi', 1),
(440, 1, 8, 1, 7, 'Garjan', 1),
(441, 1, 8, 1, 7, 'Goilo', 1),
(442, 1, 8, 1, 7, 'Gopadihi', 1),
(443, 1, 8, 1, 7, 'Gopapali', 1),
(444, 1, 8, 1, 7, 'Gutidarha', 1),
(445, 1, 8, 1, 7, 'Jadakudar', 1),
(446, 1, 8, 1, 7, 'Jiabahal', 1),
(447, 1, 8, 1, 7, 'Kalokudar', 1),
(448, 1, 8, 1, 7, 'Karuabahal', 1),
(449, 1, 8, 1, 7, 'Kenduberini', 1),
(450, 1, 8, 1, 7, 'Khairbani', 1),
(451, 1, 8, 1, 7, 'Killinga', 1),
(452, 1, 8, 1, 7, 'Lungei', 1),
(453, 1, 8, 1, 7, 'Mahaliapalli', 1),
(454, 1, 8, 1, 7, 'Malikpali', 1),
(455, 1, 8, 1, 7, 'Musapali', 1),
(456, 1, 8, 1, 7, 'Nakkhandia', 1),
(457, 1, 8, 1, 7, 'Patua', 1),
(458, 1, 8, 1, 7, 'Rangamati', 1),
(459, 1, 8, 1, 7, 'Ranto', 1),
(460, 1, 8, 1, 7, 'Rutukupidi', 1),
(461, 1, 8, 1, 7, 'Samarjhula', 1),
(462, 1, 8, 1, 7, 'Sanbirikera', 1),
(463, 1, 8, 1, 7, 'Sanmareni', 1),
(464, 1, 8, 1, 7, 'Sannuagaon', 1),
(465, 1, 8, 1, 7, 'Sarla', 1),
(466, 1, 8, 1, 7, 'Singer', 1),
(467, 1, 8, 1, 7, 'Tainsar', 1),
(468, 1, 8, 1, 7, 'Tumran', 1),
(469, 1, 8, 1, 7, 'Turitoli', 1),
(470, 1, 8, 1, 8, 'Angarapada', 1),
(471, 1, 8, 1, 8, 'Badbhulta', 1),
(472, 1, 8, 1, 8, 'Baghiakucha', 1),
(473, 1, 8, 1, 8, 'Banki', 1),
(474, 1, 8, 1, 8, 'Barghat', 1),
(475, 1, 8, 1, 8, 'Benuam', 1),
(476, 1, 8, 1, 8, 'Birtola', 1),
(477, 1, 8, 1, 8, 'Brahmaninadi', 1),
(478, 1, 8, 1, 8, 'Chandiposh', 1),
(479, 1, 8, 1, 8, 'Chandrapur', 1),
(480, 1, 8, 1, 8, 'Chhidi', 1),
(481, 1, 8, 1, 8, 'Dhenkiam', 1),
(482, 1, 8, 1, 8, 'Ergeda', 1),
(483, 1, 8, 1, 8, 'Gahami', 1),
(484, 1, 8, 1, 8, 'Hatioda', 1),
(485, 1, 8, 1, 8, 'Jambhirdihi', 1),
(486, 1, 8, 1, 8, 'Jharbeda', 1),
(487, 1, 8, 1, 8, 'Jhirpani', 1),
(488, 1, 8, 1, 8, 'Jodabandh', 1),
(489, 1, 8, 1, 8, 'Karda', 1),
(490, 1, 8, 1, 8, 'Kendughati', 1),
(491, 1, 8, 1, 8, 'Koilijhar', 1),
(492, 1, 8, 1, 8, 'Kucheita', 1),
(493, 1, 8, 1, 8, 'Kumakela', 1),
(494, 1, 8, 1, 8, 'Kusumdihi', 1),
(495, 1, 8, 1, 8, 'Kusumtola', 1),
(496, 1, 8, 1, 8, 'Ludhuni', 1),
(497, 1, 8, 1, 8, 'Madhupur', 1),
(498, 1, 8, 1, 8, 'Mahupada', 1),
(499, 1, 8, 1, 8, 'Mohura', 1),
(500, 1, 8, 1, 8, 'Musabira', 1),
(501, 1, 8, 1, 8, 'Padmapur', 1),
(502, 1, 8, 1, 8, 'Pitagaon', 1),
(503, 1, 8, 1, 8, 'Raniberna', 1),
(504, 1, 8, 1, 8, 'Rumkuberna', 1),
(505, 1, 8, 1, 8, 'Sanbhulta', 1),
(506, 1, 8, 1, 8, 'Sanbirtola', 1),
(507, 1, 8, 1, 8, 'Sankucheita', 1),
(508, 1, 8, 1, 8, 'Sargigarh', 1),
(509, 1, 8, 1, 8, 'Silpunji', 1),
(510, 1, 8, 1, 8, 'Tamada', 1),
(511, 1, 8, 1, 9, 'Amasaranga', 1),
(512, 1, 8, 1, 9, 'Amasdegi', 1),
(513, 1, 8, 1, 9, 'Anangapani', 1),
(514, 1, 8, 1, 9, 'Aulajore', 1),
(515, 1, 8, 1, 9, 'Badakachhar', 1),
(516, 1, 8, 1, 9, 'Baghenipani', 1),
(517, 1, 8, 1, 9, 'Bandubahal', 1),
(518, 1, 8, 1, 9, 'Bauridehi', 1),
(519, 1, 8, 1, 9, 'Bhalubud', 1),
(520, 1, 8, 1, 9, 'Bijadehi', 1),
(521, 1, 8, 1, 9, 'Biribira', 1),
(522, 1, 8, 1, 9, 'Birjaberna', 1),
(523, 1, 8, 1, 9, 'Budelkani', 1),
(524, 1, 8, 1, 9, 'Dharuadehi', 1),
(525, 1, 8, 1, 9, 'Dudaki', 1),
(526, 1, 8, 1, 9, 'Fillingbahal', 1),
(527, 1, 8, 1, 9, 'Gadiajore', 1),
(528, 1, 8, 1, 9, 'Gailjhumpa', 1),
(529, 1, 8, 1, 9, 'Ghantbud', 1),
(530, 1, 8, 1, 9, 'Ghumunda', 1),
(531, 1, 8, 1, 9, 'Jarmal', 1),
(532, 1, 8, 1, 9, 'Kaputikra', 1),
(533, 1, 8, 1, 9, 'Karla', 1),
(534, 1, 8, 1, 9, 'Kendamal', 1),
(535, 1, 8, 1, 9, 'Kheriakani', 1),
(536, 1, 8, 1, 9, 'Khuntdarha', 1),
(537, 1, 8, 1, 9, 'Kuanrmal', 1),
(538, 1, 8, 1, 9, 'Kulta', 1),
(539, 1, 8, 1, 9, 'Kumutimunda', 1),
(540, 1, 8, 1, 9, 'Kutumora', 1),
(541, 1, 8, 1, 9, 'Lahandabud', 1),
(542, 1, 8, 1, 9, 'Lamti', 1),
(543, 1, 8, 1, 9, 'Ledhimong', 1),
(544, 1, 8, 1, 9, 'Madhupur', 1),
(545, 1, 8, 1, 9, 'Majhapara', 1),
(546, 1, 8, 1, 9, 'Rabanadihi', 1),
(547, 1, 8, 1, 9, 'Salangabudi', 1),
(548, 1, 8, 1, 9, 'Salepali', 1),
(549, 1, 8, 1, 9, 'Sanasalepali', 1),
(550, 1, 8, 1, 9, 'Siamal', 1),
(551, 1, 8, 1, 9, 'Sikipani', 1),
(552, 1, 8, 1, 9, 'Suamal', 1),
(553, 1, 8, 1, 9, 'Talsara', 1),
(554, 1, 8, 1, 9, 'Thelkobud', 1),
(555, 1, 8, 1, 9, 'Tileimalti', 1),
(556, 1, 8, 1, 10, 'Asurkhole', 1),
(557, 1, 8, 1, 10, 'Badgaon', 1),
(558, 1, 8, 1, 10, 'Badibahal', 1),
(559, 1, 8, 1, 10, 'Badkudar', 1),
(560, 1, 8, 1, 10, 'Baghabindha', 1),
(561, 1, 8, 1, 10, 'Balabhadraprasad', 1),
(562, 1, 8, 1, 10, 'Balia', 1),
(563, 1, 8, 1, 10, 'Bhurung', 1),
(564, 1, 8, 1, 10, 'Binjhikhol', 1),
(565, 1, 8, 1, 10, 'Boneikela', 1),
(566, 1, 8, 1, 10, 'Brahmanibasa', 1),
(567, 1, 8, 1, 10, 'Brahmanidei', 1),
(568, 1, 8, 1, 10, 'Budelbahal', 1),
(569, 1, 8, 1, 10, 'Burda', 1),
(570, 1, 8, 1, 10, 'Chandiposh', 1),
(571, 1, 8, 1, 10, 'Dharanidharpur', 1),
(572, 1, 8, 1, 10, 'Dumarmunda', 1),
(573, 1, 8, 1, 10, 'Ghantiali', 1),
(574, 1, 8, 1, 10, 'Gurundia', 1),
(575, 1, 8, 1, 10, 'Jada', 1),
(576, 1, 8, 1, 10, 'Jadaloi', 1),
(577, 1, 8, 1, 10, 'Jagannathprasad', 1),
(578, 1, 8, 1, 10, 'Jalei', 1),
(579, 1, 8, 1, 10, 'Jamudarh', 1),
(580, 1, 8, 1, 10, 'Janda', 1),
(581, 1, 8, 1, 10, 'Jarda', 1),
(582, 1, 8, 1, 10, 'Jhaliadihi', 1),
(583, 1, 8, 1, 10, 'Kainsibahal', 1),
(584, 1, 8, 1, 10, 'Kansar', 1),
(585, 1, 8, 1, 10, 'Kantamunda', 1),
(586, 1, 8, 1, 10, 'Kantapali', 1),
(587, 1, 8, 1, 10, 'Kelo', 1),
(588, 1, 8, 1, 10, 'Kudabira', 1),
(589, 1, 8, 1, 10, 'Kuleibaga', 1),
(590, 1, 8, 1, 10, 'Kundheidiha', 1),
(591, 1, 8, 1, 10, 'Kunjar', 1),
(592, 1, 8, 1, 10, 'Kunjaria', 1),
(593, 1, 8, 1, 10, 'Kusumdihi', 1),
(594, 1, 8, 1, 10, 'Lachhadakindar', 1),
(595, 1, 8, 1, 10, 'Madalia', 1),
(596, 1, 8, 1, 10, 'Madhupur', 1),
(597, 1, 8, 1, 10, 'Mahuldihi', 1),
(598, 1, 8, 1, 10, 'Majurdima', 1),
(599, 1, 8, 1, 10, 'Niktimal', 1),
(600, 1, 8, 1, 10, 'Nuapali', 1),
(601, 1, 8, 1, 10, 'Nuniapali', 1),
(602, 1, 8, 1, 10, 'Pankadihi', 1),
(603, 1, 8, 1, 10, 'Raikelaposh', 1),
(604, 1, 8, 1, 10, 'Ramchhinda', 1),
(605, 1, 8, 1, 10, 'Ranke', 1),
(606, 1, 8, 1, 10, 'San Kantapali', 1),
(607, 1, 8, 1, 10, 'Sanbalia', 1),
(608, 1, 8, 1, 10, 'Sanbargaon', 1),
(609, 1, 8, 1, 10, 'Sanbhaludunguri', 1),
(610, 1, 8, 1, 10, 'Sanburda', 1),
(611, 1, 8, 1, 10, 'Sangurundia', 1),
(612, 1, 8, 1, 10, 'Sanjadaloi', 1),
(613, 1, 8, 1, 10, 'Sanjoda', 1),
(614, 1, 8, 1, 10, 'Sannuniapali', 1),
(615, 1, 8, 1, 10, 'Sanrajabasa', 1),
(616, 1, 8, 1, 10, 'Sanramchhinda', 1),
(617, 1, 8, 1, 10, 'Sansaplata', 1),
(618, 1, 8, 1, 10, 'Saplata', 1),
(619, 1, 8, 1, 10, 'Sianpali', 1),
(620, 1, 8, 1, 10, 'Silikuta', 1),
(621, 1, 8, 1, 10, 'Sirigida', 1),
(622, 1, 8, 1, 10, 'Sole', 1),
(623, 1, 8, 1, 10, 'Soledega', 1),
(624, 1, 8, 1, 10, 'Soleguda', 1),
(625, 1, 8, 1, 10, 'Tamparkela', 1),
(626, 1, 8, 1, 10, 'Thakurpali', 1),
(627, 1, 8, 1, 10, 'Tukuda', 1),
(628, 1, 8, 1, 10, 'Tumbei', 1),
(629, 1, 8, 1, 10, 'Ulandajharan', 1),
(630, 1, 8, 1, 11, 'Ankurpali', 1),
(631, 1, 8, 1, 11, 'Anthugada', 1),
(632, 1, 8, 1, 11, 'Baidyanathpur', 1),
(633, 1, 8, 1, 11, 'Baliaposh', 1),
(634, 1, 8, 1, 11, 'Balimunda', 1),
(635, 1, 8, 1, 11, 'Bankuba', 1),
(636, 1, 8, 1, 11, 'Baraigada', 1),
(637, 1, 8, 1, 11, 'Bartoli', 1),
(638, 1, 8, 1, 11, 'Baunsjore', 1),
(639, 1, 8, 1, 11, 'Bemta', 1),
(640, 1, 8, 1, 11, 'Bhojpur', 1),
(641, 1, 8, 1, 11, 'Boneilata', 1),
(642, 1, 8, 1, 11, 'Bonrai', 1),
(643, 1, 8, 1, 11, 'Chuanbahal', 1),
(644, 1, 8, 1, 11, 'Dumermunda', 1),
(645, 1, 8, 1, 11, 'Dunia', 1),
(646, 1, 8, 1, 11, 'Ghodabandh', 1),
(647, 1, 8, 1, 11, 'Ghoghia', 1),
(648, 1, 8, 1, 11, 'Goldaru', 1),
(649, 1, 8, 1, 11, 'Goppur', 1),
(650, 1, 8, 1, 11, 'Gutitangar', 1),
(651, 1, 8, 1, 11, 'Hatibari', 1),
(652, 1, 8, 1, 11, 'Jaharitoli', 1),
(653, 1, 8, 1, 11, 'Jamdarah', 1),
(654, 1, 8, 1, 11, 'Jharbeda', 1),
(655, 1, 8, 1, 11, 'Joketa', 1),
(656, 1, 8, 1, 11, 'Kadopani', 1),
(657, 1, 8, 1, 11, 'Kandarkela', 1),
(658, 1, 8, 1, 11, 'Kantajhar', 1),
(659, 1, 8, 1, 11, 'Karanjia', 1),
(660, 1, 8, 1, 11, 'Kardega', 1),
(661, 1, 8, 1, 11, 'Karimati', 1),
(662, 1, 8, 1, 11, 'Karkatnasa', 1),
(663, 1, 8, 1, 11, 'Kathkaranjia', 1),
(664, 1, 8, 1, 11, 'Kayomunda', 1),
(665, 1, 8, 1, 11, 'Kharijore', 1),
(666, 1, 8, 1, 11, 'Kokerama', 1),
(667, 1, 8, 1, 11, 'Kundra', 1),
(668, 1, 8, 1, 11, 'Kundrughutu', 1),
(669, 1, 8, 1, 11, 'Kusumtoli', 1),
(670, 1, 8, 1, 11, 'Lalaikhaman', 1),
(671, 1, 8, 1, 11, 'Limida', 1),
(672, 1, 8, 1, 11, 'Lukumbeda', 1),
(673, 1, 8, 1, 11, 'Mahulchhapal', 1),
(674, 1, 8, 1, 11, 'Mangratoli', 1),
(675, 1, 8, 1, 11, 'Menmena', 1),
(676, 1, 8, 1, 11, 'Nuagaon', 1),
(677, 1, 8, 1, 11, 'Olhani', 1),
(678, 1, 8, 1, 11, 'Pahadtoli', 1),
(679, 1, 8, 1, 11, 'Pandua', 1),
(680, 1, 8, 1, 11, 'Patab', 1),
(681, 1, 8, 1, 11, 'Purunapani', 1),
(682, 1, 8, 1, 11, 'Raibahal', 1),
(683, 1, 8, 1, 11, 'Ranakata', 1),
(684, 1, 8, 1, 11, 'Rengalbeda', 1),
(685, 1, 8, 1, 11, 'Rokedega', 1),
(686, 1, 8, 1, 11, 'Sailata', 1),
(687, 1, 8, 1, 11, 'Satjoria', 1),
(688, 1, 8, 1, 11, 'Satra', 1),
(689, 1, 8, 1, 11, 'Suajore', 1),
(690, 1, 8, 1, 11, 'Tabada', 1),
(691, 1, 8, 1, 11, 'Tainda', 1),
(692, 1, 8, 1, 11, 'Tersa', 1),
(693, 1, 8, 1, 11, 'Tunapahad', 1),
(694, 1, 8, 1, 12, 'Ankalbira', 1),
(695, 1, 8, 1, 12, 'Anlajharana', 1),
(696, 1, 8, 1, 12, 'Arjundarha', 1),
(697, 1, 8, 1, 12, 'Badarampia', 1),
(698, 1, 8, 1, 12, 'Badghumuda', 1),
(699, 1, 8, 1, 12, 'Badibahal', 1),
(700, 1, 8, 1, 12, 'Bailanga', 1),
(701, 1, 8, 1, 12, 'Balbaspur', 1),
(702, 1, 8, 1, 12, 'Balichua', 1),
(703, 1, 8, 1, 12, 'Balijori', 1),
(704, 1, 8, 1, 12, 'Bandhapali', 1),
(705, 1, 8, 1, 12, 'Bandhbahal', 1),
(706, 1, 8, 1, 12, 'Bangurakela', 1),
(707, 1, 8, 1, 12, 'Banjikachhar', 1),
(708, 1, 8, 1, 12, 'Bankibahal', 1),
(709, 1, 8, 1, 12, 'Barabahal', 1),
(710, 1, 8, 1, 12, 'Barapali', 1),
(711, 1, 8, 1, 12, 'Beheramunda', 1),
(712, 1, 8, 1, 12, 'Beladihi', 1),
(713, 1, 8, 1, 12, 'Bendrichuan', 1),
(714, 1, 8, 1, 12, 'Bheluatikara', 1),
(715, 1, 8, 1, 12, 'Bhogarakachhara', 1),
(716, 1, 8, 1, 12, 'Bihajora', 1),
(717, 1, 8, 1, 12, 'Bijahana', 1),
(718, 1, 8, 1, 12, 'Bilaimunda', 1),
(719, 1, 8, 1, 12, 'Biswanathpur', 1),
(720, 1, 8, 1, 12, 'Brahmhani', 1),
(721, 1, 8, 1, 12, 'Budelkani', 1),
(722, 1, 8, 1, 12, 'Budhajharia', 1),
(723, 1, 8, 1, 12, 'Buruta', 1),
(724, 1, 8, 1, 12, 'Chakra', 1),
(725, 1, 8, 1, 12, 'Chandrapur', 1),
(726, 1, 8, 1, 12, 'Chatakpur', 1),
(727, 1, 8, 1, 12, 'Chhatabar', 1),
(728, 1, 8, 1, 12, 'Chikitikhadu', 1),
(729, 1, 8, 1, 12, 'Chikitikhadu R F', 1),
(730, 1, 8, 1, 12, 'Chuabahala', 1),
(731, 1, 8, 1, 12, 'Daghora', 1),
(732, 1, 8, 1, 12, 'Daladali', 1),
(733, 1, 8, 1, 12, 'Dalak', 1),
(734, 1, 8, 1, 12, 'Deladhipa', 1),
(735, 1, 8, 1, 12, 'Dhanrasi', 1),
(736, 1, 8, 1, 12, 'Dhekanapani', 1),
(737, 1, 8, 1, 12, 'Dhekanapani R F', 1),
(738, 1, 8, 1, 12, 'Duduka', 1),
(739, 1, 8, 1, 12, 'Dulinga', 1),
(740, 1, 8, 1, 12, 'Dumerbahal', 1),
(741, 1, 8, 1, 12, 'Dunguridihi', 1),
(742, 1, 8, 1, 12, 'Durubaga', 1),
(743, 1, 8, 1, 12, 'Gadadwara', 1),
(744, 1, 8, 1, 12, 'Gaikanpali', 1),
(745, 1, 8, 1, 12, 'Garjanbahal', 1),
(746, 1, 8, 1, 12, 'Garjanjor', 1),
(747, 1, 8, 1, 12, 'Ghogarpali', 1),
(748, 1, 8, 1, 12, 'Ghumuda', 1),
(749, 1, 8, 1, 12, 'Girisuan', 1),
(750, 1, 8, 1, 12, 'Gopalapur', 1),
(751, 1, 8, 1, 12, 'Haladijharia', 1),
(752, 1, 8, 1, 12, 'Hemgir', 1),
(753, 1, 8, 1, 12, 'Jamakani', 1),
(754, 1, 8, 1, 12, 'Jamujharia', 1),
(755, 1, 8, 1, 12, 'Jamukani', 1),
(756, 1, 8, 1, 12, 'Jareikela', 1),
(757, 1, 8, 1, 12, 'Jharpalanka', 1),
(758, 1, 8, 1, 12, 'Jhulenbar', 1),
(759, 1, 8, 1, 12, 'Jhupurunga', 1),
(760, 1, 8, 1, 12, 'Julambahal', 1),
(761, 1, 8, 1, 12, 'Kalamegha', 1),
(762, 1, 8, 1, 12, 'Kalatapani', 1),
(763, 1, 8, 1, 12, 'Kalobahala', 1),
(764, 1, 8, 1, 12, 'Kamalaga', 1),
(765, 1, 8, 1, 12, 'Kanakatora', 1),
(766, 1, 8, 1, 12, 'Kandadhuda', 1),
(767, 1, 8, 1, 12, 'Kanika', 1),
(768, 1, 8, 1, 12, 'Karlikachhar', 1),
(769, 1, 8, 1, 12, 'Katarbaga', 1),
(770, 1, 8, 1, 12, 'Kathaphali', 1),
(771, 1, 8, 1, 12, 'Kaudarha', 1),
(772, 1, 8, 1, 12, 'Kendudihi', 1),
(773, 1, 8, 1, 12, 'Kesarijhima', 1),
(774, 1, 8, 1, 12, 'Khadu', 1),
(775, 1, 8, 1, 12, 'Khajuradihi', 1),
(776, 1, 8, 1, 12, 'Khajuribahal', 1),
(777, 1, 8, 1, 12, 'Khapurikachhara', 1),
(778, 1, 8, 1, 12, 'Khuntijharia', 1),
(779, 1, 8, 1, 12, 'Khuntipani', 1),
(780, 1, 8, 1, 12, 'Khurashi', 1),
(781, 1, 8, 1, 12, 'Kiripashira', 1),
(782, 1, 8, 1, 12, 'Kodabahal', 1),
(783, 1, 8, 1, 12, 'Kuanarkela', 1),
(784, 1, 8, 1, 12, 'Kuchadega', 1),
(785, 1, 8, 1, 12, 'Kulada', 1),
(786, 1, 8, 1, 12, 'Kunda', 1),
(787, 1, 8, 1, 12, 'Kundara', 1),
(788, 1, 8, 1, 12, 'Kushara', 1),
(789, 1, 8, 1, 12, 'Kusumel', 1),
(790, 1, 8, 1, 12, 'Kutabaga', 1),
(791, 1, 8, 1, 12, 'Kuturajore', 1),
(792, 1, 8, 1, 12, 'Laikera', 1),
(793, 1, 8, 1, 12, 'Lakadijharan', 1),
(794, 1, 8, 1, 12, 'Lalbiluan', 1),
(795, 1, 8, 1, 12, 'Lambeibahal', 1),
(796, 1, 8, 1, 12, 'Latapani', 1),
(797, 1, 8, 1, 12, 'Lebedajore', 1),
(798, 1, 8, 1, 12, 'Lipaspali', 1),
(799, 1, 8, 1, 12, 'Luabahal', 1),
(800, 1, 8, 1, 12, 'Majhapada', 1),
(801, 1, 8, 1, 12, 'Makadikhol', 1),
(802, 1, 8, 1, 12, 'Manaharapur', 1),
(803, 1, 8, 1, 12, 'Mendara', 1),
(804, 1, 8, 1, 12, 'Mundelkheta', 1),
(805, 1, 8, 1, 12, 'Nakadera', 1),
(806, 1, 8, 1, 12, 'Nangalakata', 1),
(807, 1, 8, 1, 12, 'Ostali', 1),
(808, 1, 8, 1, 12, 'Pandiapali', 1),
(809, 1, 8, 1, 12, 'Paramanandapur', 1),
(810, 1, 8, 1, 12, 'Pithampur', 1),
(811, 1, 8, 1, 12, 'Podajalanga', 1),
(812, 1, 8, 1, 12, 'Purnna', 1),
(813, 1, 8, 1, 12, 'R F Near Daghora', 1),
(814, 1, 8, 1, 12, 'R F Near Khuntipani', 1),
(815, 1, 8, 1, 12, 'R F Nearkund', 1),
(816, 1, 8, 1, 12, 'Raichua', 1),
(817, 1, 8, 1, 12, 'Rakashabudha', 1),
(818, 1, 8, 1, 12, 'Ramlata', 1),
(819, 1, 8, 1, 12, 'Ratakhandi', 1),
(820, 1, 8, 1, 12, 'Ratansara', 1),
(821, 1, 8, 1, 12, 'Ruhuni', 1),
(822, 1, 8, 1, 12, 'Sahashapur', 1),
(823, 1, 8, 1, 12, 'Sambra', 1),
(824, 1, 8, 1, 12, 'Samdarpinda', 1),
(825, 1, 8, 1, 12, 'Sanarampia', 1),
(826, 1, 8, 1, 12, 'Saradega', 1),
(827, 1, 8, 1, 12, 'Sarangajharia', 1),
(828, 1, 8, 1, 12, 'Sareikela', 1),
(829, 1, 8, 1, 12, 'Satyasagargupha', 1),
(830, 1, 8, 1, 12, 'Sharabahala', 1),
(831, 1, 8, 1, 12, 'Siaramala', 1),
(832, 1, 8, 1, 12, 'Similibahal', 1),
(833, 1, 8, 1, 12, 'Singaribahal', 1),
(834, 1, 8, 1, 12, 'Sukhabandh', 1),
(835, 1, 8, 1, 12, 'Surulata', 1),
(836, 1, 8, 1, 12, 'Tangardihi', 1),
(837, 1, 8, 1, 12, 'Telia', 1),
(838, 1, 8, 1, 12, 'Tihuria', 1),
(839, 1, 8, 1, 12, 'Tikilipara', 1),
(840, 1, 8, 1, 12, 'Tithaitanger', 1),
(841, 1, 8, 1, 12, 'Toparia', 1),
(842, 1, 8, 1, 12, 'Tumbajor', 1),
(843, 1, 8, 1, 12, 'Tumbapali', 1),
(844, 1, 8, 1, 12, 'Tumbikhal', 1),
(845, 1, 8, 1, 12, 'Tunulia', 1),
(846, 1, 8, 1, 13, 'Ambarudi', 1),
(847, 1, 8, 1, 13, 'Badbalijore', 1),
(848, 1, 8, 1, 13, 'Badgaon', 1),
(849, 1, 8, 1, 13, 'Badraksi', 1),
(850, 1, 8, 1, 13, 'Badrama', 1),
(851, 1, 8, 1, 13, 'Bajinia', 1),
(852, 1, 8, 1, 13, 'Bakhartola', 1),
(853, 1, 8, 1, 13, 'Balisuda', 1),
(854, 1, 8, 1, 13, 'Bandupada', 1),
(855, 1, 8, 1, 13, 'Banko', 1),
(856, 1, 8, 1, 13, 'Bendrilada', 1),
(857, 1, 8, 1, 13, 'Bimlagarh', 1),
(858, 1, 8, 1, 13, 'Chhidakudar', 1),
(859, 1, 8, 1, 13, 'Choredhara', 1),
(860, 1, 8, 1, 13, 'Dalimdihi', 1),
(861, 1, 8, 1, 13, 'Fakirmunda', 1),
(862, 1, 8, 1, 13, 'Gaganaposh', 1),
(863, 1, 8, 1, 13, 'Gopna', 1),
(864, 1, 8, 1, 13, 'Gouduniposh', 1),
(865, 1, 8, 1, 13, 'Hatikucha', 1),
(866, 1, 8, 1, 13, 'Jamudihi', 1),
(867, 1, 8, 1, 13, 'K Balang', 1),
(868, 1, 8, 1, 13, 'Kamarposh', 1),
(869, 1, 8, 1, 13, 'Kareichuan', 1),
(870, 1, 8, 1, 13, 'Kariadihi', 1),
(871, 1, 8, 1, 13, 'Karuadarha', 1),
(872, 1, 8, 1, 13, 'Khariabahal', 1),
(873, 1, 8, 1, 13, 'Kudamusa', 1),
(874, 1, 8, 1, 13, 'Kudapada', 1),
(875, 1, 8, 1, 13, 'Kunchpani', 1),
(876, 1, 8, 1, 13, 'Kunduruburu', 1),
(877, 1, 8, 1, 13, 'Lamsi', 1),
(878, 1, 8, 1, 13, 'Langalkata', 1),
(879, 1, 8, 1, 13, 'Mahisichhapal', 1),
(880, 1, 8, 1, 13, 'Manchabeda', 1),
(881, 1, 8, 1, 13, 'Mutuhanuman', 1),
(882, 1, 8, 1, 13, 'Nandapada', 1),
(883, 1, 8, 1, 13, 'Nuatantra', 1),
(884, 1, 8, 1, 13, 'Paramdihi', 1),
(885, 1, 8, 1, 13, 'Purunapani', 1),
(886, 1, 8, 1, 13, 'Relhatu', 1),
(887, 1, 8, 1, 13, 'Renjeda', 1),
(888, 1, 8, 1, 13, 'Reserve Forest', 1),
(889, 1, 8, 1, 13, 'Ruguda', 1),
(890, 1, 8, 1, 13, 'Sanbalijore', 1),
(891, 1, 8, 1, 13, 'Sanfakirmunda', 1),
(892, 1, 8, 1, 13, 'Sankareichuan', 1),
(893, 1, 8, 1, 13, 'Sanpurunapani', 1),
(894, 1, 8, 1, 13, 'Sanraksi', 1),
(895, 1, 8, 1, 13, 'Santhelakudar', 1),
(896, 1, 8, 1, 13, 'Sarasposh', 1),
(897, 1, 8, 1, 13, 'Sianbahal', 1),
(898, 1, 8, 1, 13, 'Silikuta', 1),
(899, 1, 8, 1, 13, 'Soyamba', 1),
(900, 1, 8, 1, 13, 'Taldihi', 1),
(901, 1, 8, 1, 13, 'Thelakudar', 1),
(902, 1, 8, 1, 13, 'Topadihi', 1),
(903, 1, 8, 1, 13, 'Ulkundei', 1),
(904, 1, 8, 1, 14, 'Alapaka', 1),
(905, 1, 8, 1, 14, 'Banajor', 1),
(906, 1, 8, 1, 14, 'Bandhbahal', 1),
(907, 1, 8, 1, 14, 'Bankibahal', 1),
(908, 1, 8, 1, 14, 'Bankidihi', 1),
(909, 1, 8, 1, 14, 'Beheradihi', 1),
(910, 1, 8, 1, 14, 'Belmunda', 1),
(911, 1, 8, 1, 14, 'Bijagarh', 1),
(912, 1, 8, 1, 14, 'Brahmanmara', 1),
(913, 1, 8, 1, 14, 'Budajharan Part I', 1),
(914, 1, 8, 1, 14, 'Budajharan Part Ii', 1),
(915, 1, 8, 1, 14, 'Burkaldihi', 1),
(916, 1, 8, 1, 14, 'Dandpani', 1),
(917, 1, 8, 1, 14, 'Deobhubanpur', 1),
(918, 1, 8, 1, 14, 'Dhabadoli I', 1),
(919, 1, 8, 1, 14, 'Dhabadolipart Ii', 1),
(920, 1, 8, 1, 14, 'Dhamakpur', 1),
(921, 1, 8, 1, 14, 'Dhangergudi', 1),
(922, 1, 8, 1, 14, 'Dhenkigada', 1),
(923, 1, 8, 1, 14, 'Dhubendand', 1),
(924, 1, 8, 1, 14, 'Gaidega', 1),
(925, 1, 8, 1, 14, 'Gangpurgarh', 1),
(926, 1, 8, 1, 14, 'Gidipahad', 1),
(927, 1, 8, 1, 14, 'Gidpahari R F', 1),
(928, 1, 8, 1, 14, 'Gundiadihi', 1),
(929, 1, 8, 1, 14, 'Halma', 1),
(930, 1, 8, 1, 14, 'Hurmey', 1),
(931, 1, 8, 1, 14, 'Jorajam Iii', 1),
(932, 1, 8, 1, 14, 'Jorajampart I', 1),
(933, 1, 8, 1, 14, 'Jorajampart Ii', 1),
(934, 1, 8, 1, 14, 'Kaintara', 1),
(935, 1, 8, 1, 14, 'Karlaghati', 1),
(936, 1, 8, 1, 14, 'Karuabahal', 1),
(937, 1, 8, 1, 14, 'Khamarimunda', 1),
(938, 1, 8, 1, 14, 'Khapuri Lata', 1),
(939, 1, 8, 1, 14, 'Kinikibandh', 1),
(940, 1, 8, 1, 14, 'Kinjirikella', 1),
(941, 1, 8, 1, 14, 'Kukudapart I', 1),
(942, 1, 8, 1, 14, 'Kukudapart Ii', 1),
(943, 1, 8, 1, 14, 'Kukuridihi', 1),
(944, 1, 8, 1, 14, 'Kulba', 1),
(945, 1, 8, 1, 14, 'Kumbhakani', 1),
(946, 1, 8, 1, 14, 'Kupatangar', 1),
(947, 1, 8, 1, 14, 'Kushumara', 1),
(948, 1, 8, 1, 14, 'Magarkunda', 1),
(949, 1, 8, 1, 14, 'Peruaada', 1),
(950, 1, 8, 1, 14, 'Putudihi', 1),
(951, 1, 8, 1, 14, 'Raidihi', 1),
(952, 1, 8, 1, 14, 'Rapatjore', 1),
(953, 1, 8, 1, 14, 'Sagjore', 1),
(954, 1, 8, 1, 14, 'Sahebdera', 1),
(955, 1, 8, 1, 14, 'Sarda', 1),
(956, 1, 8, 1, 14, 'Sikajor', 1),
(957, 1, 8, 1, 14, 'Suanjore', 1),
(958, 1, 8, 1, 14, 'Tatijore', 1),
(959, 1, 8, 1, 14, 'Thutipipal', 1),
(960, 1, 8, 1, 14, 'Tihilibandhal', 1),
(961, 1, 8, 1, 14, 'Tildega', 1),
(962, 1, 8, 1, 14, 'Tileikani', 1),
(963, 1, 8, 1, 15, 'Adaghat', 1),
(964, 1, 8, 1, 15, 'Badindipur', 1),
(965, 1, 8, 1, 15, 'Badpatuli', 1),
(966, 1, 8, 1, 15, 'Baldihi', 1),
(967, 1, 8, 1, 15, 'Bandal', 1),
(968, 1, 8, 1, 15, 'Basada', 1),
(969, 1, 8, 1, 15, 'Bhanjapali', 1),
(970, 1, 8, 1, 15, 'Chhachhelia', 1),
(971, 1, 8, 1, 15, 'Dalita', 1),
(972, 1, 8, 1, 15, 'Dengula', 1),
(973, 1, 8, 1, 15, 'Deoghar', 1),
(974, 1, 8, 1, 15, 'Ganua', 1),
(975, 1, 8, 1, 15, 'Ghodabudani', 1),
(976, 1, 8, 1, 15, 'Gidei', 1),
(977, 1, 8, 1, 15, 'Harischandrapur', 1),
(978, 1, 8, 1, 15, 'Jhirpani', 1),
(979, 1, 8, 1, 15, 'Kadalia', 1),
(980, 1, 8, 1, 15, 'Kadamdihi', 1),
(981, 1, 8, 1, 15, 'Kadodiha', 1),
(982, 1, 8, 1, 15, 'Kalmanga', 1),
(983, 1, 8, 1, 15, 'Kalta', 1),
(984, 1, 8, 1, 15, 'Kamanda', 1),
(985, 1, 8, 1, 15, 'Kasira', 1),
(986, 1, 8, 1, 15, 'Kenaveta', 1),
(987, 1, 8, 1, 15, 'Khajuridihi', 1),
(988, 1, 8, 1, 15, 'Kiriakudar', 1),
(989, 1, 8, 1, 15, 'Koida', 1),
(990, 1, 8, 1, 15, 'Kula', 1),
(991, 1, 8, 1, 15, 'Kusumdihi', 1),
(992, 1, 8, 1, 15, 'Malda', 1),
(993, 1, 8, 1, 15, 'Mandajoda', 1),
(994, 1, 8, 1, 15, 'Mithirda', 1),
(995, 1, 8, 1, 15, 'Nadikasira', 1),
(996, 1, 8, 1, 15, 'Nuagaon', 1),
(997, 1, 8, 1, 15, 'Patbeda', 1),
(998, 1, 8, 1, 15, 'Patmunda', 1),
(999, 1, 8, 1, 15, 'Podadihi', 1),
(1000, 1, 8, 1, 15, 'Raikela', 1),
(1001, 1, 8, 1, 15, 'Ranisal', 1),
(1002, 1, 8, 1, 15, 'Rengalbeda', 1),
(1003, 1, 8, 1, 15, 'Rengua', 1),
(1004, 1, 8, 1, 15, 'Rusiberna', 1),
(1005, 1, 8, 1, 15, 'Sanindipur', 1),
(1006, 1, 8, 1, 15, 'Sanputuli', 1),
(1007, 1, 8, 1, 15, 'Sanrusiberna', 1),
(1008, 1, 8, 1, 15, 'Sanua', 1),
(1009, 1, 8, 1, 15, 'Sargigarh', 1),
(1010, 1, 8, 1, 15, 'Segasahi', 1),
(1011, 1, 8, 1, 15, 'Sidimba', 1),
(1012, 1, 8, 1, 15, 'Tada', 1),
(1013, 1, 8, 1, 15, 'Taldihi', 1),
(1014, 1, 8, 1, 15, 'Tantigram', 1),
(1015, 1, 8, 1, 15, 'Tantra', 1),
(1016, 1, 8, 1, 15, 'Teherei', 1),
(1017, 1, 8, 1, 15, 'Tentulidihi', 1),
(1018, 1, 8, 1, 16, 'Amgobha', 1),
(1019, 1, 8, 1, 16, 'Bailama', 1),
(1020, 1, 8, 1, 16, 'Bhogra', 1),
(1021, 1, 8, 1, 16, 'Biringatoli', 1),
(1022, 1, 8, 1, 16, 'Birtola', 1),
(1023, 1, 8, 1, 16, 'Budakata', 1),
(1024, 1, 8, 1, 16, 'Chhurichukha', 1),
(1025, 1, 8, 1, 16, 'Dahijira', 1),
(1026, 1, 8, 1, 16, 'Elga', 1),
(1027, 1, 8, 1, 16, 'Gariabahal', 1),
(1028, 1, 8, 1, 16, 'Gariamunda', 1),
(1029, 1, 8, 1, 16, 'Ghantchapal', 1),
(1030, 1, 8, 1, 16, 'Jauramunda', 1),
(1031, 1, 8, 1, 16, 'Jharbeda', 1),
(1032, 1, 8, 1, 16, 'Jhirpani', 1),
(1033, 1, 8, 1, 16, 'Kahapani', 1),
(1034, 1, 8, 1, 16, 'Kalijapathar', 1),
(1035, 1, 8, 1, 16, 'Kandeimunda', 1),
(1036, 1, 8, 1, 16, 'Karmabahal', 1),
(1037, 1, 8, 1, 16, 'Katang', 1),
(1038, 1, 8, 1, 16, 'Katangjharia', 1),
(1039, 1, 8, 1, 16, 'Khatkhur Bahal', 1),
(1040, 1, 8, 1, 16, 'Kiringsia', 1),
(1041, 1, 8, 1, 16, 'Koronga', 1),
(1042, 1, 8, 1, 16, 'Kulenbahal', 1),
(1043, 1, 8, 1, 16, 'Kutra', 1),
(1044, 1, 8, 1, 16, 'Latalaga', 1),
(1045, 1, 8, 1, 16, 'Litibeda', 1),
(1046, 1, 8, 1, 16, 'Naktisan', 1),
(1047, 1, 8, 1, 16, 'Nuagaon', 1),
(1048, 1, 8, 1, 16, 'Panchara', 1),
(1049, 1, 8, 1, 16, 'Panchupada', 1),
(1050, 1, 8, 1, 16, 'Pangniabahal', 1),
(1051, 1, 8, 1, 16, 'Purkapali', 1),
(1052, 1, 8, 1, 16, 'Raikakachhar', 1),
(1053, 1, 8, 1, 16, 'Rajabasa', 1),
(1054, 1, 8, 1, 16, 'Rangamati', 1),
(1055, 1, 8, 1, 16, 'Sadhumunda', 1),
(1056, 1, 8, 1, 16, 'Sialjore', 1),
(1057, 1, 8, 1, 16, 'Tarkera', 1),
(1058, 1, 8, 1, 16, 'Telighana', 1),
(1059, 1, 8, 1, 16, 'Tunmura', 1),
(1060, 1, 8, 1, 16, 'Udurma', 1),
(1061, 1, 8, 1, 17, 'Amatpali', 1),
(1062, 1, 8, 1, 17, 'Anteitola', 1),
(1063, 1, 8, 1, 17, 'Arjunchuan', 1),
(1064, 1, 8, 1, 17, 'Ateikucha', 1),
(1065, 1, 8, 1, 17, 'Babehudi', 1),
(1066, 1, 8, 1, 17, 'Bad Tumkela', 1),
(1067, 1, 8, 1, 17, 'Badapurunapani', 1),
(1068, 1, 8, 1, 17, 'Badhabhuin', 1),
(1069, 1, 8, 1, 17, 'Badnuagaon', 1),
(1070, 1, 8, 1, 17, 'Badsahajbahal', 1),
(1071, 1, 8, 1, 17, 'Bahamda', 1),
(1072, 1, 8, 1, 17, 'Baldihi', 1),
(1073, 1, 8, 1, 17, 'Bandhananali', 1),
(1074, 1, 8, 1, 17, 'Bandhberna', 1),
(1075, 1, 8, 1, 17, 'Barghat', 1),
(1076, 1, 8, 1, 17, 'Barsuan', 1),
(1077, 1, 8, 1, 17, 'Basubahal', 1),
(1078, 1, 8, 1, 17, 'Batagaon', 1),
(1079, 1, 8, 1, 17, 'Baurkela', 1),
(1080, 1, 8, 1, 17, 'Belkudar', 1),
(1081, 1, 8, 1, 17, 'Bhaliadihi', 1),
(1082, 1, 8, 1, 17, 'Bhuguda', 1),
(1083, 1, 8, 1, 17, 'Bhutuda', 1),
(1084, 1, 8, 1, 17, 'Bichhanapati', 1),
(1085, 1, 8, 1, 17, 'Bileipada', 1),
(1086, 1, 8, 1, 17, 'Brahmangaon', 1),
(1087, 1, 8, 1, 17, 'Budhikutuni', 1),
(1088, 1, 8, 1, 17, 'Chada', 1),
(1089, 1, 8, 1, 17, 'Dalamkucha', 1),
(1090, 1, 8, 1, 17, 'Damalu', 1),
(1091, 1, 8, 1, 17, 'Darging', 1),
(1092, 1, 8, 1, 17, 'Deodebapur', 1),
(1093, 1, 8, 1, 17, 'Deogharia', 1),
(1094, 1, 8, 1, 17, 'Deoposh', 1),
(1095, 1, 8, 1, 17, 'Dhamanadarha', 1),
(1096, 1, 8, 1, 17, 'Fatajharan', 1),
(1097, 1, 8, 1, 17, 'Fuljhar', 1),
(1098, 1, 8, 1, 17, 'Gadapali', 1),
(1099, 1, 8, 1, 17, 'Gamlei', 1),
(1100, 1, 8, 1, 17, 'Ganighasa', 1),
(1101, 1, 8, 1, 17, 'Gardruan', 1),
(1102, 1, 8, 1, 17, 'Gargadia', 1),
(1103, 1, 8, 1, 17, 'Gaudiniposh', 1),
(1104, 1, 8, 1, 17, 'Ghatital', 1),
(1105, 1, 8, 1, 17, 'Ghusuriposh', 1),
(1106, 1, 8, 1, 17, 'Gombadihi', 1),
(1107, 1, 8, 1, 17, 'Goutamdihi', 1),
(1108, 1, 8, 1, 17, 'Gudhiali', 1),
(1109, 1, 8, 1, 17, 'Guhaldihi', 1),
(1110, 1, 8, 1, 17, 'Gundichanali', 1),
(1111, 1, 8, 1, 17, 'Haldikunchi', 1),
(1112, 1, 8, 1, 17, 'Hatibahal', 1),
(1113, 1, 8, 1, 17, 'Jaldihi', 1),
(1114, 1, 8, 1, 17, 'Jamumal', 1),
(1115, 1, 8, 1, 17, 'Jibikaposh', 1),
(1116, 1, 8, 1, 17, 'Jodibahal', 1),
(1117, 1, 8, 1, 17, 'Jogibandh', 1),
(1118, 1, 8, 1, 17, 'Juniani', 1),
(1119, 1, 8, 1, 17, 'Kachhupada', 1),
(1120, 1, 8, 1, 17, 'Kaleiposh', 1),
(1121, 1, 8, 1, 17, 'Kaliaposh', 1),
(1122, 1, 8, 1, 17, 'Kapanda', 1),
(1123, 1, 8, 1, 17, 'Kardahudi', 1),
(1124, 1, 8, 1, 17, 'Kardakudar', 1),
(1125, 1, 8, 1, 17, 'Katupada', 1),
(1126, 1, 8, 1, 17, 'Kenapali', 1),
(1127, 1, 8, 1, 17, 'Kendudihi', 1),
(1128, 1, 8, 1, 17, 'Kensara', 1),
(1129, 1, 8, 1, 17, 'Khadiakudar', 1),
(1130, 1, 8, 1, 17, 'Khatiabhangoni', 1),
(1131, 1, 8, 1, 17, 'Khendraposh', 1),
(1132, 1, 8, 1, 17, 'Khuantgaon', 1),
(1133, 1, 8, 1, 17, 'Kilinda', 1),
(1134, 1, 8, 1, 17, 'Kisan Tangarpali', 1),
(1135, 1, 8, 1, 17, 'Kododihi', 1),
(1136, 1, 8, 1, 17, 'Kudeikela', 1),
(1137, 1, 8, 1, 17, 'Kuliposh', 1),
(1138, 1, 8, 1, 17, 'Kumbhardihi', 1),
(1139, 1, 8, 1, 17, 'Kurda', 1),
(1140, 1, 8, 1, 17, 'Kusumdihi', 1),
(1141, 1, 8, 1, 17, 'Ladapani', 1),
(1142, 1, 8, 1, 17, 'Lahunipada', 1),
(1143, 1, 8, 1, 17, 'Lalei', 1),
(1144, 1, 8, 1, 17, 'Landamunda', 1),
(1145, 1, 8, 1, 17, 'Lasi', 1),
(1146, 1, 8, 1, 17, 'Lateimundi', 1),
(1147, 1, 8, 1, 17, 'Lauposh', 1),
(1148, 1, 8, 1, 17, 'Luthurba', 1),
(1149, 1, 8, 1, 17, 'Madhupur', 1),
(1150, 1, 8, 1, 17, 'Mahantatangarpali', 1),
(1151, 1, 8, 1, 17, 'Mahulata', 1),
(1152, 1, 8, 1, 17, 'Mishrapali', 1),
(1153, 1, 8, 1, 17, 'Nischintipur', 1),
(1154, 1, 8, 1, 17, 'Nuagaon', 1),
(1155, 1, 8, 1, 17, 'Nuapada', 1),
(1156, 1, 8, 1, 17, 'Paragposh', 1),
(1157, 1, 8, 1, 17, 'Phatatangar', 1),
(1158, 1, 8, 1, 17, 'Poigoan', 1),
(1159, 1, 8, 1, 17, 'Pratappur', 1),
(1160, 1, 8, 1, 17, 'Raikela', 1),
(1161, 1, 8, 1, 17, 'Raikelaposh', 1),
(1162, 1, 8, 1, 17, 'Raisuan', 1),
(1163, 1, 8, 1, 17, 'Rajamunda', 1),
(1164, 1, 8, 1, 17, 'Ramaruda', 1),
(1165, 1, 8, 1, 17, 'Randa', 1),
(1166, 1, 8, 1, 17, 'Rangalbeda', 1),
(1167, 1, 8, 1, 17, 'Rangamatia', 1),
(1168, 1, 8, 1, 17, 'Ranta', 1),
(1169, 1, 8, 1, 17, 'Sagadiaposh', 1),
(1170, 1, 8, 1, 17, 'Saleibahal', 1),
(1171, 1, 8, 1, 17, 'Saleidihi', 1),
(1172, 1, 8, 1, 17, 'Saleipali', 1),
(1173, 1, 8, 1, 17, 'Samardari', 1),
(1174, 1, 8, 1, 17, 'San Bhaliadihi', 1),
(1175, 1, 8, 1, 17, 'San Nuagaon', 1),
(1176, 1, 8, 1, 17, 'San Rengalbeda', 1),
(1177, 1, 8, 1, 17, 'San Tumkela', 1),
(1178, 1, 8, 1, 17, 'Sanbabehudi', 1),
(1179, 1, 8, 1, 17, 'Sanbasubahal', 1),
(1180, 1, 8, 1, 17, 'Sanbhaliadihi', 1),
(1181, 1, 8, 1, 17, 'Sandalamkucha', 1),
(1182, 1, 8, 1, 17, 'Sanghatital', 1),
(1183, 1, 8, 1, 17, 'Sanhatibahal', 1),
(1184, 1, 8, 1, 17, 'Sankendudihi', 1),
(1185, 1, 8, 1, 17, 'Sankhajurinali', 1),
(1186, 1, 8, 1, 17, 'Sankhaposh', 1),
(1187, 1, 8, 1, 17, 'Sankundeikela', 1),
(1188, 1, 8, 1, 17, 'Sansahajbahal', 1),
(1189, 1, 8, 1, 17, 'Santikayatpali', 1),
(1190, 1, 8, 1, 17, 'Saradhapur', 1),
(1191, 1, 8, 1, 17, 'Sareikela', 1),
(1192, 1, 8, 1, 17, 'Saskela', 1),
(1193, 1, 8, 1, 17, 'Sialikudar', 1),
(1194, 1, 8, 1, 17, 'Siliguda', 1),
(1195, 1, 8, 1, 17, 'Singardei', 1),
(1196, 1, 8, 1, 17, 'Solberana', 1),
(1197, 1, 8, 1, 17, 'Suarpali', 1),
(1198, 1, 8, 1, 17, 'Sukhabanda', 1),
(1199, 1, 8, 1, 17, 'Sukhpali', 1),
(1200, 1, 8, 1, 17, 'Surupatla', 1),
(1201, 1, 8, 1, 17, 'Takra', 1),
(1202, 1, 8, 1, 17, 'Talakudar', 1),
(1203, 1, 8, 1, 17, 'Talbahali', 1),
(1204, 1, 8, 1, 17, 'Tankajoda', 1),
(1205, 1, 8, 1, 17, 'Tantabahal', 1),
(1206, 1, 8, 1, 17, 'Tensa', 1),
(1207, 1, 8, 1, 17, 'Tetengagilla', 1),
(1208, 1, 8, 1, 17, 'Thakurpali', 1),
(1209, 1, 8, 1, 17, 'Thenteiposh', 1),
(1210, 1, 8, 1, 17, 'Thiaberna', 1),
(1211, 1, 8, 1, 17, 'Tibupada', 1),
(1212, 1, 8, 1, 17, 'Tikayatpali', 1),
(1213, 1, 8, 1, 17, 'Tilkuda', 1),
(1214, 1, 8, 1, 17, 'Tinko', 1),
(1215, 1, 8, 1, 17, 'Ulsurei', 1),
(1216, 1, 8, 1, 17, 'Urumkela', 1),
(1217, 1, 8, 1, 18, 'Ambajharan', 1),
(1218, 1, 8, 1, 18, 'Ataghat', 1),
(1219, 1, 8, 1, 18, 'Badbudhikudar', 1),
(1220, 1, 8, 1, 18, 'Badnuagaon', 1),
(1221, 1, 8, 1, 18, 'Balani', 1),
(1222, 1, 8, 1, 18, 'Baliamba', 1),
(1223, 1, 8, 1, 18, 'Betjharan', 1),
(1224, 1, 8, 1, 18, 'Dalakudar', 1),
(1225, 1, 8, 1, 18, 'Ergeda', 1),
(1226, 1, 8, 1, 18, 'Getijharan', 1),
(1227, 1, 8, 1, 18, 'Jangidiri', 1),
(1228, 1, 8, 1, 18, 'Kanarsuan', 1),
(1229, 1, 8, 1, 18, 'Karlakhaman', 1),
(1230, 1, 8, 1, 18, 'Kulamunda', 1),
(1231, 1, 8, 1, 18, 'Lathikata', 1),
(1232, 1, 8, 1, 18, 'Lohadar', 1),
(1233, 1, 8, 1, 18, 'Manko', 1),
(1234, 1, 8, 1, 18, 'Matkamjharan', 1),
(1235, 1, 8, 1, 18, 'Mundajore', 1),
(1236, 1, 8, 1, 18, 'Patobeda', 1),
(1237, 1, 8, 1, 18, 'Ramjodi', 1),
(1238, 1, 8, 1, 18, 'Sanambajharan', 1),
(1239, 1, 8, 1, 18, 'Sanbudhikudar', 1),
(1240, 1, 8, 1, 18, 'Sankarlakhaman', 1),
(1241, 1, 8, 1, 18, 'Sanmanko', 1),
(1242, 1, 8, 1, 18, 'Sannuatoli', 1),
(1243, 1, 8, 1, 18, 'Suidihi', 1),
(1244, 1, 8, 1, 18, 'Tepatoli', 1),
(1245, 1, 8, 1, 18, 'Timjore', 1),
(1246, 1, 8, 1, 18, 'Turiberna', 1),
(1247, 1, 8, 1, 19, 'Amatpani', 1),
(1248, 1, 8, 1, 19, 'Aunlabahal', 1),
(1249, 1, 8, 1, 19, 'Badbanga', 1),
(1250, 1, 8, 1, 19, 'Badbeura', 1),
(1251, 1, 8, 1, 19, 'Badgaonmal', 1),
(1252, 1, 8, 1, 19, 'Badhunjharia', 1),
(1253, 1, 8, 1, 19, 'Badkhalia', 1),
(1254, 1, 8, 1, 19, 'Bailama', 1),
(1255, 1, 8, 1, 19, 'Bairagibahal', 1),
(1256, 1, 8, 1, 19, 'Baladbandha', 1),
(1257, 1, 8, 1, 19, 'Bamjakachhar', 1),
(1258, 1, 8, 1, 19, 'Bandalikani', 1),
(1259, 1, 8, 1, 19, 'Bandega', 1),
(1260, 1, 8, 1, 19, 'Bansibat', 1),
(1261, 1, 8, 1, 19, 'Bardihi', 1),
(1262, 1, 8, 1, 19, 'Bartankela', 1),
(1263, 1, 8, 1, 19, 'Beheramal', 1),
(1264, 1, 8, 1, 19, 'Belsara', 1),
(1265, 1, 8, 1, 19, 'Bharatpur', 1),
(1266, 1, 8, 1, 19, 'Bhedibahal', 1),
(1267, 1, 8, 1, 19, 'Bhursidand', 1),
(1268, 1, 8, 1, 19, 'Bichhuabahal', 1),
(1269, 1, 8, 1, 19, 'Bijadihi', 1),
(1270, 1, 8, 1, 19, 'Bilaibahal', 1),
(1271, 1, 8, 1, 19, 'Bindujharia', 1),
(1272, 1, 8, 1, 19, 'Budapahada', 1),
(1273, 1, 8, 1, 19, 'Budelkani', 1),
(1274, 1, 8, 1, 19, 'Butrakachhar', 1),
(1275, 1, 8, 1, 19, 'Chakradharpur', 1),
(1276, 1, 8, 1, 19, 'Chakuli', 1),
(1277, 1, 8, 1, 19, 'Chauramahul', 1),
(1278, 1, 8, 1, 19, 'Chhatenpali', 1),
(1279, 1, 8, 1, 19, 'Chhotbanga', 1),
(1280, 1, 8, 1, 19, 'Dalkijharan', 1),
(1281, 1, 8, 1, 19, 'Danardanpur', 1),
(1282, 1, 8, 1, 19, 'Deuldihi', 1),
(1283, 1, 8, 1, 19, 'Deuli', 1),
(1284, 1, 8, 1, 19, 'Dharuadihi', 1),
(1285, 1, 8, 1, 19, 'Dhelsara', 1),
(1286, 1, 8, 1, 19, 'Diamunda', 1),
(1287, 1, 8, 1, 19, 'Didigajharan', 1),
(1288, 1, 8, 1, 19, 'Dumabahal', 1),
(1289, 1, 8, 1, 19, 'Fuldhudi', 1),
(1290, 1, 8, 1, 19, 'Gambharidihi', 1),
(1291, 1, 8, 1, 19, 'Giringkela', 1),
(1292, 1, 8, 1, 19, 'Gunjakhol', 1),
(1293, 1, 8, 1, 19, 'Haldikhol', 1),
(1294, 1, 8, 1, 19, 'Hatituku', 1),
(1295, 1, 8, 1, 19, 'Jhargaon', 1),
(1296, 1, 8, 1, 19, 'Jhariapali', 1),
(1297, 1, 8, 1, 19, 'Jhulendihi', 1),
(1298, 1, 8, 1, 19, 'Jhurimal', 1),
(1299, 1, 8, 1, 19, 'Juniani', 1),
(1300, 1, 8, 1, 19, 'Kadalijharia', 1),
(1301, 1, 8, 1, 19, 'Kadomal', 1),
(1302, 1, 8, 1, 19, 'Kahachua', 1),
(1303, 1, 8, 1, 19, 'Kaniaghati', 1),
(1304, 1, 8, 1, 19, 'Karadega', 1),
(1305, 1, 8, 1, 19, 'Karanjkhol', 1),
(1306, 1, 8, 1, 19, 'Kasaijharan', 1),
(1307, 1, 8, 1, 19, 'Khuntamunda', 1),
(1308, 1, 8, 1, 19, 'Kuaghara', 1),
(1309, 1, 8, 1, 19, 'Kulabira', 1),
(1310, 1, 8, 1, 19, 'Kunjanala', 1),
(1311, 1, 8, 1, 19, 'Kurumkela', 1),
(1312, 1, 8, 1, 19, 'Kuturuma', 1),
(1313, 1, 8, 1, 19, 'Ladkijharan', 1),
(1314, 1, 8, 1, 19, 'Laikera', 1),
(1315, 1, 8, 1, 19, 'Lakraghara', 1),
(1316, 1, 8, 1, 19, 'Laxmanpaun', 1),
(1317, 1, 8, 1, 19, 'Lephripara', 1),
(1318, 1, 8, 1, 19, 'Litiapani', 1),
(1319, 1, 8, 1, 19, 'Lokdega', 1),
(1320, 1, 8, 1, 19, 'Luthurkend', 1),
(1321, 1, 8, 1, 19, 'Mahikani', 1),
(1322, 1, 8, 1, 19, 'Mahulpali', 1),
(1323, 1, 8, 1, 19, 'Mandopani', 1),
(1324, 1, 8, 1, 19, 'Manoharpur', 1),
(1325, 1, 8, 1, 19, 'Masabira', 1),
(1326, 1, 8, 1, 19, 'Panduripani', 1),
(1327, 1, 8, 1, 19, 'Pithabhuin', 1),
(1328, 1, 8, 1, 19, 'Podmundi', 1),
(1329, 1, 8, 1, 19, 'Raidihi', 1),
(1330, 1, 8, 1, 19, 'Rajbahal', 1),
(1331, 1, 8, 1, 19, 'Rakaskhol', 1),
(1332, 1, 8, 1, 19, 'Sagjore', 1),
(1333, 1, 8, 1, 19, 'Sahebdera', 1),
(1334, 1, 8, 1, 19, 'Saletikra', 1),
(1335, 1, 8, 1, 19, 'Sanbeura', 1),
(1336, 1, 8, 1, 19, 'Sanjharia', 1),
(1337, 1, 8, 1, 19, 'Saraphgada', 1),
(1338, 1, 8, 1, 19, 'Sargipali', 1),
(1339, 1, 8, 1, 19, 'Satjoria', 1),
(1340, 1, 8, 1, 19, 'Singarguda', 1),
(1341, 1, 8, 1, 19, 'Sipukachhar', 1),
(1342, 1, 8, 1, 19, 'Sribhubanpur', 1),
(1343, 1, 8, 1, 19, 'Suarijore', 1),
(1344, 1, 8, 1, 19, 'Suruguda', 1),
(1345, 1, 8, 1, 19, 'Surulata', 1),
(1346, 1, 8, 1, 19, 'Taragarh', 1),
(1347, 1, 8, 1, 19, 'Telendihi', 1),
(1348, 1, 8, 1, 19, 'Telenpali', 1),
(1349, 1, 8, 1, 19, 'Thithaitangar', 1),
(1350, 1, 8, 1, 19, 'Timikinala', 1),
(1351, 1, 8, 1, 19, 'Tumbapali', 1),
(1352, 1, 8, 1, 19, 'Ujalpur', 1),
(1353, 1, 8, 1, 20, 'Angul', 1),
(1354, 1, 8, 1, 20, 'Badachuan', 1),
(1355, 1, 8, 1, 20, 'Badjala', 1),
(1356, 1, 8, 1, 20, 'Banki', 1),
(1357, 1, 8, 1, 20, 'Budhakhaman', 1),
(1358, 1, 8, 1, 20, 'Daleisara', 1),
(1359, 1, 8, 1, 20, 'Derula', 1),
(1360, 1, 8, 1, 20, 'Dhokamunda', 1),
(1361, 1, 8, 1, 20, 'Fuljhar', 1),
(1362, 1, 8, 1, 20, 'Hatisoul', 1),
(1363, 1, 8, 1, 20, 'Jagati', 1),
(1364, 1, 8, 1, 20, 'Jinakela', 1),
(1365, 1, 8, 1, 20, 'Jodibahal', 1),
(1366, 1, 8, 1, 20, 'Keta', 1),
(1367, 1, 8, 1, 20, 'Kiri', 1),
(1368, 1, 8, 1, 20, 'Kumudi', 1),
(1369, 1, 8, 1, 20, 'Kundula', 1),
(1370, 1, 8, 1, 20, 'Kunu', 1),
(1371, 1, 8, 1, 20, 'Lunga', 1),
(1372, 1, 8, 1, 20, 'Mahulapada', 1),
(1373, 1, 8, 1, 20, 'Mahuldiha', 1),
(1374, 1, 8, 1, 20, 'Nagaria', 1),
(1375, 1, 8, 1, 20, 'Patamunda', 1),
(1376, 1, 8, 1, 20, 'Ranja', 1),
(1377, 1, 8, 1, 20, 'Rengali', 1),
(1378, 1, 8, 1, 20, 'Sanjala', 1),
(1379, 1, 8, 1, 20, 'Sasa', 1),
(1380, 1, 8, 1, 20, 'Senabasa', 1),
(1381, 1, 8, 1, 20, 'Sihidiha', 1),
(1382, 1, 8, 1, 20, 'Sulavdiha', 1),
(1383, 1, 8, 1, 20, 'Talaginia', 1),
(1384, 1, 8, 1, 20, 'Tasada', 1),
(1385, 1, 8, 1, 20, 'Trijanga', 1),
(1386, 1, 8, 1, 20, 'Uparginia', 1),
(1387, 1, 8, 1, 20, 'Uskuda', 1),
(1388, 1, 8, 1, 21, 'Hatibandha', 1),
(1389, 1, 8, 1, 21, 'Jalda', 1),
(1390, 1, 8, 1, 21, 'Kansar', 1),
(1391, 1, 8, 1, 22, 'Andali', 1),
(1392, 1, 8, 1, 22, 'Badmal', 1),
(1393, 1, 8, 1, 22, 'Bankibahal', 1),
(1394, 1, 8, 1, 22, 'Bartoli', 1),
(1395, 1, 8, 1, 22, 'Besalbhadi', 1),
(1396, 1, 8, 1, 22, 'Bhalulata', 1),
(1397, 1, 8, 1, 22, 'Bileigarh', 1),
(1398, 1, 8, 1, 22, 'Budhikudar', 1),
(1399, 1, 8, 1, 22, 'Chundatoli', 1),
(1400, 1, 8, 1, 22, 'Dalki', 1),
(1401, 1, 8, 1, 22, 'Dandpani', 1),
(1402, 1, 8, 1, 22, 'Dholkana', 1),
(1403, 1, 8, 1, 22, 'Dongabandh', 1),
(1404, 1, 8, 1, 22, 'Dublabeda', 1),
(1405, 1, 8, 1, 22, 'Dulavpur', 1),
(1406, 1, 8, 1, 22, 'Ghantchhapal', 1),
(1407, 1, 8, 1, 22, 'Ghoghar', 1),
(1408, 1, 8, 1, 22, 'Goppur', 1),
(1409, 1, 8, 1, 22, 'Hetposh', 1),
(1410, 1, 8, 1, 22, 'Indrapur', 1),
(1411, 1, 8, 1, 22, 'Jaidega', 1),
(1412, 1, 8, 1, 22, 'Jaikudar', 1),
(1413, 1, 8, 1, 22, 'Jhamankera', 1),
(1414, 1, 8, 1, 22, 'Jharbeda', 1),
(1415, 1, 8, 1, 22, 'Jharbeda J B', 1),
(1416, 1, 8, 1, 22, 'Jhunumur', 1),
(1417, 1, 8, 1, 22, 'Kadammunda', 1),
(1418, 1, 8, 1, 22, 'Kadobahal', 1),
(1419, 1, 8, 1, 22, 'Kantabeda', 1),
(1420, 1, 8, 1, 22, 'Kendudihi', 1),
(1421, 1, 8, 1, 22, 'Kendumunda', 1),
(1422, 1, 8, 1, 22, 'Kunmendra', 1),
(1423, 1, 8, 1, 22, 'Laikera', 1),
(1424, 1, 8, 1, 22, 'Majhapara', 1),
(1425, 1, 8, 1, 22, 'Mugtoli', 1),
(1426, 1, 8, 1, 22, 'Pandurisila', 1),
(1427, 1, 8, 1, 22, 'Pograposh', 1),
(1428, 1, 8, 1, 22, 'Pratappur', 1),
(1429, 1, 8, 1, 22, 'Raiboga', 1),
(1430, 1, 8, 1, 22, 'Rangabira', 1),
(1431, 1, 8, 1, 22, 'Ruthatoli', 1),
(1432, 1, 8, 1, 22, 'Sahajbahal', 1),
(1433, 1, 8, 1, 22, 'Sakambahal', 1),
(1434, 1, 8, 1, 22, 'Salangabahal', 1),
(1435, 1, 8, 1, 22, 'Sankuchulu', 1),
(1436, 1, 8, 1, 22, 'Simko', 1),
(1437, 1, 8, 1, 23, 'Alanda', 1),
(1438, 1, 8, 1, 23, 'Badgudiali', 1),
(1439, 1, 8, 1, 23, 'Badkuchulu', 1),
(1440, 1, 8, 1, 23, 'Badnuagaon', 1),
(1441, 1, 8, 1, 23, 'Bahiamb', 1),
(1442, 1, 8, 1, 23, 'Baipur', 1),
(1443, 1, 8, 1, 23, 'Bandhkhaman', 1),
(1444, 1, 8, 1, 23, 'Bargada', 1),
(1445, 1, 8, 1, 23, 'Bhagattola', 1),
(1446, 1, 8, 1, 23, 'Bheluadihi', 1),
(1447, 1, 8, 1, 23, 'Bihabandh', 1),
(1448, 1, 8, 1, 23, 'Bijakhaman', 1),
(1449, 1, 8, 1, 23, 'Buchukupada', 1),
(1450, 1, 8, 1, 23, 'Buchukupadabeat', 1),
(1451, 1, 8, 1, 23, 'Budhaamb', 1),
(1452, 1, 8, 1, 23, 'Chandiposh', 1),
(1453, 1, 8, 1, 23, 'Chandiposhbeat', 1),
(1454, 1, 8, 1, 23, 'Chhatam', 1),
(1455, 1, 8, 1, 23, 'Chhatantoli', 1),
(1456, 1, 8, 1, 23, 'Chinimahul', 1),
(1457, 1, 8, 1, 23, 'Chunaghati', 1),
(1458, 1, 8, 1, 23, 'Chungimati', 1),
(1459, 1, 8, 1, 23, 'Datarampur', 1),
(1460, 1, 8, 1, 23, 'Dhauraadha', 1),
(1461, 1, 8, 1, 23, 'Dheluan', 1),
(1462, 1, 8, 1, 23, 'Dhengurpani', 1),
(1463, 1, 8, 1, 23, 'Dubuku', 1),
(1464, 1, 8, 1, 23, 'Dudukabahal', 1),
(1465, 1, 8, 1, 23, 'Dungajore', 1),
(1466, 1, 8, 1, 23, 'Falsakani', 1),
(1467, 1, 8, 1, 23, 'Garvana', 1),
(1468, 1, 8, 1, 23, 'Ghoghar', 1),
(1469, 1, 8, 1, 23, 'Guthenberna', 1),
(1470, 1, 8, 1, 23, 'Gyanpali', 1),
(1471, 1, 8, 1, 23, 'Haldipani', 1),
(1472, 1, 8, 1, 23, 'Hatidharsacolony', 1),
(1473, 1, 8, 1, 23, 'Hatimunda', 1),
(1474, 1, 8, 1, 23, 'Hetbahal', 1),
(1475, 1, 8, 1, 23, 'Jampali', 1),
(1476, 1, 8, 1, 23, 'Jareikela', 1);
INSERT INTO `lkp_village` (`village_id`, `country_id`, `state_id`, `district_id`, `block_id`, `village_name`, `village_status`) VALUES
(1477, 1, 8, 1, 23, 'Jaurumal', 1),
(1478, 1, 8, 1, 23, 'Jhagarpur', 1),
(1479, 1, 8, 1, 23, 'Kadambahal', 1),
(1480, 1, 8, 1, 23, 'Kahachuan', 1),
(1481, 1, 8, 1, 23, 'Kalodih', 1),
(1482, 1, 8, 1, 23, 'Kesramal', 1),
(1483, 1, 8, 1, 23, 'Khairdihi', 1),
(1484, 1, 8, 1, 23, 'Kichimiri', 1),
(1485, 1, 8, 1, 23, 'Kichinda', 1),
(1486, 1, 8, 1, 23, 'Kukuda', 1),
(1487, 1, 8, 1, 23, 'Kukudamunda', 1),
(1488, 1, 8, 1, 23, 'Kuleipith', 1),
(1489, 1, 8, 1, 23, 'Kunjam', 1),
(1490, 1, 8, 1, 23, 'Kunumuru', 1),
(1491, 1, 8, 1, 23, 'Kutunia', 1),
(1492, 1, 8, 1, 23, 'Laing', 1),
(1493, 1, 8, 1, 23, 'Laing R S Colony', 1),
(1494, 1, 8, 1, 23, 'Lamloi', 1),
(1495, 1, 8, 1, 23, 'Lanjiberna', 1),
(1496, 1, 8, 1, 23, 'Laxmiposh', 1),
(1497, 1, 8, 1, 23, 'Lodhabasabeat', 1),
(1498, 1, 8, 1, 23, 'Malidih', 1),
(1499, 1, 8, 1, 23, 'Mandiakudar', 1),
(1500, 1, 8, 1, 23, 'Padajampali', 1),
(1501, 1, 8, 1, 23, 'Panposh', 1),
(1502, 1, 8, 1, 23, 'Pitamahul', 1),
(1503, 1, 8, 1, 23, 'Raiberna', 1),
(1504, 1, 8, 1, 23, 'Ramabahal', 1),
(1505, 1, 8, 1, 23, 'Ramlata', 1),
(1506, 1, 8, 1, 23, 'Ranipia', 1),
(1507, 1, 8, 1, 23, 'Rengalbeda', 1),
(1508, 1, 8, 1, 23, 'Sagjore', 1),
(1509, 1, 8, 1, 23, 'Samlaimunda', 1),
(1510, 1, 8, 1, 23, 'Sangudiali', 1),
(1511, 1, 8, 1, 23, 'Sarumohan', 1),
(1512, 1, 8, 1, 23, 'Silikudar', 1),
(1513, 1, 8, 1, 23, 'Sonakhanbeat', 1),
(1514, 1, 8, 1, 23, 'Sonbarcha', 1),
(1515, 1, 8, 1, 23, 'Sukhanala', 1),
(1516, 1, 8, 1, 23, 'Sunakhandi', 1),
(1517, 1, 8, 1, 23, 'Talkudar', 1),
(1518, 1, 8, 1, 23, 'Tilaimal', 1),
(1519, 1, 8, 1, 23, 'Tunguripali', 1),
(1520, 1, 8, 1, 24, 'Kulunga Industrial Estate Other Colony Area', 1),
(1521, 1, 8, 1, 25, 'I D L Factory Other Colony Area', 1),
(1522, 1, 8, 1, 26, 'Aleikera', 1),
(1523, 1, 8, 1, 26, 'Badmal', 1),
(1524, 1, 8, 1, 26, 'Badsarua', 1),
(1525, 1, 8, 1, 26, 'Baladmal', 1),
(1526, 1, 8, 1, 26, 'Balijore', 1),
(1527, 1, 8, 1, 26, 'Bandhapali', 1),
(1528, 1, 8, 1, 26, 'Bargarh', 1),
(1529, 1, 8, 1, 26, 'Baurimundagaon', 1),
(1530, 1, 8, 1, 26, 'Belkidihi', 1),
(1531, 1, 8, 1, 26, 'Bhagapali', 1),
(1532, 1, 8, 1, 26, 'Bhalubahal', 1),
(1533, 1, 8, 1, 26, 'Bhedabahal', 1),
(1534, 1, 8, 1, 26, 'Bijuli Khaman', 1),
(1535, 1, 8, 1, 26, 'Birtola', 1),
(1536, 1, 8, 1, 26, 'Brahmanipali', 1),
(1537, 1, 8, 1, 26, 'Budabahal', 1),
(1538, 1, 8, 1, 26, 'Chakramal', 1),
(1539, 1, 8, 1, 26, 'Chhatasargi', 1),
(1540, 1, 8, 1, 26, 'Daijmahul', 1),
(1541, 1, 8, 1, 26, 'Dainidihi', 1),
(1542, 1, 8, 1, 26, 'Dehurimunda', 1),
(1543, 1, 8, 1, 26, 'Dhabakhol', 1),
(1544, 1, 8, 1, 26, 'Dhaulakhaman', 1),
(1545, 1, 8, 1, 26, 'Didiga', 1),
(1546, 1, 8, 1, 26, 'Dumarbahal', 1),
(1547, 1, 8, 1, 26, 'Gaijore', 1),
(1548, 1, 8, 1, 26, 'Gilkudar', 1),
(1549, 1, 8, 1, 26, 'Goppur', 1),
(1550, 1, 8, 1, 26, 'Gotbandha R F', 1),
(1551, 1, 8, 1, 26, 'Gurabasa', 1),
(1552, 1, 8, 1, 26, 'Hamirpur', 1),
(1553, 1, 8, 1, 26, 'Indrapur', 1),
(1554, 1, 8, 1, 26, 'Jagannathposh', 1),
(1555, 1, 8, 1, 26, 'Jagatgarh', 1),
(1556, 1, 8, 1, 26, 'Japanga', 1),
(1557, 1, 8, 1, 26, 'Jharpani R F', 1),
(1558, 1, 8, 1, 26, 'Kalobahal', 1),
(1559, 1, 8, 1, 26, 'Kanakajora', 1),
(1560, 1, 8, 1, 26, 'Kandhabahal', 1),
(1561, 1, 8, 1, 26, 'Kanika', 1),
(1562, 1, 8, 1, 26, 'Karamdihi', 1),
(1563, 1, 8, 1, 26, 'Katra', 1),
(1564, 1, 8, 1, 26, 'Kenapali', 1),
(1565, 1, 8, 1, 26, 'Kepse', 1),
(1566, 1, 8, 1, 26, 'Kerai', 1),
(1567, 1, 8, 1, 26, 'Khuntagaon', 1),
(1568, 1, 8, 1, 26, 'Kiakachhar', 1),
(1569, 1, 8, 1, 26, 'Kopsingha', 1),
(1570, 1, 8, 1, 26, 'Kuarbaga', 1),
(1571, 1, 8, 1, 26, 'Kuraga', 1),
(1572, 1, 8, 1, 26, 'Kutenpani R F', 1),
(1573, 1, 8, 1, 26, 'Lahuraniberna', 1),
(1574, 1, 8, 1, 26, 'Lankahuda', 1),
(1575, 1, 8, 1, 26, 'Lemlema', 1),
(1576, 1, 8, 1, 26, 'Mahuljore', 1),
(1577, 1, 8, 1, 26, 'Mahulpali', 1),
(1578, 1, 8, 1, 26, 'Meghdega', 1),
(1579, 1, 8, 1, 26, 'Panchamahula', 1),
(1580, 1, 8, 1, 26, 'Parbatberna', 1),
(1581, 1, 8, 1, 26, 'Patakijore', 1),
(1582, 1, 8, 1, 26, 'Patuagarh', 1),
(1583, 1, 8, 1, 26, 'Podajalanga', 1),
(1584, 1, 8, 1, 26, 'Pradhanpat', 1),
(1585, 1, 8, 1, 26, 'Rajapur', 1),
(1586, 1, 8, 1, 26, 'Rangiamunda', 1),
(1587, 1, 8, 1, 26, 'Rasarajpur', 1),
(1588, 1, 8, 1, 26, 'Ratanapur', 1),
(1589, 1, 8, 1, 26, 'Rebdamal', 1),
(1590, 1, 8, 1, 26, 'Rupabahal', 1),
(1591, 1, 8, 1, 26, 'Rupidihi', 1),
(1592, 1, 8, 1, 26, 'Samina', 1),
(1593, 1, 8, 1, 26, 'Sanpatrapali', 1),
(1594, 1, 8, 1, 26, 'Sianbahal', 1),
(1595, 1, 8, 1, 26, 'Subalaya', 1),
(1596, 1, 8, 1, 26, 'Sudarsanpur', 1),
(1597, 1, 8, 1, 26, 'Sunajore', 1),
(1598, 1, 8, 1, 26, 'Tangarmunda', 1),
(1599, 1, 8, 1, 26, 'Tangarpali', 1),
(1600, 1, 8, 1, 26, 'Tasaladihi', 1),
(1601, 1, 8, 1, 26, 'Tedegamuhan', 1),
(1602, 1, 8, 1, 26, 'Telendihi', 1),
(1603, 1, 8, 1, 26, 'Telengapali', 1),
(1604, 1, 8, 1, 26, 'Telijore', 1),
(1605, 1, 8, 1, 26, 'Thelkobud', 1),
(1606, 1, 8, 1, 26, 'Timadehi', 1),
(1607, 1, 8, 1, 26, 'Tinkuda', 1),
(1608, 1, 8, 1, 26, 'Turungagarh', 1),
(1609, 1, 8, 1, 27, 'Bhajapur', 1),
(1610, 1, 8, 1, 27, 'Bhawanipur', 1),
(1611, 1, 8, 1, 28, 'Amatpani', 1),
(1612, 1, 8, 1, 28, 'Baglata', 1),
(1613, 1, 8, 1, 28, 'Balisankara', 1),
(1614, 1, 8, 1, 28, 'Bandega', 1),
(1615, 1, 8, 1, 28, 'Barhadema', 1),
(1616, 1, 8, 1, 28, 'Barpali', 1),
(1617, 1, 8, 1, 28, 'Bendojharia', 1),
(1618, 1, 8, 1, 28, 'Bhalutungri', 1),
(1619, 1, 8, 1, 28, 'Budabahal', 1),
(1620, 1, 8, 1, 28, 'Chikatjore', 1),
(1621, 1, 8, 1, 28, 'Damkuda', 1),
(1622, 1, 8, 1, 28, 'Deobahal', 1),
(1623, 1, 8, 1, 28, 'Deogaon', 1),
(1624, 1, 8, 1, 28, 'Dhudinuagaon', 1),
(1625, 1, 8, 1, 28, 'Diapathar', 1),
(1626, 1, 8, 1, 28, 'Fataimunda', 1),
(1627, 1, 8, 1, 28, 'Gaikanpali', 1),
(1628, 1, 8, 1, 28, 'Gailo', 1),
(1629, 1, 8, 1, 28, 'Gandamara', 1),
(1630, 1, 8, 1, 28, 'Ghoghar', 1),
(1631, 1, 8, 1, 28, 'Haldijharan', 1),
(1632, 1, 8, 1, 28, 'Hatibari', 1),
(1633, 1, 8, 1, 28, 'Hatichhapal', 1),
(1634, 1, 8, 1, 28, 'Hutopani', 1),
(1635, 1, 8, 1, 28, 'Jaisar', 1),
(1636, 1, 8, 1, 28, 'Jamudarha', 1),
(1637, 1, 8, 1, 28, 'Jamuna', 1),
(1638, 1, 8, 1, 28, 'Kaisar', 1),
(1639, 1, 8, 1, 28, 'Kaloberna', 1),
(1640, 1, 8, 1, 28, 'Kandapani R F', 1),
(1641, 1, 8, 1, 28, 'Kanhaighara', 1),
(1642, 1, 8, 1, 28, 'Kantabahal', 1),
(1643, 1, 8, 1, 28, 'Kelokhandi', 1),
(1644, 1, 8, 1, 28, 'Kendapani', 1),
(1645, 1, 8, 1, 28, 'Khajurikhaman', 1),
(1646, 1, 8, 1, 28, 'Khampur', 1),
(1647, 1, 8, 1, 28, 'Kiralaga', 1),
(1648, 1, 8, 1, 28, 'Kiralaga R F', 1),
(1649, 1, 8, 1, 28, 'Kiralagia R F', 1),
(1650, 1, 8, 1, 28, 'Kulenthopa', 1),
(1651, 1, 8, 1, 28, 'Kumudaphal', 1),
(1652, 1, 8, 1, 28, 'Kurai', 1),
(1653, 1, 8, 1, 28, 'Kurei', 1),
(1654, 1, 8, 1, 28, 'Kurumkel', 1),
(1655, 1, 8, 1, 28, 'Lamti', 1),
(1656, 1, 8, 1, 28, 'Latdega', 1),
(1657, 1, 8, 1, 28, 'Lulkidihi', 1),
(1658, 1, 8, 1, 28, 'Magarkunda', 1),
(1659, 1, 8, 1, 28, 'Mahulgaon Oraf Jhilimal', 1),
(1660, 1, 8, 1, 28, 'Malidehi', 1),
(1661, 1, 8, 1, 28, 'Matimakha', 1),
(1662, 1, 8, 1, 28, 'Mayabahal', 1),
(1663, 1, 8, 1, 28, 'Murkia', 1),
(1664, 1, 8, 1, 28, 'Patiaori', 1),
(1665, 1, 8, 1, 28, 'Peruabhadi', 1),
(1666, 1, 8, 1, 28, 'Phalsa', 1),
(1667, 1, 8, 1, 28, 'Pindhapathar', 1),
(1668, 1, 8, 1, 28, 'Rampur', 1),
(1669, 1, 8, 1, 28, 'Rasipatra', 1),
(1670, 1, 8, 1, 28, 'Rauldega', 1),
(1671, 1, 8, 1, 28, 'Rengali', 1),
(1672, 1, 8, 1, 28, 'Runipani', 1),
(1673, 1, 8, 1, 28, 'Sagbahal', 1),
(1674, 1, 8, 1, 28, 'Sagjori', 1),
(1675, 1, 8, 1, 28, 'Sagojor', 1),
(1676, 1, 8, 1, 28, 'Sahanamara', 1),
(1677, 1, 8, 1, 28, 'San Barhadema', 1),
(1678, 1, 8, 1, 28, 'Sandhapani', 1),
(1679, 1, 8, 1, 28, 'Sankara', 1),
(1680, 1, 8, 1, 28, 'Sankarabahal', 1),
(1681, 1, 8, 1, 28, 'Sankumudaphal', 1),
(1682, 1, 8, 1, 28, 'Sapdagar', 1),
(1683, 1, 8, 1, 28, 'Sapkundal', 1),
(1684, 1, 8, 1, 28, 'Simdega', 1),
(1685, 1, 8, 1, 28, 'Subdega', 1),
(1686, 1, 8, 1, 28, 'Talsara', 1),
(1687, 1, 8, 1, 28, 'Tangarbahal', 1),
(1688, 1, 8, 1, 28, 'Tangargaon', 1),
(1689, 1, 8, 1, 28, 'Tedikaha', 1),
(1690, 1, 8, 1, 28, 'Telijore', 1),
(1691, 1, 8, 1, 28, 'Tentulijharia', 1),
(1692, 1, 8, 1, 28, 'Tikilipara', 1),
(1693, 1, 8, 1, 28, 'Tilia', 1),
(1694, 1, 8, 1, 28, 'Titheitangar', 1),
(1695, 1, 8, 1, 28, 'Tumulia', 1),
(1696, 1, 8, 1, 29, 'Asurchhapal', 1),
(1697, 1, 8, 1, 29, 'Nuatoli', 1),
(1698, 1, 8, 1, 29, 'Sansunaparbat', 1),
(1699, 1, 8, 1, 29, 'Sunaparbat', 1),
(1700, 1, 8, 1, 30, 'Adadihi', 1),
(1701, 1, 8, 1, 30, 'Badjharan', 1),
(1702, 1, 8, 1, 30, 'Balitakudar', 1),
(1703, 1, 8, 1, 30, 'Bandhabhuin', 1),
(1704, 1, 8, 1, 30, 'Barghat', 1),
(1705, 1, 8, 1, 30, 'Basudihi', 1),
(1706, 1, 8, 1, 30, 'Bhadimara', 1),
(1707, 1, 8, 1, 30, 'Bhalupani', 1),
(1708, 1, 8, 1, 30, 'Chandrapur', 1),
(1709, 1, 8, 1, 30, 'Dalki', 1),
(1710, 1, 8, 1, 30, 'Ghanshyampur', 1),
(1711, 1, 8, 1, 30, 'Gujapal', 1),
(1712, 1, 8, 1, 30, 'Jamujore', 1),
(1713, 1, 8, 1, 30, 'Janukhole', 1),
(1714, 1, 8, 1, 30, 'Jhadbhuin', 1),
(1715, 1, 8, 1, 30, 'Jhirdapali', 1),
(1716, 1, 8, 1, 30, 'Kandhiposh', 1),
(1717, 1, 8, 1, 30, 'Kantapali', 1),
(1718, 1, 8, 1, 30, 'Kareiput', 1),
(1719, 1, 8, 1, 30, 'Kasada', 1),
(1720, 1, 8, 1, 30, 'Kathaphal', 1),
(1721, 1, 8, 1, 30, 'Khajuribahal', 1),
(1722, 1, 8, 1, 30, 'Khajuridihi', 1),
(1723, 1, 8, 1, 30, 'Kulkuta', 1),
(1724, 1, 8, 1, 30, 'Lamsi', 1),
(1725, 1, 8, 1, 30, 'Mar Dihi', 1),
(1726, 1, 8, 1, 30, 'Nagadihi', 1),
(1727, 1, 8, 1, 30, 'Niktimal', 1),
(1728, 1, 8, 1, 30, 'Nuadihi', 1),
(1729, 1, 8, 1, 30, 'Nuagaon', 1),
(1730, 1, 8, 1, 30, 'Pithachore', 1),
(1731, 1, 8, 1, 30, 'Sanbandhabhuin', 1),
(1732, 1, 8, 1, 30, 'Sanbhalupani', 1),
(1733, 1, 8, 1, 30, 'Sandalki', 1),
(1734, 1, 8, 1, 30, 'Sanjharan', 1),
(1735, 1, 8, 1, 30, 'Sanniktimal', 1),
(1736, 1, 8, 1, 30, 'Sannuagaon', 1),
(1737, 1, 8, 1, 30, 'Sansarsara', 1),
(1738, 1, 8, 1, 30, 'Sarsara', 1),
(1739, 1, 8, 1, 30, 'Sarsarabalang', 1),
(1740, 1, 8, 1, 30, 'Sibnathpur', 1),
(1741, 1, 8, 1, 30, 'Sindurkela', 1),
(1742, 1, 8, 1, 30, 'Tikayatpali', 1),
(1743, 1, 8, 1, 30, 'Tileimal', 1),
(1744, 1, 8, 1, 30, 'Tuniapali', 1),
(1745, 1, 8, 1, 30, 'Ulasara', 1);

-- --------------------------------------------------------

--
-- Table structure for table `lkp_world_region`
--

DROP TABLE IF EXISTS `lkp_world_region`;
CREATE TABLE IF NOT EXISTS `lkp_world_region` (
  `id` int UNSIGNED NOT NULL AUTO_INCREMENT,
  `world_region_name` text CHARACTER SET utf8mb3 COLLATE utf8mb3_general_ci,
  `status` tinyint(1) NOT NULL DEFAULT '1',
  PRIMARY KEY (`id`)
) ENGINE=InnoDB AUTO_INCREMENT=10 DEFAULT CHARSET=latin1;

--
-- Dumping data for table `lkp_world_region`
--

INSERT INTO `lkp_world_region` (`id`, `world_region_name`, `status`) VALUES
(1, 'Antarctica', 1),
(2, 'Australia New Zealand', 1),
(3, 'East Asia and Pacific', 1),
(4, 'Europe and Central Asia', 1),
(5, 'Latin America and Caribbean', 1),
(6, 'Middle East and North Africa', 1),
(7, 'North America', 1),
(8, 'South Asia', 1),
(9, 'Sub-Saharan Africa', 1);

-- --------------------------------------------------------

--
-- Table structure for table `query`
--

DROP TABLE IF EXISTS `query`;
CREATE TABLE IF NOT EXISTS `query` (
  `id` int NOT NULL AUTO_INCREMENT,
  `type` varchar(255) NOT NULL,
  `action` varchar(255) NOT NULL,
  `time` varchar(255) NOT NULL,
  `tablename` varchar(255) CHARACTER SET utf8mb3 COLLATE utf8mb3_general_ci DEFAULT NULL,
  `creator` int DEFAULT NULL,
  `platform` varchar(255) NOT NULL,
  `data` longtext NOT NULL,
  PRIMARY KEY (`id`)
) ENGINE=InnoDB DEFAULT CHARSET=latin1;

-- --------------------------------------------------------

--
-- Table structure for table `rpt_project_form_location`
--

DROP TABLE IF EXISTS `rpt_project_form_location`;
CREATE TABLE IF NOT EXISTS `rpt_project_form_location` (
  `location_id` int UNSIGNED NOT NULL AUTO_INCREMENT,
  `proj_id` int UNSIGNED DEFAULT NULL,
  `form_id` int UNSIGNED DEFAULT NULL,
  `location` text,
  `added_by` int UNSIGNED DEFAULT NULL,
  `added_datetime` datetime DEFAULT NULL,
  `ip_address` varchar(100) DEFAULT NULL,
  `status` tinyint(1) NOT NULL DEFAULT '1',
  PRIMARY KEY (`location_id`)
) ENGINE=InnoDB DEFAULT CHARSET=utf8mb3;

-- --------------------------------------------------------

--
-- Table structure for table `rpt_user_form_location`
--

DROP TABLE IF EXISTS `rpt_user_form_location`;
CREATE TABLE IF NOT EXISTS `rpt_user_form_location` (
  `id` int UNSIGNED NOT NULL AUTO_INCREMENT,
  `user_id` int UNSIGNED DEFAULT NULL,
  `proj_id` int UNSIGNED DEFAULT NULL,
  `form_id` int UNSIGNED DEFAULT NULL,
  `location` text,
  `added_by` int UNSIGNED DEFAULT NULL,
  `added_datetime` datetime DEFAULT NULL,
  `ip_address` varchar(100) DEFAULT NULL,
  `status` tinyint(1) DEFAULT '1',
  PRIMARY KEY (`id`)
) ENGINE=InnoDB DEFAULT CHARSET=utf8mb3;

-- --------------------------------------------------------

--
-- Table structure for table `survey1`
--

DROP TABLE IF EXISTS `survey1`;
CREATE TABLE IF NOT EXISTS `survey1` (
  `id` int NOT NULL AUTO_INCREMENT,
  `data_id` varchar(250) CHARACTER SET utf8mb3 COLLATE utf8mb3_general_ci NOT NULL,
  `project_id` int DEFAULT NULL,
  `site_id` int DEFAULT NULL,
  `fgd_ID` text CHARACTER SET utf8mb3 COLLATE utf8mb3_general_ci,
  `fgd_type` text CHARACTER SET utf8mb3 COLLATE utf8mb3_general_ci,
  `country_id` int DEFAULT NULL,
  `state_id` int DEFAULT NULL,
  `dist_id` int DEFAULT NULL,
  `tehsil_id` int DEFAULT NULL,
  `block_id` int DEFAULT NULL,
  `gp_id` int DEFAULT NULL,
  `village_id` int DEFAULT NULL,
  `field_501` text CHARACTER SET utf8mb3 COLLATE utf8mb3_general_ci,
  `field_1191` text CHARACTER SET utf8mb3 COLLATE utf8mb3_general_ci,
  `field_1192` text CHARACTER SET utf8mb3 COLLATE utf8mb3_general_ci,
  `field_502` text CHARACTER SET utf8mb3 COLLATE utf8mb3_general_ci,
  `field_503` text CHARACTER SET utf8mb3 COLLATE utf8mb3_general_ci,
  `field_504` text CHARACTER SET utf8mb3 COLLATE utf8mb3_general_ci,
  `field_505` text CHARACTER SET utf8mb3 COLLATE utf8mb3_general_ci,
  `field_506` text CHARACTER SET utf8mb3 COLLATE utf8mb3_general_ci,
  `field_684` text CHARACTER SET utf8mb3 COLLATE utf8mb3_general_ci,
  `field_685` text CHARACTER SET utf8mb3 COLLATE utf8mb3_general_ci,
  `field_509` text CHARACTER SET utf8mb3 COLLATE utf8mb3_general_ci,
  `field_686` text CHARACTER SET utf8mb3 COLLATE utf8mb3_general_ci,
  `field_513` text CHARACTER SET utf8mb3 COLLATE utf8mb3_general_ci,
  `field_510` text CHARACTER SET utf8mb3 COLLATE utf8mb3_general_ci,
  `field_507` text CHARACTER SET utf8mb3 COLLATE utf8mb3_general_ci,
  `field_508` text CHARACTER SET utf8mb3 COLLATE utf8mb3_general_ci,
  `field_511` text CHARACTER SET utf8mb3 COLLATE utf8mb3_general_ci,
  `field_512` text CHARACTER SET utf8mb3 COLLATE utf8mb3_general_ci,
  `field_687` text CHARACTER SET utf8mb3 COLLATE utf8mb3_general_ci,
  `field_688` text CHARACTER SET utf8mb3 COLLATE utf8mb3_general_ci,
  `field_689` text CHARACTER SET utf8mb3 COLLATE utf8mb3_general_ci,
  `field_690` text CHARACTER SET utf8mb3 COLLATE utf8mb3_general_ci,
  `field_691` text CHARACTER SET utf8mb3 COLLATE utf8mb3_general_ci,
  `field_692` text CHARACTER SET utf8mb3 COLLATE utf8mb3_general_ci,
  `field_693` text CHARACTER SET utf8mb3 COLLATE utf8mb3_general_ci,
  `field_1041` text CHARACTER SET utf8mb3 COLLATE utf8mb3_general_ci,
  `field_1042` text CHARACTER SET utf8mb3 COLLATE utf8mb3_general_ci,
  `field_1490` text CHARACTER SET utf8mb3 COLLATE utf8mb3_general_ci,
  `field_1043` text CHARACTER SET utf8mb3 COLLATE utf8mb3_general_ci,
  `field_1044` text CHARACTER SET utf8mb3 COLLATE utf8mb3_general_ci,
  `field_1045` text CHARACTER SET utf8mb3 COLLATE utf8mb3_general_ci,
  `field_1046` text CHARACTER SET utf8mb3 COLLATE utf8mb3_general_ci,
  `field_694` text CHARACTER SET utf8mb3 COLLATE utf8mb3_general_ci,
  `field_695` text CHARACTER SET utf8mb3 COLLATE utf8mb3_general_ci,
  `field_698` text CHARACTER SET utf8mb3 COLLATE utf8mb3_general_ci,
  `field_699` text CHARACTER SET utf8mb3 COLLATE utf8mb3_general_ci,
  `field_700` text CHARACTER SET utf8mb3 COLLATE utf8mb3_general_ci,
  `field_701` text CHARACTER SET utf8mb3 COLLATE utf8mb3_general_ci,
  `field_1047` text CHARACTER SET utf8mb3 COLLATE utf8mb3_general_ci,
  `field_696` text CHARACTER SET utf8mb3 COLLATE utf8mb3_general_ci,
  `field_1040` text CHARACTER SET utf8mb3 COLLATE utf8mb3_general_ci,
  `field_1038` text CHARACTER SET utf8mb3 COLLATE utf8mb3_general_ci,
  `field_956` text CHARACTER SET utf8mb3 COLLATE utf8mb3_general_ci,
  `field_958` text CHARACTER SET utf8mb3 COLLATE utf8mb3_general_ci,
  `field_959` text CHARACTER SET utf8mb3 COLLATE utf8mb3_general_ci,
  `field_1048` text CHARACTER SET utf8mb3 COLLATE utf8mb3_general_ci,
  `field_697` text CHARACTER SET utf8mb3 COLLATE utf8mb3_general_ci,
  `field_1039` text CHARACTER SET utf8mb3 COLLATE utf8mb3_general_ci,
  `field_957` text CHARACTER SET utf8mb3 COLLATE utf8mb3_general_ci,
  `field_960` text CHARACTER SET utf8mb3 COLLATE utf8mb3_general_ci,
  `field_961` text CHARACTER SET utf8mb3 COLLATE utf8mb3_general_ci,
  `field_703` text CHARACTER SET utf8mb3 COLLATE utf8mb3_general_ci,
  `field_706` text CHARACTER SET utf8mb3 COLLATE utf8mb3_general_ci,
  `field_1049` text CHARACTER SET utf8mb3 COLLATE utf8mb3_general_ci,
  `field_702` text CHARACTER SET utf8mb3 COLLATE utf8mb3_general_ci,
  `field_704` text CHARACTER SET utf8mb3 COLLATE utf8mb3_general_ci,
  `field_707` text CHARACTER SET utf8mb3 COLLATE utf8mb3_general_ci,
  `field_1050` text CHARACTER SET utf8mb3 COLLATE utf8mb3_general_ci,
  `field_1193` text CHARACTER SET utf8mb3 COLLATE utf8mb3_general_ci NOT NULL,
  `field_875` text CHARACTER SET utf8mb3 COLLATE utf8mb3_general_ci,
  `field_705` text CHARACTER SET utf8mb3 COLLATE utf8mb3_general_ci,
  `field_1051` text CHARACTER SET utf8mb3 COLLATE utf8mb3_general_ci,
  `field_1194` text CHARACTER SET utf8mb3 COLLATE utf8mb3_general_ci,
  `field_876` text CHARACTER SET utf8mb3 COLLATE utf8mb3_general_ci,
  `field_1052` text CHARACTER SET utf8mb3 COLLATE utf8mb3_general_ci,
  `field_1195` text CHARACTER SET utf8mb3 COLLATE utf8mb3_general_ci,
  `field_877` text CHARACTER SET utf8mb3 COLLATE utf8mb3_general_ci,
  `field_1053` text CHARACTER SET utf8mb3 COLLATE utf8mb3_general_ci,
  `field_1196` text CHARACTER SET utf8mb3 COLLATE utf8mb3_general_ci,
  `field_878` text CHARACTER SET utf8mb3 COLLATE utf8mb3_general_ci,
  `field_1054` text CHARACTER SET utf8mb3 COLLATE utf8mb3_general_ci,
  `field_1197` text CHARACTER SET utf8mb3 COLLATE utf8mb3_general_ci,
  `field_879` text CHARACTER SET utf8mb3 COLLATE utf8mb3_general_ci,
  `field_1055` text CHARACTER SET utf8mb3 COLLATE utf8mb3_general_ci,
  `field_1198` text CHARACTER SET utf8mb3 COLLATE utf8mb3_general_ci,
  `field_880` text CHARACTER SET utf8mb3 COLLATE utf8mb3_general_ci,
  `field_1056` text CHARACTER SET utf8mb3 COLLATE utf8mb3_general_ci,
  `field_1199` text CHARACTER SET utf8mb3 COLLATE utf8mb3_general_ci,
  `field_881` text CHARACTER SET utf8mb3 COLLATE utf8mb3_general_ci,
  `field_1057` text CHARACTER SET utf8mb3 COLLATE utf8mb3_general_ci,
  `field_1200` text CHARACTER SET utf8mb3 COLLATE utf8mb3_general_ci,
  `field_882` text CHARACTER SET utf8mb3 COLLATE utf8mb3_general_ci,
  `field_1058` text CHARACTER SET utf8mb3 COLLATE utf8mb3_general_ci,
  `field_1201` text CHARACTER SET utf8mb3 COLLATE utf8mb3_general_ci,
  `field_883` text CHARACTER SET utf8mb3 COLLATE utf8mb3_general_ci,
  `field_1059` text CHARACTER SET utf8mb3 COLLATE utf8mb3_general_ci,
  `field_1202` text CHARACTER SET utf8mb3 COLLATE utf8mb3_general_ci,
  `field_884` text CHARACTER SET utf8mb3 COLLATE utf8mb3_general_ci,
  `field_1060` text CHARACTER SET utf8mb3 COLLATE utf8mb3_general_ci,
  `field_1203` text CHARACTER SET utf8mb3 COLLATE utf8mb3_general_ci,
  `field_885` text CHARACTER SET utf8mb3 COLLATE utf8mb3_general_ci,
  `field_708` text CHARACTER SET utf8mb3 COLLATE utf8mb3_general_ci,
  `field_709` text CHARACTER SET utf8mb3 COLLATE utf8mb3_general_ci,
  `field_710` text CHARACTER SET utf8mb3 COLLATE utf8mb3_general_ci,
  `field_711` text CHARACTER SET utf8mb3 COLLATE utf8mb3_general_ci,
  `field_1061` text CHARACTER SET utf8mb3 COLLATE utf8mb3_general_ci,
  `field_712` text CHARACTER SET utf8mb3 COLLATE utf8mb3_general_ci,
  `field_1062` text CHARACTER SET utf8mb3 COLLATE utf8mb3_general_ci,
  `field_713` text CHARACTER SET utf8mb3 COLLATE utf8mb3_general_ci,
  `field_1063` text CHARACTER SET utf8mb3 COLLATE utf8mb3_general_ci,
  `field_714` text CHARACTER SET utf8mb3 COLLATE utf8mb3_general_ci,
  `field_1064` text CHARACTER SET utf8mb3 COLLATE utf8mb3_general_ci,
  `field_715` text CHARACTER SET utf8mb3 COLLATE utf8mb3_general_ci,
  `field_1065` text CHARACTER SET utf8mb3 COLLATE utf8mb3_general_ci,
  `field_716` text CHARACTER SET utf8mb3 COLLATE utf8mb3_general_ci,
  `field_1066` text CHARACTER SET utf8mb3 COLLATE utf8mb3_general_ci,
  `field_717` text CHARACTER SET utf8mb3 COLLATE utf8mb3_general_ci,
  `field_1067` text CHARACTER SET utf8mb3 COLLATE utf8mb3_general_ci,
  `field_718` text CHARACTER SET utf8mb3 COLLATE utf8mb3_general_ci,
  `field_1068` text CHARACTER SET utf8mb3 COLLATE utf8mb3_general_ci,
  `field_719` text CHARACTER SET utf8mb3 COLLATE utf8mb3_general_ci,
  `field_1069` text CHARACTER SET utf8mb3 COLLATE utf8mb3_general_ci,
  `field_720` text CHARACTER SET utf8mb3 COLLATE utf8mb3_general_ci,
  `field_1070` text CHARACTER SET utf8mb3 COLLATE utf8mb3_general_ci,
  `field_721` text CHARACTER SET utf8mb3 COLLATE utf8mb3_general_ci,
  `field_722` text CHARACTER SET utf8mb3 COLLATE utf8mb3_general_ci,
  `field_723` text CHARACTER SET utf8mb3 COLLATE utf8mb3_general_ci,
  `field_724` text CHARACTER SET utf8mb3 COLLATE utf8mb3_general_ci,
  `field_725` text CHARACTER SET utf8mb3 COLLATE utf8mb3_general_ci,
  `field_726` text CHARACTER SET utf8mb3 COLLATE utf8mb3_general_ci,
  `field_1071` text CHARACTER SET utf8mb3 COLLATE utf8mb3_general_ci,
  `field_727` text CHARACTER SET utf8mb3 COLLATE utf8mb3_general_ci,
  `field_728` text CHARACTER SET utf8mb3 COLLATE utf8mb3_general_ci,
  `field_1072` text CHARACTER SET utf8mb3 COLLATE utf8mb3_general_ci,
  `field_729` text CHARACTER SET utf8mb3 COLLATE utf8mb3_general_ci,
  `field_1073` text CHARACTER SET utf8mb3 COLLATE utf8mb3_general_ci,
  `field_730` text CHARACTER SET utf8mb3 COLLATE utf8mb3_general_ci,
  `field_731` text CHARACTER SET utf8mb3 COLLATE utf8mb3_general_ci,
  `field_732` text CHARACTER SET utf8mb3 COLLATE utf8mb3_general_ci,
  `field_733` text CHARACTER SET utf8mb3 COLLATE utf8mb3_general_ci,
  `field_1074` text CHARACTER SET utf8mb3 COLLATE utf8mb3_general_ci,
  `field_873` text CHARACTER SET utf8mb3 COLLATE utf8mb3_general_ci,
  `field_1075` text CHARACTER SET utf8mb3 COLLATE utf8mb3_general_ci,
  `field_734` text CHARACTER SET utf8mb3 COLLATE utf8mb3_general_ci,
  `field_874` text CHARACTER SET utf8mb3 COLLATE utf8mb3_general_ci,
  `field_735` text CHARACTER SET utf8mb3 COLLATE utf8mb3_general_ci,
  `field_736` text CHARACTER SET utf8mb3 COLLATE utf8mb3_general_ci,
  `field_1474` text CHARACTER SET utf8mb3 COLLATE utf8mb3_general_ci,
  `field_1475` text CHARACTER SET utf8mb3 COLLATE utf8mb3_general_ci,
  `field_737` text CHARACTER SET utf8mb3 COLLATE utf8mb3_general_ci,
  `field_738` text CHARACTER SET utf8mb3 COLLATE utf8mb3_general_ci,
  `field_739` text CHARACTER SET utf8mb3 COLLATE utf8mb3_general_ci,
  `field_651` text CHARACTER SET utf8mb3 COLLATE utf8mb3_general_ci,
  `field_740` text CHARACTER SET utf8mb3 COLLATE utf8mb3_general_ci,
  `field_868` text CHARACTER SET utf8mb3 COLLATE utf8mb3_general_ci,
  `field_869` text CHARACTER SET utf8mb3 COLLATE utf8mb3_general_ci,
  `field_870` text CHARACTER SET utf8mb3 COLLATE utf8mb3_general_ci,
  `field_871` text CHARACTER SET utf8mb3 COLLATE utf8mb3_general_ci,
  `field_872` text CHARACTER SET utf8mb3 COLLATE utf8mb3_general_ci,
  `field_656` text CHARACTER SET utf8mb3 COLLATE utf8mb3_general_ci,
  `field_657` text CHARACTER SET utf8mb3 COLLATE utf8mb3_general_ci,
  `field_658` text CHARACTER SET utf8mb3 COLLATE utf8mb3_general_ci,
  `verified` tinyint(1) DEFAULT NULL,
  `verified_id` int DEFAULT NULL,
  `verified_date` datetime DEFAULT NULL,
  `verified_reason` text,
  `user_id` int DEFAULT NULL,
  `datetime` datetime DEFAULT NULL,
  `ip_address` varchar(100) CHARACTER SET utf8mb3 COLLATE utf8mb3_general_ci DEFAULT NULL,
  `status` tinyint(1) NOT NULL DEFAULT '1',
  PRIMARY KEY (`id`),
  UNIQUE KEY `data_id` (`data_id`)
) ENGINE=InnoDB DEFAULT CHARSET=latin1;

-- --------------------------------------------------------

--
-- Table structure for table `survey1_groupdata`
--

DROP TABLE IF EXISTS `survey1_groupdata`;
CREATE TABLE IF NOT EXISTS `survey1_groupdata` (
  `id` int NOT NULL AUTO_INCREMENT,
  `group_id` varchar(250) CHARACTER SET utf8mb3 COLLATE utf8mb3_general_ci NOT NULL,
  `data_id` varchar(250) CHARACTER SET utf8mb3 COLLATE utf8mb3_general_ci NOT NULL,
  `groupfield_id` int NOT NULL,
  `data` text CHARACTER SET utf8mb3 COLLATE utf8mb3_general_ci,
  `user_id` int DEFAULT NULL,
  `datetime` datetime DEFAULT NULL,
  `ip_address` varchar(100) CHARACTER SET utf8mb3 COLLATE utf8mb3_general_ci DEFAULT NULL,
  `status` tinyint(1) NOT NULL DEFAULT '1',
  PRIMARY KEY (`id`),
  UNIQUE KEY `group_id` (`group_id`)
) ENGINE=InnoDB DEFAULT CHARSET=latin1;

-- --------------------------------------------------------

--
-- Table structure for table `survey4`
--

DROP TABLE IF EXISTS `survey4`;
CREATE TABLE IF NOT EXISTS `survey4` (
  `id` int NOT NULL AUTO_INCREMENT,
  `data_id` varchar(250) CHARACTER SET utf8mb3 COLLATE utf8mb3_general_ci NOT NULL,
  `fgd_ID` varchar(100) CHARACTER SET utf8mb3 COLLATE utf8mb3_general_ci DEFAULT NULL COMMENT 'FGD id',
  `fgd_project_id` int DEFAULT NULL,
  `fgd_site_id` int DEFAULT NULL,
  `country_id` int DEFAULT NULL,
  `state_id` int DEFAULT NULL,
  `dist_id` int DEFAULT NULL,
  `tehsil_id` int DEFAULT NULL,
  `block_id` int DEFAULT NULL,
  `gp_id` int DEFAULT NULL,
  `village_id` int DEFAULT NULL,
  `field_659` text CHARACTER SET utf8mb3 COLLATE utf8mb3_general_ci,
  `field_660` text CHARACTER SET utf8mb3 COLLATE utf8mb3_general_ci,
  `field_661` text CHARACTER SET utf8mb3 COLLATE utf8mb3_general_ci,
  `field_662` text CHARACTER SET utf8mb3 COLLATE utf8mb3_general_ci,
  `field_663` text CHARACTER SET utf8mb3 COLLATE utf8mb3_general_ci,
  `field_664` text CHARACTER SET utf8mb3 COLLATE utf8mb3_general_ci,
  `field_665` text CHARACTER SET utf8mb3 COLLATE utf8mb3_general_ci,
  `field_666` text CHARACTER SET utf8mb3 COLLATE utf8mb3_general_ci,
  `field_667` text CHARACTER SET utf8mb3 COLLATE utf8mb3_general_ci,
  `field_668` text CHARACTER SET utf8mb3 COLLATE utf8mb3_general_ci,
  `field_669` text CHARACTER SET utf8mb3 COLLATE utf8mb3_general_ci,
  `field_1476` text CHARACTER SET utf8mb3 COLLATE utf8mb3_general_ci,
  `field_670` text CHARACTER SET utf8mb3 COLLATE utf8mb3_general_ci,
  `field_671` text CHARACTER SET utf8mb3 COLLATE utf8mb3_general_ci,
  `field_672` text CHARACTER SET utf8mb3 COLLATE utf8mb3_general_ci,
  `field_673` text CHARACTER SET utf8mb3 COLLATE utf8mb3_general_ci,
  `field_674` text CHARACTER SET utf8mb3 COLLATE utf8mb3_general_ci,
  `field_676` text CHARACTER SET utf8mb3 COLLATE utf8mb3_general_ci,
  `field_677` text CHARACTER SET utf8mb3 COLLATE utf8mb3_general_ci,
  `field_675` text CHARACTER SET utf8mb3 COLLATE utf8mb3_general_ci,
  `field_1211` text CHARACTER SET utf8mb3 COLLATE utf8mb3_general_ci,
  `field_1204` text CHARACTER SET utf8mb3 COLLATE utf8mb3_general_ci,
  `field_1205` text CHARACTER SET utf8mb3 COLLATE utf8mb3_general_ci,
  `field_1206` text CHARACTER SET utf8mb3 COLLATE utf8mb3_general_ci,
  `field_682` text CHARACTER SET utf8mb3 COLLATE utf8mb3_general_ci,
  `field_963` text CHARACTER SET utf8mb3 COLLATE utf8mb3_general_ci,
  `field_683` text CHARACTER SET utf8mb3 COLLATE utf8mb3_general_ci,
  `field_741` text CHARACTER SET utf8mb3 COLLATE utf8mb3_general_ci,
  `field_743` text CHARACTER SET utf8mb3 COLLATE utf8mb3_general_ci,
  `field_744` text CHARACTER SET utf8mb3 COLLATE utf8mb3_general_ci,
  `field_1207` text CHARACTER SET utf8mb3 COLLATE utf8mb3_general_ci,
  `field_1208` text CHARACTER SET utf8mb3 COLLATE utf8mb3_general_ci,
  `field_1209` text CHARACTER SET utf8mb3 COLLATE utf8mb3_general_ci,
  `field_1210` text CHARACTER SET utf8mb3 COLLATE utf8mb3_general_ci,
  `field_745` text CHARACTER SET utf8mb3 COLLATE utf8mb3_general_ci,
  `field_746` text CHARACTER SET utf8mb3 COLLATE utf8mb3_general_ci,
  `field_748` text CHARACTER SET utf8mb3 COLLATE utf8mb3_general_ci,
  `field_1212` text CHARACTER SET utf8mb3 COLLATE utf8mb3_general_ci,
  `field_1223` text CHARACTER SET utf8mb3 COLLATE utf8mb3_general_ci,
  `field_1224` text CHARACTER SET utf8mb3 COLLATE utf8mb3_general_ci,
  `field_1228` text CHARACTER SET utf8mb3 COLLATE utf8mb3_general_ci,
  `field_1225` text CHARACTER SET utf8mb3 COLLATE utf8mb3_general_ci,
  `field_1226` text CHARACTER SET utf8mb3 COLLATE utf8mb3_general_ci,
  `field_1251` text CHARACTER SET utf8mb3 COLLATE utf8mb3_general_ci,
  `field_749` text CHARACTER SET utf8mb3 COLLATE utf8mb3_general_ci,
  `field_742` text CHARACTER SET utf8mb3 COLLATE utf8mb3_general_ci,
  `field_750` text CHARACTER SET utf8mb3 COLLATE utf8mb3_general_ci,
  `field_886` text CHARACTER SET utf8mb3 COLLATE utf8mb3_general_ci,
  `field_755` text CHARACTER SET utf8mb3 COLLATE utf8mb3_general_ci,
  `field_756` text CHARACTER SET utf8mb3 COLLATE utf8mb3_general_ci,
  `field_757` text CHARACTER SET utf8mb3 COLLATE utf8mb3_general_ci,
  `field_758` text CHARACTER SET utf8mb3 COLLATE utf8mb3_general_ci,
  `field_759` text CHARACTER SET utf8mb3 COLLATE utf8mb3_general_ci,
  `field_760` text CHARACTER SET utf8mb3 COLLATE utf8mb3_general_ci,
  `field_761` text CHARACTER SET utf8mb3 COLLATE utf8mb3_general_ci,
  `field_762` text CHARACTER SET utf8mb3 COLLATE utf8mb3_general_ci,
  `field_909` text CHARACTER SET utf8mb3 COLLATE utf8mb3_general_ci,
  `field_763` text CHARACTER SET utf8mb3 COLLATE utf8mb3_general_ci,
  `field_764` text CHARACTER SET utf8mb3 COLLATE utf8mb3_general_ci,
  `field_765` text CHARACTER SET utf8mb3 COLLATE utf8mb3_general_ci,
  `field_767` text CHARACTER SET utf8mb3 COLLATE utf8mb3_general_ci,
  `field_768` text CHARACTER SET utf8mb3 COLLATE utf8mb3_general_ci,
  `field_769` text CHARACTER SET utf8mb3 COLLATE utf8mb3_general_ci,
  `field_770` text CHARACTER SET utf8mb3 COLLATE utf8mb3_general_ci,
  `field_771` text CHARACTER SET utf8mb3 COLLATE utf8mb3_general_ci,
  `field_772` text CHARACTER SET utf8mb3 COLLATE utf8mb3_general_ci,
  `field_773` text CHARACTER SET utf8mb3 COLLATE utf8mb3_general_ci,
  `field_774` text CHARACTER SET utf8mb3 COLLATE utf8mb3_general_ci,
  `field_775` text CHARACTER SET utf8mb3 COLLATE utf8mb3_general_ci,
  `field_776` text CHARACTER SET utf8mb3 COLLATE utf8mb3_general_ci,
  `field_777` text CHARACTER SET utf8mb3 COLLATE utf8mb3_general_ci,
  `field_778` text CHARACTER SET utf8mb3 COLLATE utf8mb3_general_ci,
  `field_766` text CHARACTER SET utf8mb3 COLLATE utf8mb3_general_ci,
  `field_779` text CHARACTER SET utf8mb3 COLLATE utf8mb3_general_ci,
  `field_780` text CHARACTER SET utf8mb3 COLLATE utf8mb3_general_ci,
  `field_781` text CHARACTER SET utf8mb3 COLLATE utf8mb3_general_ci,
  `field_1114` text CHARACTER SET utf8mb3 COLLATE utf8mb3_general_ci,
  `field_782` text CHARACTER SET utf8mb3 COLLATE utf8mb3_general_ci,
  `field_783` text CHARACTER SET utf8mb3 COLLATE utf8mb3_general_ci,
  `field_784` text CHARACTER SET utf8mb3 COLLATE utf8mb3_general_ci,
  `field_785` text CHARACTER SET utf8mb3 COLLATE utf8mb3_general_ci,
  `field_1477` text CHARACTER SET utf8mb3 COLLATE utf8mb3_general_ci,
  `field_786` text CHARACTER SET utf8mb3 COLLATE utf8mb3_general_ci,
  `field_787` text CHARACTER SET utf8mb3 COLLATE utf8mb3_general_ci,
  `field_788` text CHARACTER SET utf8mb3 COLLATE utf8mb3_general_ci,
  `field_789` text CHARACTER SET utf8mb3 COLLATE utf8mb3_general_ci,
  `field_791` text CHARACTER SET utf8mb3 COLLATE utf8mb3_general_ci,
  `field_790` text CHARACTER SET utf8mb3 COLLATE utf8mb3_general_ci,
  `field_793` text CHARACTER SET utf8mb3 COLLATE utf8mb3_general_ci,
  `field_802` text CHARACTER SET utf8mb3 COLLATE utf8mb3_general_ci,
  `field_805` text CHARACTER SET utf8mb3 COLLATE utf8mb3_general_ci,
  `field_910` varchar(100) CHARACTER SET utf8mb3 COLLATE utf8mb3_general_ci DEFAULT NULL,
  `field_911` varchar(100) CHARACTER SET utf8mb3 COLLATE utf8mb3_general_ci DEFAULT NULL,
  `field_1004` varchar(100) CHARACTER SET utf8mb3 COLLATE utf8mb3_general_ci DEFAULT NULL,
  `field_1129` text CHARACTER SET utf8mb3 COLLATE utf8mb3_general_ci,
  `field_913` varchar(100) CHARACTER SET utf8mb3 COLLATE utf8mb3_general_ci DEFAULT NULL,
  `field_914` varchar(100) CHARACTER SET utf8mb3 COLLATE utf8mb3_general_ci DEFAULT NULL,
  `field_1133` text CHARACTER SET utf8mb3 COLLATE utf8mb3_general_ci,
  `field_915` varchar(100) CHARACTER SET utf8mb3 COLLATE utf8mb3_general_ci DEFAULT NULL,
  `field_1007` varchar(100) CHARACTER SET utf8mb3 COLLATE utf8mb3_general_ci DEFAULT NULL,
  `field_916` varchar(100) CHARACTER SET utf8mb3 COLLATE utf8mb3_general_ci DEFAULT NULL,
  `field_917` varchar(100) CHARACTER SET utf8mb3 COLLATE utf8mb3_general_ci DEFAULT NULL,
  `field_918` varchar(100) CHARACTER SET utf8mb3 COLLATE utf8mb3_general_ci DEFAULT NULL,
  `field_919` varchar(100) CHARACTER SET utf8mb3 COLLATE utf8mb3_general_ci DEFAULT NULL,
  `field_1010` varchar(100) CHARACTER SET utf8mb3 COLLATE utf8mb3_general_ci DEFAULT NULL,
  `field_1137` text CHARACTER SET utf8mb3 COLLATE utf8mb3_general_ci,
  `field_921` varchar(100) CHARACTER SET utf8mb3 COLLATE utf8mb3_general_ci DEFAULT NULL,
  `field_922` varchar(100) CHARACTER SET utf8mb3 COLLATE utf8mb3_general_ci DEFAULT NULL,
  `field_923` varchar(100) CHARACTER SET utf8mb3 COLLATE utf8mb3_general_ci DEFAULT NULL,
  `field_1013` varchar(100) CHARACTER SET utf8mb3 COLLATE utf8mb3_general_ci DEFAULT NULL,
  `field_1141` text CHARACTER SET utf8mb3 COLLATE utf8mb3_general_ci,
  `field_925` varchar(100) CHARACTER SET utf8mb3 COLLATE utf8mb3_general_ci DEFAULT NULL,
  `field_926` varchar(100) CHARACTER SET utf8mb3 COLLATE utf8mb3_general_ci DEFAULT NULL,
  `field_927` varchar(100) CHARACTER SET utf8mb3 COLLATE utf8mb3_general_ci DEFAULT NULL,
  `field_1016` varchar(100) CHARACTER SET utf8mb3 COLLATE utf8mb3_general_ci DEFAULT NULL,
  `field_1145` text CHARACTER SET utf8mb3 COLLATE utf8mb3_general_ci,
  `field_929` varchar(100) CHARACTER SET utf8mb3 COLLATE utf8mb3_general_ci DEFAULT NULL,
  `field_930` varchar(100) CHARACTER SET utf8mb3 COLLATE utf8mb3_general_ci DEFAULT NULL,
  `field_931` varchar(100) CHARACTER SET utf8mb3 COLLATE utf8mb3_general_ci DEFAULT NULL,
  `field_1019` varchar(100) CHARACTER SET utf8mb3 COLLATE utf8mb3_general_ci DEFAULT NULL,
  `field_1149` text CHARACTER SET utf8mb3 COLLATE utf8mb3_general_ci,
  `field_933` varchar(100) CHARACTER SET utf8mb3 COLLATE utf8mb3_general_ci DEFAULT NULL,
  `field_934` varchar(100) CHARACTER SET utf8mb3 COLLATE utf8mb3_general_ci DEFAULT NULL,
  `field_935` varchar(100) CHARACTER SET utf8mb3 COLLATE utf8mb3_general_ci DEFAULT NULL,
  `field_1022` varchar(100) CHARACTER SET utf8mb3 COLLATE utf8mb3_general_ci DEFAULT NULL,
  `field_1153` text CHARACTER SET utf8mb3 COLLATE utf8mb3_general_ci,
  `field_937` varchar(100) CHARACTER SET utf8mb3 COLLATE utf8mb3_general_ci DEFAULT NULL,
  `field_938` varchar(100) CHARACTER SET utf8mb3 COLLATE utf8mb3_general_ci DEFAULT NULL,
  `field_939` varchar(100) CHARACTER SET utf8mb3 COLLATE utf8mb3_general_ci DEFAULT NULL,
  `field_1025` varchar(100) CHARACTER SET utf8mb3 COLLATE utf8mb3_general_ci DEFAULT NULL,
  `field_1157` text CHARACTER SET utf8mb3 COLLATE utf8mb3_general_ci,
  `field_941` varchar(100) CHARACTER SET utf8mb3 COLLATE utf8mb3_general_ci DEFAULT NULL,
  `field_1026` varchar(100) CHARACTER SET utf8mb3 COLLATE utf8mb3_general_ci DEFAULT NULL,
  `field_942` varchar(100) CHARACTER SET utf8mb3 COLLATE utf8mb3_general_ci DEFAULT NULL,
  `field_943` varchar(100) CHARACTER SET utf8mb3 COLLATE utf8mb3_general_ci DEFAULT NULL,
  `field_1028` varchar(100) CHARACTER SET utf8mb3 COLLATE utf8mb3_general_ci DEFAULT NULL,
  `field_1161` text CHARACTER SET utf8mb3 COLLATE utf8mb3_general_ci,
  `field_945` varchar(100) CHARACTER SET utf8mb3 COLLATE utf8mb3_general_ci DEFAULT NULL,
  `field_946` varchar(100) CHARACTER SET utf8mb3 COLLATE utf8mb3_general_ci DEFAULT NULL,
  `field_947` varchar(100) CHARACTER SET utf8mb3 COLLATE utf8mb3_general_ci DEFAULT NULL,
  `field_1031` varchar(100) CHARACTER SET utf8mb3 COLLATE utf8mb3_general_ci DEFAULT NULL,
  `field_1165` text CHARACTER SET utf8mb3 COLLATE utf8mb3_general_ci,
  `field_949` varchar(100) CHARACTER SET utf8mb3 COLLATE utf8mb3_general_ci DEFAULT NULL,
  `field_950` varchar(100) CHARACTER SET utf8mb3 COLLATE utf8mb3_general_ci DEFAULT NULL,
  `field_951` varchar(100) CHARACTER SET utf8mb3 COLLATE utf8mb3_general_ci DEFAULT NULL,
  `field_1034` varchar(100) CHARACTER SET utf8mb3 COLLATE utf8mb3_general_ci DEFAULT NULL,
  `field_1169` text CHARACTER SET utf8mb3 COLLATE utf8mb3_general_ci,
  `field_953` varchar(100) CHARACTER SET utf8mb3 COLLATE utf8mb3_general_ci DEFAULT NULL,
  `field_954` varchar(100) CHARACTER SET utf8mb3 COLLATE utf8mb3_general_ci DEFAULT NULL,
  `field_955` varchar(100) CHARACTER SET utf8mb3 COLLATE utf8mb3_general_ci DEFAULT NULL,
  `field_1037` varchar(100) CHARACTER SET utf8mb3 COLLATE utf8mb3_general_ci DEFAULT NULL,
  `field_806` text CHARACTER SET utf8mb3 COLLATE utf8mb3_general_ci,
  `field_807` text CHARACTER SET utf8mb3 COLLATE utf8mb3_general_ci,
  `field_808` text CHARACTER SET utf8mb3 COLLATE utf8mb3_general_ci,
  `field_809` text CHARACTER SET utf8mb3 COLLATE utf8mb3_general_ci,
  `field_810` text CHARACTER SET utf8mb3 COLLATE utf8mb3_general_ci,
  `field_1478` text CHARACTER SET utf8mb3 COLLATE utf8mb3_general_ci,
  `field_811` text CHARACTER SET utf8mb3 COLLATE utf8mb3_general_ci,
  `field_812` text CHARACTER SET utf8mb3 COLLATE utf8mb3_general_ci,
  `field_813` text CHARACTER SET utf8mb3 COLLATE utf8mb3_general_ci,
  `field_1479` text CHARACTER SET utf8mb3 COLLATE utf8mb3_general_ci,
  `field_814` text CHARACTER SET utf8mb3 COLLATE utf8mb3_general_ci,
  `field_815` text CHARACTER SET utf8mb3 COLLATE utf8mb3_general_ci,
  `field_816` text CHARACTER SET utf8mb3 COLLATE utf8mb3_general_ci,
  `field_1480` text CHARACTER SET utf8mb3 COLLATE utf8mb3_general_ci,
  `field_817` text CHARACTER SET utf8mb3 COLLATE utf8mb3_general_ci,
  `field_818` text CHARACTER SET utf8mb3 COLLATE utf8mb3_general_ci,
  `field_819` text CHARACTER SET utf8mb3 COLLATE utf8mb3_general_ci,
  `field_1481` text CHARACTER SET utf8mb3 COLLATE utf8mb3_general_ci,
  `field_820` text CHARACTER SET utf8mb3 COLLATE utf8mb3_general_ci,
  `field_821` text CHARACTER SET utf8mb3 COLLATE utf8mb3_general_ci,
  `field_822` text CHARACTER SET utf8mb3 COLLATE utf8mb3_general_ci,
  `field_1482` text CHARACTER SET utf8mb3 COLLATE utf8mb3_general_ci,
  `field_823` text CHARACTER SET utf8mb3 COLLATE utf8mb3_general_ci,
  `field_824` text CHARACTER SET utf8mb3 COLLATE utf8mb3_general_ci,
  `field_825` text CHARACTER SET utf8mb3 COLLATE utf8mb3_general_ci,
  `field_1483` text CHARACTER SET utf8mb3 COLLATE utf8mb3_general_ci,
  `field_826` text CHARACTER SET utf8mb3 COLLATE utf8mb3_general_ci,
  `field_827` text CHARACTER SET utf8mb3 COLLATE utf8mb3_general_ci,
  `field_828` text CHARACTER SET utf8mb3 COLLATE utf8mb3_general_ci,
  `field_1484` text CHARACTER SET utf8mb3 COLLATE utf8mb3_general_ci,
  `field_829` text CHARACTER SET utf8mb3 COLLATE utf8mb3_general_ci,
  `field_830` text CHARACTER SET utf8mb3 COLLATE utf8mb3_general_ci,
  `field_831` text CHARACTER SET utf8mb3 COLLATE utf8mb3_general_ci,
  `field_1485` text CHARACTER SET utf8mb3 COLLATE utf8mb3_general_ci,
  `field_832` text CHARACTER SET utf8mb3 COLLATE utf8mb3_general_ci,
  `field_833` text CHARACTER SET utf8mb3 COLLATE utf8mb3_general_ci,
  `field_834` text CHARACTER SET utf8mb3 COLLATE utf8mb3_general_ci,
  `field_1486` text CHARACTER SET utf8mb3 COLLATE utf8mb3_general_ci,
  `field_835` text CHARACTER SET utf8mb3 COLLATE utf8mb3_general_ci,
  `field_836` text CHARACTER SET utf8mb3 COLLATE utf8mb3_general_ci,
  `field_837` text CHARACTER SET utf8mb3 COLLATE utf8mb3_general_ci,
  `field_1487` text CHARACTER SET utf8mb3 COLLATE utf8mb3_general_ci,
  `field_838` text CHARACTER SET utf8mb3 COLLATE utf8mb3_general_ci,
  `field_839` text CHARACTER SET utf8mb3 COLLATE utf8mb3_general_ci,
  `field_840` text CHARACTER SET utf8mb3 COLLATE utf8mb3_general_ci,
  `field_1488` text CHARACTER SET utf8mb3 COLLATE utf8mb3_general_ci,
  `field_841` text CHARACTER SET utf8mb3 COLLATE utf8mb3_general_ci,
  `field_842` text CHARACTER SET utf8mb3 COLLATE utf8mb3_general_ci,
  `field_843` text CHARACTER SET utf8mb3 COLLATE utf8mb3_general_ci,
  `field_1489` text CHARACTER SET utf8mb3 COLLATE utf8mb3_general_ci,
  `field_844` text CHARACTER SET utf8mb3 COLLATE utf8mb3_general_ci,
  `field_845` text CHARACTER SET utf8mb3 COLLATE utf8mb3_general_ci,
  `field_846` text CHARACTER SET utf8mb3 COLLATE utf8mb3_general_ci,
  `field_847` text CHARACTER SET utf8mb3 COLLATE utf8mb3_general_ci,
  `field_848` text CHARACTER SET utf8mb3 COLLATE utf8mb3_general_ci,
  `field_849` text CHARACTER SET utf8mb3 COLLATE utf8mb3_general_ci,
  `field_850` text CHARACTER SET utf8mb3 COLLATE utf8mb3_general_ci,
  `field_851` text CHARACTER SET utf8mb3 COLLATE utf8mb3_general_ci,
  `field_852` text CHARACTER SET utf8mb3 COLLATE utf8mb3_general_ci,
  `field_853` text CHARACTER SET utf8mb3 COLLATE utf8mb3_general_ci,
  `field_854` text CHARACTER SET utf8mb3 COLLATE utf8mb3_general_ci,
  `field_1275` text CHARACTER SET utf8mb3 COLLATE utf8mb3_general_ci,
  `field_1276` text CHARACTER SET utf8mb3 COLLATE utf8mb3_general_ci,
  `field_1278` text CHARACTER SET utf8mb3 COLLATE utf8mb3_general_ci,
  `field_1280` text CHARACTER SET utf8mb3 COLLATE utf8mb3_general_ci,
  `field_1282` text CHARACTER SET utf8mb3 COLLATE utf8mb3_general_ci,
  `field_1284` text CHARACTER SET utf8mb3 COLLATE utf8mb3_general_ci,
  `field_1286` text CHARACTER SET utf8mb3 COLLATE utf8mb3_general_ci,
  `field_1288` text CHARACTER SET utf8mb3 COLLATE utf8mb3_general_ci,
  `field_1289` text CHARACTER SET utf8mb3 COLLATE utf8mb3_general_ci,
  `field_1291` text CHARACTER SET utf8mb3 COLLATE utf8mb3_general_ci,
  `field_1292` text CHARACTER SET utf8mb3 COLLATE utf8mb3_general_ci,
  `field_1294` text CHARACTER SET utf8mb3 COLLATE utf8mb3_general_ci,
  `field_1296` text CHARACTER SET utf8mb3 COLLATE utf8mb3_general_ci,
  `field_1298` text CHARACTER SET utf8mb3 COLLATE utf8mb3_general_ci,
  `field_1300` text CHARACTER SET utf8mb3 COLLATE utf8mb3_general_ci,
  `field_1302` text CHARACTER SET utf8mb3 COLLATE utf8mb3_general_ci,
  `field_1304` text CHARACTER SET utf8mb3 COLLATE utf8mb3_general_ci,
  `field_1305` text CHARACTER SET utf8mb3 COLLATE utf8mb3_general_ci,
  `field_1307` text CHARACTER SET utf8mb3 COLLATE utf8mb3_general_ci,
  `field_1308` text CHARACTER SET utf8mb3 COLLATE utf8mb3_general_ci,
  `field_1310` text CHARACTER SET utf8mb3 COLLATE utf8mb3_general_ci,
  `field_1312` text CHARACTER SET utf8mb3 COLLATE utf8mb3_general_ci,
  `field_1314` text CHARACTER SET utf8mb3 COLLATE utf8mb3_general_ci,
  `field_1316` text CHARACTER SET utf8mb3 COLLATE utf8mb3_general_ci,
  `field_1318` text CHARACTER SET utf8mb3 COLLATE utf8mb3_general_ci,
  `field_1320` text CHARACTER SET utf8mb3 COLLATE utf8mb3_general_ci,
  `field_1321` text CHARACTER SET utf8mb3 COLLATE utf8mb3_general_ci,
  `field_1323` text CHARACTER SET utf8mb3 COLLATE utf8mb3_general_ci,
  `field_1324` text CHARACTER SET utf8mb3 COLLATE utf8mb3_general_ci,
  `field_1326` text CHARACTER SET utf8mb3 COLLATE utf8mb3_general_ci,
  `field_1328` text CHARACTER SET utf8mb3 COLLATE utf8mb3_general_ci,
  `field_1330` text CHARACTER SET utf8mb3 COLLATE utf8mb3_general_ci,
  `field_1332` text CHARACTER SET utf8mb3 COLLATE utf8mb3_general_ci,
  `field_1334` text CHARACTER SET utf8mb3 COLLATE utf8mb3_general_ci,
  `field_1336` text CHARACTER SET utf8mb3 COLLATE utf8mb3_general_ci,
  `field_1337` text CHARACTER SET utf8mb3 COLLATE utf8mb3_general_ci,
  `field_1339` text CHARACTER SET utf8mb3 COLLATE utf8mb3_general_ci,
  `field_1340` text CHARACTER SET utf8mb3 COLLATE utf8mb3_general_ci,
  `field_1342` text CHARACTER SET utf8mb3 COLLATE utf8mb3_general_ci,
  `field_1344` text CHARACTER SET utf8mb3 COLLATE utf8mb3_general_ci,
  `field_1346` text CHARACTER SET utf8mb3 COLLATE utf8mb3_general_ci,
  `field_1348` text CHARACTER SET utf8mb3 COLLATE utf8mb3_general_ci,
  `field_1350` text CHARACTER SET utf8mb3 COLLATE utf8mb3_general_ci,
  `field_1352` text CHARACTER SET utf8mb3 COLLATE utf8mb3_general_ci,
  `field_1353` text CHARACTER SET utf8mb3 COLLATE utf8mb3_general_ci,
  `field_1355` text CHARACTER SET utf8mb3 COLLATE utf8mb3_general_ci,
  `field_1356` text CHARACTER SET utf8mb3 COLLATE utf8mb3_general_ci,
  `field_1358` text CHARACTER SET utf8mb3 COLLATE utf8mb3_general_ci,
  `field_1360` text CHARACTER SET utf8mb3 COLLATE utf8mb3_general_ci,
  `field_1362` text CHARACTER SET utf8mb3 COLLATE utf8mb3_general_ci,
  `field_1364` text CHARACTER SET utf8mb3 COLLATE utf8mb3_general_ci,
  `field_1366` text CHARACTER SET utf8mb3 COLLATE utf8mb3_general_ci,
  `field_1368` text CHARACTER SET utf8mb3 COLLATE utf8mb3_general_ci,
  `field_1369` text CHARACTER SET utf8mb3 COLLATE utf8mb3_general_ci,
  `field_1371` text CHARACTER SET utf8mb3 COLLATE utf8mb3_general_ci,
  `field_1372` text CHARACTER SET utf8mb3 COLLATE utf8mb3_general_ci,
  `field_1374` text CHARACTER SET utf8mb3 COLLATE utf8mb3_general_ci,
  `field_1376` text CHARACTER SET utf8mb3 COLLATE utf8mb3_general_ci,
  `field_1378` text CHARACTER SET utf8mb3 COLLATE utf8mb3_general_ci,
  `field_1380` text CHARACTER SET utf8mb3 COLLATE utf8mb3_general_ci,
  `field_1382` text CHARACTER SET utf8mb3 COLLATE utf8mb3_general_ci,
  `field_1384` text CHARACTER SET utf8mb3 COLLATE utf8mb3_general_ci,
  `field_1385` text CHARACTER SET utf8mb3 COLLATE utf8mb3_general_ci,
  `field_1387` text CHARACTER SET utf8mb3 COLLATE utf8mb3_general_ci,
  `field_1388` text CHARACTER SET utf8mb3 COLLATE utf8mb3_general_ci,
  `field_1390` text CHARACTER SET utf8mb3 COLLATE utf8mb3_general_ci,
  `field_1392` text CHARACTER SET utf8mb3 COLLATE utf8mb3_general_ci,
  `field_1394` text CHARACTER SET utf8mb3 COLLATE utf8mb3_general_ci,
  `field_1396` text CHARACTER SET utf8mb3 COLLATE utf8mb3_general_ci,
  `field_1398` text CHARACTER SET utf8mb3 COLLATE utf8mb3_general_ci,
  `field_1400` text CHARACTER SET utf8mb3 COLLATE utf8mb3_general_ci,
  `field_1401` text CHARACTER SET utf8mb3 COLLATE utf8mb3_general_ci,
  `field_1403` text CHARACTER SET utf8mb3 COLLATE utf8mb3_general_ci,
  `field_1404` text CHARACTER SET utf8mb3 COLLATE utf8mb3_general_ci,
  `field_1406` text CHARACTER SET utf8mb3 COLLATE utf8mb3_general_ci,
  `field_1408` text CHARACTER SET utf8mb3 COLLATE utf8mb3_general_ci,
  `field_1410` text CHARACTER SET utf8mb3 COLLATE utf8mb3_general_ci,
  `field_1412` text CHARACTER SET utf8mb3 COLLATE utf8mb3_general_ci,
  `field_1414` text CHARACTER SET utf8mb3 COLLATE utf8mb3_general_ci,
  `field_1416` text CHARACTER SET utf8mb3 COLLATE utf8mb3_general_ci,
  `field_1417` text CHARACTER SET utf8mb3 COLLATE utf8mb3_general_ci,
  `field_1419` text CHARACTER SET utf8mb3 COLLATE utf8mb3_general_ci,
  `field_1420` text CHARACTER SET utf8mb3 COLLATE utf8mb3_general_ci,
  `field_1422` text CHARACTER SET utf8mb3 COLLATE utf8mb3_general_ci,
  `field_1424` text CHARACTER SET utf8mb3 COLLATE utf8mb3_general_ci,
  `field_1426` text CHARACTER SET utf8mb3 COLLATE utf8mb3_general_ci,
  `field_1428` text CHARACTER SET utf8mb3 COLLATE utf8mb3_general_ci,
  `field_1430` text CHARACTER SET utf8mb3 COLLATE utf8mb3_general_ci,
  `field_1432` text CHARACTER SET utf8mb3 COLLATE utf8mb3_general_ci,
  `field_1433` text CHARACTER SET utf8mb3 COLLATE utf8mb3_general_ci,
  `field_1435` text CHARACTER SET utf8mb3 COLLATE utf8mb3_general_ci,
  `field_1436` text CHARACTER SET utf8mb3 COLLATE utf8mb3_general_ci,
  `field_1438` text CHARACTER SET utf8mb3 COLLATE utf8mb3_general_ci,
  `field_1440` text CHARACTER SET utf8mb3 COLLATE utf8mb3_general_ci,
  `field_1442` text CHARACTER SET utf8mb3 COLLATE utf8mb3_general_ci,
  `field_1444` text CHARACTER SET utf8mb3 COLLATE utf8mb3_general_ci,
  `field_1446` text CHARACTER SET utf8mb3 COLLATE utf8mb3_general_ci,
  `field_1448` text CHARACTER SET utf8mb3 COLLATE utf8mb3_general_ci,
  `field_1449` text CHARACTER SET utf8mb3 COLLATE utf8mb3_general_ci,
  `field_855` text CHARACTER SET utf8mb3 COLLATE utf8mb3_general_ci,
  `field_856` text CHARACTER SET utf8mb3 COLLATE utf8mb3_general_ci,
  `field_857` text CHARACTER SET utf8mb3 COLLATE utf8mb3_general_ci,
  `field_858` text CHARACTER SET utf8mb3 COLLATE utf8mb3_general_ci,
  `field_859` text CHARACTER SET utf8mb3 COLLATE utf8mb3_general_ci,
  `field_860` varchar(100) CHARACTER SET utf8mb3 COLLATE utf8mb3_general_ci DEFAULT NULL,
  `field_861` varchar(100) CHARACTER SET utf8mb3 COLLATE utf8mb3_general_ci DEFAULT NULL,
  `field_862` varchar(100) CHARACTER SET utf8mb3 COLLATE utf8mb3_general_ci DEFAULT NULL,
  `field_863` varchar(100) CHARACTER SET utf8mb3 COLLATE utf8mb3_general_ci DEFAULT NULL,
  `field_864` varchar(100) CHARACTER SET utf8mb3 COLLATE utf8mb3_general_ci DEFAULT NULL,
  `field_865` varchar(100) CHARACTER SET utf8mb3 COLLATE utf8mb3_general_ci DEFAULT NULL,
  `field_866` varchar(100) CHARACTER SET utf8mb3 COLLATE utf8mb3_general_ci DEFAULT NULL,
  `field_867` varchar(100) CHARACTER SET utf8mb3 COLLATE utf8mb3_general_ci DEFAULT NULL,
  `verified` tinyint(1) DEFAULT NULL,
  `verified_id` int DEFAULT NULL,
  `verified_date` datetime DEFAULT NULL,
  `verified_reason` text,
  `user_id` int DEFAULT NULL,
  `datetime` datetime DEFAULT NULL,
  `ip_address` varchar(100) CHARACTER SET utf8mb3 COLLATE utf8mb3_general_ci DEFAULT NULL,
  `status` tinyint(1) NOT NULL DEFAULT '1',
  PRIMARY KEY (`id`),
  UNIQUE KEY `data_id` (`data_id`)
) ENGINE=MyISAM DEFAULT CHARSET=latin1;

-- --------------------------------------------------------

--
-- Table structure for table `survey4_groupdata`
--

DROP TABLE IF EXISTS `survey4_groupdata`;
CREATE TABLE IF NOT EXISTS `survey4_groupdata` (
  `id` int NOT NULL AUTO_INCREMENT,
  `group_id` varchar(250) CHARACTER SET utf8mb3 COLLATE utf8mb3_general_ci NOT NULL,
  `data_id` varchar(250) CHARACTER SET utf8mb3 COLLATE utf8mb3_general_ci NOT NULL,
  `groupfield_id` int NOT NULL,
  `data` text CHARACTER SET utf8mb3 COLLATE utf8mb3_general_ci,
  `user_id` int DEFAULT NULL,
  `datetime` datetime DEFAULT NULL,
  `ip_address` varchar(100) CHARACTER SET utf8mb3 COLLATE utf8mb3_general_ci DEFAULT NULL,
  `status` tinyint(1) NOT NULL DEFAULT '1',
  PRIMARY KEY (`id`),
  UNIQUE KEY `group_id` (`group_id`)
) ENGINE=InnoDB DEFAULT CHARSET=latin1;

-- --------------------------------------------------------

--
-- Table structure for table `tbl_agreement`
--

DROP TABLE IF EXISTS `tbl_agreement`;
CREATE TABLE IF NOT EXISTS `tbl_agreement` (
  `agreement_id` int NOT NULL AUTO_INCREMENT,
  `agreement_data_id` text CHARACTER SET utf8mb3 COLLATE utf8mb3_general_ci,
  `plot_data_id` text CHARACTER SET utf8mb3 COLLATE utf8mb3_general_ci,
  `farmer_number` text CHARACTER SET utf8mb3 COLLATE utf8mb3_general_ci,
  `field_1113` text CHARACTER SET utf8mb3 COLLATE utf8mb3_general_ci,
  `field_1114` text CHARACTER SET utf8mb3 COLLATE utf8mb3_general_ci,
  `field_1115` text CHARACTER SET utf8mb3 COLLATE utf8mb3_general_ci,
  `field_1116` text CHARACTER SET utf8mb3 COLLATE utf8mb3_general_ci,
  `added_by` int DEFAULT NULL,
  `added_date` datetime DEFAULT NULL,
  `ip_address` varchar(100) CHARACTER SET utf8mb3 COLLATE utf8mb3_general_ci DEFAULT NULL,
  `agreement_status` tinyint(1) DEFAULT '1',
  PRIMARY KEY (`agreement_id`)
) ENGINE=InnoDB DEFAULT CHARSET=latin1;

-- --------------------------------------------------------

--
-- Table structure for table `tbl_checkin_checkout`
--

DROP TABLE IF EXISTS `tbl_checkin_checkout`;
CREATE TABLE IF NOT EXISTS `tbl_checkin_checkout` (
  `inout_id` int NOT NULL AUTO_INCREMENT,
  `user_id` int DEFAULT NULL,
  `client_id` int DEFAULT NULL,
  `type` tinyint(1) DEFAULT NULL COMMENT '1 means checkin, 0 means checkout',
  `date_time` datetime DEFAULT NULL,
  `latitude` varchar(100) CHARACTER SET utf8mb3 COLLATE utf8mb3_general_ci DEFAULT NULL,
  `longitude` varchar(100) CHARACTER SET utf8mb3 COLLATE utf8mb3_general_ci DEFAULT NULL,
  `inout_status` tinyint DEFAULT '1',
  PRIMARY KEY (`inout_id`)
) ENGINE=InnoDB DEFAULT CHARSET=latin1;

-- --------------------------------------------------------

--
-- Table structure for table `tbl_client_location`
--

DROP TABLE IF EXISTS `tbl_client_location`;
CREATE TABLE IF NOT EXISTS `tbl_client_location` (
  `loc_id` int NOT NULL AUTO_INCREMENT,
  `client_id` int DEFAULT NULL,
  `state_id` int DEFAULT NULL,
  `district_id` int DEFAULT NULL,
  `added_by` int DEFAULT NULL,
  `status` tinyint(1) DEFAULT '1',
  PRIMARY KEY (`loc_id`)
) ENGINE=InnoDB AUTO_INCREMENT=38 DEFAULT CHARSET=latin1;

--
-- Dumping data for table `tbl_client_location`
--

INSERT INTO `tbl_client_location` (`loc_id`, `client_id`, `state_id`, `district_id`, `added_by`, `status`) VALUES
(17, 2001, 1, 31, 1, 1),
(18, 2001, 1, 32, 1, 1),
(19, 2001, 2, 35, 1, 1),
(20, 2001, 2, 36, 1, 1),
(21, 2001, 3, 68, 1, 1),
(22, 2001, 3, 69, 1, 1),
(32, 1000, 1, 31, 1, 1),
(33, 1000, 1, 32, 1, 1),
(34, 1000, 1, 33, 1, 1),
(35, 1000, 1, 72, 1, 1),
(36, 1000, 2, 35, 1, 1),
(37, 1000, 3, 68, 1, 1);

-- --------------------------------------------------------

--
-- Table structure for table `tbl_farmers`
--

DROP TABLE IF EXISTS `tbl_farmers`;
CREATE TABLE IF NOT EXISTS `tbl_farmers` (
  `farmer_id` int UNSIGNED NOT NULL AUTO_INCREMENT,
  `data_id` text CHARACTER SET utf8mb3 COLLATE utf8mb3_general_ci,
  `farmer_number` varchar(40) CHARACTER SET utf8mb3 COLLATE utf8mb3_general_ci DEFAULT NULL,
  `sap_farmer_number` text CHARACTER SET utf8mb3 COLLATE utf8mb3_general_ci,
  `division_id` varchar(40) DEFAULT NULL,
  `circle_id` varchar(40) DEFAULT NULL,
  `village_id` varchar(40) DEFAULT NULL,
  `field_1008` text CHARACTER SET utf8mb3 COLLATE utf8mb3_general_ci,
  `field_1009` text CHARACTER SET utf8mb3 COLLATE utf8mb3_general_ci,
  `field_1000` text CHARACTER SET utf8mb3 COLLATE utf8mb3_general_ci,
  `field_1001` text CHARACTER SET utf8mb3 COLLATE utf8mb3_general_ci,
  `field_1002` text CHARACTER SET utf8mb3 COLLATE utf8mb3_general_ci,
  `field_1003` text CHARACTER SET utf8mb3 COLLATE utf8mb3_general_ci,
  `field_1004` text CHARACTER SET utf8mb3 COLLATE utf8mb3_general_ci,
  `field_1005` text CHARACTER SET utf8mb3 COLLATE utf8mb3_general_ci,
  `field_1006` text CHARACTER SET utf8mb3 COLLATE utf8mb3_general_ci,
  `field_1060` text CHARACTER SET utf8mb3 COLLATE utf8mb3_general_ci,
  `field_1061` text CHARACTER SET utf8mb3 COLLATE utf8mb3_general_ci,
  `field_1097` text CHARACTER SET utf8mb3 COLLATE utf8mb3_general_ci,
  `field_1098` text CHARACTER SET utf8mb3 COLLATE utf8mb3_general_ci,
  `field_1062` text CHARACTER SET utf8mb3 COLLATE utf8mb3_general_ci,
  `field_1063` text CHARACTER SET utf8mb3 COLLATE utf8mb3_general_ci,
  `field_1064` text CHARACTER SET utf8mb3 COLLATE utf8mb3_general_ci,
  `field_1065` text CHARACTER SET utf8mb3 COLLATE utf8mb3_general_ci,
  `field_1066` text CHARACTER SET utf8mb3 COLLATE utf8mb3_general_ci,
  `field_1067` text CHARACTER SET utf8mb3 COLLATE utf8mb3_general_ci,
  `field_1068` text CHARACTER SET utf8mb3 COLLATE utf8mb3_general_ci,
  `field_1069` text CHARACTER SET utf8mb3 COLLATE utf8mb3_general_ci,
  `field_1070` text CHARACTER SET utf8mb3 COLLATE utf8mb3_general_ci,
  `field_1071` text CHARACTER SET utf8mb3 COLLATE utf8mb3_general_ci,
  `field_1072` text CHARACTER SET utf8mb3 COLLATE utf8mb3_general_ci,
  `field_1073` text CHARACTER SET utf8mb3 COLLATE utf8mb3_general_ci,
  `field_1074` text CHARACTER SET utf8mb3 COLLATE utf8mb3_general_ci,
  `field_1075` text CHARACTER SET utf8mb3 COLLATE utf8mb3_general_ci,
  `field_1076` text CHARACTER SET utf8mb3 COLLATE utf8mb3_general_ci,
  `field_1077` text CHARACTER SET utf8mb3 COLLATE utf8mb3_general_ci,
  `field_1078` text CHARACTER SET utf8mb3 COLLATE utf8mb3_general_ci,
  `field_1079` text CHARACTER SET utf8mb3 COLLATE utf8mb3_general_ci,
  `field_1080` text CHARACTER SET utf8mb3 COLLATE utf8mb3_general_ci,
  `field_1081` text CHARACTER SET utf8mb3 COLLATE utf8mb3_general_ci,
  `field_1082` text CHARACTER SET utf8mb3 COLLATE utf8mb3_general_ci,
  `field_1083` text CHARACTER SET utf8mb3 COLLATE utf8mb3_general_ci,
  `field_1084` text CHARACTER SET utf8mb3 COLLATE utf8mb3_general_ci,
  `field_1085` text CHARACTER SET utf8mb3 COLLATE utf8mb3_general_ci,
  `field_1086` text CHARACTER SET utf8mb3 COLLATE utf8mb3_general_ci,
  `field_1087` text CHARACTER SET utf8mb3 COLLATE utf8mb3_general_ci,
  `field_1088` text CHARACTER SET utf8mb3 COLLATE utf8mb3_general_ci,
  `field_1089` text CHARACTER SET utf8mb3 COLLATE utf8mb3_general_ci,
  `field_1007` text CHARACTER SET utf8mb3 COLLATE utf8mb3_general_ci,
  `field_1010` text CHARACTER SET utf8mb3 COLLATE utf8mb3_general_ci,
  `field_1011` text CHARACTER SET utf8mb3 COLLATE utf8mb3_general_ci,
  `field_1012` text CHARACTER SET utf8mb3 COLLATE utf8mb3_general_ci,
  `field_1090` text CHARACTER SET utf8mb3 COLLATE utf8mb3_general_ci,
  `field_1013` text CHARACTER SET utf8mb3 COLLATE utf8mb3_general_ci,
  `field_1014` text CHARACTER SET utf8mb3 COLLATE utf8mb3_general_ci,
  `field_1059` text CHARACTER SET utf8mb3 COLLATE utf8mb3_general_ci,
  `field_1015` text CHARACTER SET utf8mb3 COLLATE utf8mb3_general_ci,
  `field_1016` text CHARACTER SET utf8mb3 COLLATE utf8mb3_general_ci,
  `field_1091` text CHARACTER SET utf8mb3 COLLATE utf8mb3_general_ci,
  `field_1093` text CHARACTER SET utf8mb3 COLLATE utf8mb3_general_ci,
  `field_1092` text CHARACTER SET utf8mb3 COLLATE utf8mb3_general_ci,
  `field_1094` text CHARACTER SET utf8mb3 COLLATE utf8mb3_general_ci,
  `field_1023` text CHARACTER SET utf8mb3 COLLATE utf8mb3_general_ci,
  `field_1024` text CHARACTER SET utf8mb3 COLLATE utf8mb3_general_ci,
  `field_1095` text CHARACTER SET utf8mb3 COLLATE utf8mb3_general_ci,
  `field_1025` text CHARACTER SET utf8mb3 COLLATE utf8mb3_general_ci,
  `field_1026` text CHARACTER SET utf8mb3 COLLATE utf8mb3_general_ci,
  `field_1027` text CHARACTER SET utf8mb3 COLLATE utf8mb3_general_ci,
  `field_1028` text CHARACTER SET utf8mb3 COLLATE utf8mb3_general_ci,
  `field_1029` text CHARACTER SET utf8mb3 COLLATE utf8mb3_general_ci,
  `field_1030` text CHARACTER SET utf8mb3 COLLATE utf8mb3_general_ci,
  `company_code` text CHARACTER SET utf8mb3 COLLATE utf8mb3_general_ci,
  `account_group` text CHARACTER SET utf8mb3 COLLATE utf8mb3_general_ci,
  `reconciliation_account` text CHARACTER SET utf8mb3 COLLATE utf8mb3_general_ci,
  `purchasing_organization` text CHARACTER SET utf8mb3 COLLATE utf8mb3_general_ci,
  `added_by` int UNSIGNED DEFAULT NULL,
  `added_date` datetime DEFAULT NULL,
  `ip_address` varchar(100) CHARACTER SET utf8mb3 COLLATE utf8mb3_general_ci DEFAULT NULL,
  `farmer_status` tinyint(1) DEFAULT '1',
  PRIMARY KEY (`farmer_id`)
) ENGINE=InnoDB DEFAULT CHARSET=latin1;

-- --------------------------------------------------------

--
-- Table structure for table `tbl_farmer_bank_details`
--

DROP TABLE IF EXISTS `tbl_farmer_bank_details`;
CREATE TABLE IF NOT EXISTS `tbl_farmer_bank_details` (
  `farmer_bank_details_id` int UNSIGNED NOT NULL AUTO_INCREMENT,
  `farmer_bank_details_data_id` varchar(100) CHARACTER SET utf8mb3 COLLATE utf8mb3_general_ci DEFAULT NULL,
  `farmer_data_id` varchar(100) CHARACTER SET utf8mb3 COLLATE utf8mb3_general_ci DEFAULT NULL,
  `house_bank` varchar(100) CHARACTER SET utf8mb3 COLLATE utf8mb3_general_ci DEFAULT NULL,
  `account_no` varchar(100) CHARACTER SET utf8mb3 COLLATE utf8mb3_general_ci DEFAULT NULL,
  `ifsc_code` varchar(100) CHARACTER SET utf8mb3 COLLATE utf8mb3_general_ci DEFAULT NULL,
  `bank_name` varchar(100) CHARACTER SET utf8mb3 COLLATE utf8mb3_general_ci DEFAULT NULL,
  `bank_branch` varchar(100) CHARACTER SET utf8mb3 COLLATE utf8mb3_general_ci DEFAULT NULL,
  `bank_street` varchar(100) CHARACTER SET utf8mb3 COLLATE utf8mb3_general_ci DEFAULT NULL,
  `bank_city` varchar(100) CHARACTER SET utf8mb3 COLLATE utf8mb3_general_ci DEFAULT NULL,
  `added_by` int UNSIGNED DEFAULT NULL,
  `bank_status` tinyint(1) DEFAULT '1',
  PRIMARY KEY (`farmer_bank_details_id`)
) ENGINE=InnoDB DEFAULT CHARSET=latin1;

-- --------------------------------------------------------

--
-- Table structure for table `tbl_farmer_other_details`
--

DROP TABLE IF EXISTS `tbl_farmer_other_details`;
CREATE TABLE IF NOT EXISTS `tbl_farmer_other_details` (
  `farmer_other_details_id` int UNSIGNED NOT NULL AUTO_INCREMENT,
  `farmer_other_details_data_id` varchar(100) DEFAULT NULL,
  `farmer_data_id` varchar(100) CHARACTER SET utf8mb3 COLLATE utf8mb3_general_ci DEFAULT NULL,
  `company_code` int DEFAULT NULL,
  `account_group` varchar(100) CHARACTER SET utf8mb3 COLLATE utf8mb3_general_ci DEFAULT NULL,
  `reconciliation_account` varchar(100) CHARACTER SET utf8mb3 COLLATE utf8mb3_general_ci DEFAULT NULL,
  `purchasing_organization` varchar(100) CHARACTER SET utf8mb3 COLLATE utf8mb3_general_ci DEFAULT NULL,
  `added_by` int UNSIGNED DEFAULT NULL,
  `status` tinyint(1) DEFAULT '1',
  PRIMARY KEY (`farmer_other_details_id`)
) ENGINE=InnoDB DEFAULT CHARSET=latin1;

-- --------------------------------------------------------

--
-- Table structure for table `tbl_farm_details`
--

DROP TABLE IF EXISTS `tbl_farm_details`;
CREATE TABLE IF NOT EXISTS `tbl_farm_details` (
  `farm_details_id` int UNSIGNED NOT NULL AUTO_INCREMENT,
  `farm_details_data_id` varchar(100) DEFAULT NULL,
  `farmer_data_id` varchar(100) CHARACTER SET utf8mb3 COLLATE utf8mb3_general_ci DEFAULT NULL,
  `division` int DEFAULT NULL,
  `circle` int DEFAULT NULL,
  `village` int DEFAULT NULL,
  `land_persons` varchar(100) CHARACTER SET utf8mb3 COLLATE utf8mb3_general_ci DEFAULT NULL,
  `same_village` varchar(100) CHARACTER SET utf8mb3 COLLATE utf8mb3_general_ci DEFAULT NULL,
  `outside_village` varchar(100) CHARACTER SET utf8mb3 COLLATE utf8mb3_general_ci DEFAULT NULL,
  `village_name` varchar(100) CHARACTER SET utf8mb3 COLLATE utf8mb3_general_ci DEFAULT NULL,
  `other_details` varchar(100) CHARACTER SET utf8mb3 COLLATE utf8mb3_general_ci DEFAULT NULL,
  `added_by` int DEFAULT NULL,
  `details_status` tinyint(1) DEFAULT '1',
  PRIMARY KEY (`farm_details_id`)
) ENGINE=InnoDB DEFAULT CHARSET=latin1;

-- --------------------------------------------------------

--
-- Table structure for table `tbl_images`
--

DROP TABLE IF EXISTS `tbl_images`;
CREATE TABLE IF NOT EXISTS `tbl_images` (
  `image_id` int UNSIGNED NOT NULL AUTO_INCREMENT,
  `user_id` int UNSIGNED DEFAULT NULL,
  `image` text CHARACTER SET utf8mb3 COLLATE utf8mb3_general_ci,
  `original_image` text CHARACTER SET utf8mb3 COLLATE utf8mb3_general_ci,
  `ip_address` varchar(255) DEFAULT NULL,
  `regdate` datetime NOT NULL,
  `status` int NOT NULL,
  PRIMARY KEY (`image_id`)
) ENGINE=InnoDB AUTO_INCREMENT=378 DEFAULT CHARSET=latin1;

--
-- Dumping data for table `tbl_images`
--

INSERT INTO `tbl_images` (`image_id`, `user_id`, `image`, `original_image`, `ip_address`, `regdate`, `status`) VALUES
(1, 1, 'default.png', 'default.png', '49.37.159.179', '2021-02-12 08:54:49', 1),
(256, 249, 'default.png', 'default.png', '49.37.157.203', '2021-09-29 10:52:43', 1),
(257, 250, 'default.png', 'default.png', '49.37.157.203', '2021-09-29 10:53:15', 1),
(258, 251, 'default.png', 'default.png', '49.37.157.203', '2021-09-29 10:54:32', 1),
(259, 252, 'default.png', 'default.png', '49.37.157.203', '2021-09-29 10:54:57', 1),
(260, 253, 'default.png', 'default.png', '49.37.157.203', '2021-09-29 10:55:20', 1),
(261, 254, 'default.png', 'default.png', '49.37.157.203', '2021-09-29 10:55:44', 1),
(262, 255, 'default.png', 'default.png', '49.37.157.203', '2021-09-30 16:55:32', 1),
(263, 256, 'default.png', 'default.png', '49.204.181.30', '2021-10-20 06:53:35', 1),
(264, 257, 'default.png', 'default.png', '49.204.181.30', '2021-10-20 06:55:42', 1),
(265, 258, 'default.png', 'default.png', '49.204.181.30', '2021-10-20 06:57:09', 1),
(266, 259, 'default.png', 'default.png', '49.204.181.30', '2021-10-20 06:58:07', 1),
(267, 260, 'default.png', 'default.png', '49.37.157.61', '2021-12-04 03:06:02', 1),
(268, 261, 'default.png', 'default.png', '49.37.157.61', '2021-12-04 03:06:57', 1),
(269, 262, 'default.png', 'default.png', '49.37.158.1', '2021-12-05 08:29:45', 1),
(270, 263, 'default.png', 'default.png', '49.37.158.6', '2022-08-09 04:34:15', 1),
(271, 264, 'default.png', 'default.png', '49.37.157.36', '2022-08-13 05:06:59', 1),
(272, 265, 'default.png', 'default.png', '49.37.159.122', '2022-12-20 06:21:51', 1),
(273, 266, 'default.png', 'default.png', '49.37.159.122', '2022-12-20 06:22:31', 1),
(274, 267, 'default.png', 'default.png', '49.37.159.122', '2022-12-20 06:23:01', 1),
(275, 268, 'default.png', 'default.png', '49.37.157.202', '2023-01-10 05:13:54', 1),
(276, 269, 'default.png', 'default.png', '49.37.157.202', '2023-01-10 05:14:25', 1),
(277, 270, 'default.png', 'default.png', '49.37.157.202', '2023-01-10 05:14:54', 1),
(278, 271, 'default.png', 'default.png', '49.37.157.202', '2023-01-10 05:19:13', 1),
(279, 272, 'default.png', 'default.png', '49.37.157.202', '2023-01-10 05:19:53', 1),
(280, 273, 'default.png', 'default.png', '49.37.157.202', '2023-01-10 05:20:39', 1),
(281, 274, 'default.png', 'default.png', '49.43.217.153', '2023-07-25 04:34:29', 1),
(282, 275, 'default.png', 'default.png', '49.43.217.153', '2023-07-25 04:37:06', 1),
(283, 276, 'default.png', 'default.png', '49.43.217.153', '2023-07-25 04:37:50', 1),
(284, 277, 'default.png', 'default.png', '49.43.217.153', '2023-07-25 04:38:55', 1),
(285, 278, 'default.png', 'default.png', '106.212.228.180', '2024-07-08 04:51:52', 1),
(286, 279, 'default.png', 'default.png', '49.206.42.44', '2024-11-07 08:34:45', 1),
(287, 280, 'default.png', 'default.png', '49.206.51.12', '2024-11-25 05:05:40', 1),
(288, 281, 'default.png', 'default.png', '49.206.51.12', '2024-11-25 09:07:07', 1),
(289, 282, 'default.png', 'default.png', '124.123.168.167', '2024-11-28 05:14:11', 1),
(290, 283, 'default.png', 'default.png', '124.123.168.167', '2024-11-28 05:14:49', 1),
(291, 284, 'default.png', 'default.png', '49.206.55.238', '2024-11-29 06:48:20', 1),
(292, 285, 'default.png', 'default.png', '49.43.235.238', '2025-02-12 15:38:57', 1),
(293, 286, 'default.png', 'default.png', '49.43.235.238', '2025-02-12 15:40:22', 1),
(294, 287, 'default.png', 'default.png', '223.185.48.64', '2025-02-13 04:09:12', 1),
(295, 288, 'default.png', 'default.png', '223.185.48.64', '2025-02-13 04:13:36', 1),
(296, 289, 'default.png', 'default.png', '223.185.48.64', '2025-02-13 04:32:22', 1),
(297, 290, 'default.png', 'default.png', '223.185.48.64', '2025-02-13 04:41:45', 1),
(298, 291, 'default.png', 'default.png', '223.185.48.64', '2025-02-13 06:36:37', 1),
(299, 292, 'default.png', 'default.png', '49.43.235.130', '2025-02-13 08:26:33', 1),
(300, 293, 'default.png', 'default.png', '223.185.48.64', '2025-02-13 10:41:44', 1),
(301, 294, 'default.png', 'default.png', '223.185.48.64', '2025-02-13 11:04:27', 1),
(302, 295, 'default.png', 'default.png', '49.43.235.130', '2025-02-13 17:15:23', 1),
(303, 296, 'default.png', 'default.png', '49.43.235.130', '2025-02-14 05:51:59', 1),
(304, 297, 'default.png', 'default.png', '202.65.142.226', '2025-02-14 09:27:08', 1),
(305, 298, 'default.png', 'default.png', '49.43.235.75', '2025-02-14 10:29:26', 1),
(306, 299, 'default.png', 'default.png', '27.7.62.255', '2025-02-18 16:38:27', 1),
(307, 300, 'default.png', 'default.png', '152.58.196.71', '2025-02-24 06:59:56', 1),
(308, 301, 'default.png', 'default.png', '117.204.47.43', '2025-02-26 05:54:16', 1),
(309, 302, 'default.png', 'default.png', '106.215.174.251', '2025-02-27 08:14:09', 1),
(310, 303, 'default.png', 'default.png', '111.93.13.163', '2025-02-28 04:04:26', 1),
(311, 304, 'default.png', 'default.png', '117.255.161.15', '2025-02-28 07:37:07', 1),
(312, 305, 'default.png', 'default.png', '111.93.13.163', '2025-02-28 07:52:07', 1),
(313, 306, 'default.png', 'default.png', '106.221.186.241', '2025-03-01 04:09:07', 1),
(314, 307, 'default.png', 'default.png', '117.255.164.246', '2025-03-01 10:23:14', 1),
(315, 308, 'default.png', 'default.png', '117.255.162.132', '2025-03-02 07:45:35', 1),
(316, 309, 'default.png', 'default.png', '117.255.174.177', '2025-03-04 09:47:19', 1),
(317, 310, 'default.png', 'default.png', '103.87.95.209', '2025-03-11 06:49:24', 1),
(318, 311, 'default.png', 'default.png', '103.87.95.209', '2025-03-11 06:50:35', 1),
(319, 312, 'default.png', 'default.png', '103.87.95.209', '2025-03-11 06:58:09', 1),
(320, 313, 'default.png', 'default.png', '103.87.95.209', '2025-03-12 06:11:22', 1),
(321, 314, 'default.png', 'default.png', '223.185.50.142', '2025-03-28 11:23:42', 1),
(322, 315, 'default.png', 'default.png', '117.213.40.18', '2025-04-04 05:21:46', 1),
(323, 316, 'default.png', 'default.png', '117.213.40.18', '2025-04-04 05:50:09', 1),
(324, 317, 'default.png', 'default.png', '117.213.40.18', '2025-04-04 06:03:23', 1),
(325, 318, 'default.png', 'default.png', '152.58.197.17', '2025-04-06 10:35:43', 1),
(326, 319, 'default.png', 'default.png', '152.58.197.17', '2025-04-06 10:50:08', 1),
(327, 320, 'default.png', 'default.png', '117.213.34.140', '2025-04-08 16:44:28', 1),
(328, 321, 'default.png', 'default.png', '106.215.174.112', '2025-04-14 06:05:02', 1),
(329, 322, 'default.png', 'default.png', '223.185.50.142', '2025-04-16 05:20:51', 1),
(330, 323, 'default.png', 'default.png', '117.213.35.124', '2025-04-17 07:52:01', 1),
(331, 324, 'default.png', 'default.png', '117.213.41.109', '2025-04-20 17:30:56', 1),
(332, 325, 'default.png', 'default.png', '117.213.33.59', '2025-04-22 06:26:29', 1),
(333, 326, 'default.png', 'default.png', '103.87.95.209', '2025-04-23 06:36:05', 1),
(334, 327, 'default.png', 'default.png', '103.87.95.209', '2025-04-23 06:36:48', 1),
(335, 328, 'default.png', 'default.png', '103.87.95.209', '2025-04-28 07:41:46', 1),
(336, 329, 'default.png', 'default.png', '106.216.230.11', '2025-05-06 06:53:59', 1),
(337, 330, 'default.png', 'default.png', '59.98.98.190', '2025-05-16 01:06:16', 1),
(338, 331, 'default.png', 'default.png', '122.171.39.16', '2025-05-19 05:26:20', 1),
(339, 332, 'default.png', 'default.png', '223.185.47.170', '2025-05-27 05:08:17', 1),
(340, 333, 'default.png', 'default.png', '117.213.47.70', '2025-05-27 05:12:09', 1),
(341, 334, 'default.png', 'default.png', '223.185.47.170', '2025-05-27 05:25:27', 1),
(342, 335, 'default.png', 'default.png', '152.58.236.227', '2025-05-27 05:55:45', 1),
(343, 336, 'default.png', 'default.png', '117.213.43.248', '2025-05-28 05:44:26', 1),
(344, 337, 'default.png', 'default.png', '117.213.43.248', '2025-05-28 05:45:34', 1),
(345, 338, 'default.png', 'default.png', '152.57.237.84', '2025-06-12 11:45:53', 1),
(346, 339, 'default.png', 'default.png', '152.57.237.84', '2025-06-12 11:47:21', 1),
(347, 340, 'default.png', 'default.png', '106.215.171.33', '2025-06-25 06:25:16', 1),
(348, 341, 'default.png', 'default.png', '117.213.43.250', '2025-06-25 06:28:19', 1),
(349, 342, 'default.png', 'default.png', '117.213.43.250', '2025-06-25 06:29:23', 1),
(350, 343, 'default.png', 'default.png', '106.215.171.33', '2025-06-25 06:33:02', 1),
(351, 344, 'default.png', 'default.png', '117.213.43.250', '2025-06-25 09:03:18', 1),
(352, 345, 'default.png', 'default.png', '117.213.43.250', '2025-06-25 09:13:25', 1),
(353, 346, 'default.png', 'default.png', '117.213.33.48', '2025-08-08 09:38:47', 1),
(354, 347, 'default.png', 'default.png', '117.213.45.146', '2025-09-18 10:00:06', 1),
(355, 348, 'default.png', 'default.png', '117.213.41.158', '2025-10-15 04:58:16', 1),
(356, 350, 'default.png', 'default.png', '171.61.230.156', '2026-02-16 07:15:11', 1),
(357, 352, 'default.png', 'default.png', '115.98.81.149', '2026-03-10 08:37:24', 1),
(358, 353, 'default.png', 'default.png', '115.98.81.149', '2026-03-10 08:43:24', 1),
(359, 354, 'default.png', 'default.png', '115.98.81.149', '2026-03-10 08:45:43', 1),
(360, 355, 'default.png', 'default.png', '115.98.81.149', '2026-03-10 08:58:25', 1),
(361, 356, 'default.png', 'default.png', '115.98.81.149', '2026-03-10 09:00:39', 1),
(362, 357, 'default.png', 'default.png', '115.98.81.149', '2026-03-10 09:02:30', 1),
(363, 358, 'default.png', 'default.png', '115.98.81.149', '2026-03-10 09:05:49', 1),
(364, 359, 'default.png', 'default.png', '115.98.81.149', '2026-03-10 10:54:36', 1),
(365, 360, 'default.png', 'default.png', '136.185.207.5', '2026-03-11 08:19:36', 1),
(366, 361, 'default.png', 'default.png', '223.228.127.58', '2026-03-12 05:28:24', 1),
(367, 362, 'default.png', 'default.png', '111.93.13.163', '2026-03-12 05:44:02', 1),
(368, 363, 'default.png', 'default.png', '111.93.13.163', '2026-03-12 05:46:17', 1),
(369, 364, 'default.png', 'default.png', '223.228.127.58', '2026-03-12 06:40:51', 1),
(370, 365, 'default.png', 'default.png', '106.205.29.186', '2026-03-17 05:39:15', 1),
(371, 366, 'default.png', 'default.png', '202.65.142.226', '2026-03-17 06:08:07', 1),
(372, 367, 'default.png', 'default.png', '217.45.25.157', '2026-03-17 09:49:11', 1),
(373, 368, 'default.png', 'default.png', '122.169.140.195', '2026-03-17 14:27:42', 1),
(374, 369, 'default.png', 'default.png', '122.169.140.195', '2026-03-18 06:27:04', 1),
(375, 370, 'default.png', 'default.png', '111.93.13.163', '2026-03-18 06:44:05', 1),
(376, 371, 'default.png', 'default.png', '41.204.190.28', '2026-04-01 13:46:22', 1),
(377, 372, 'default.png', 'default.png', '197.248.127.123', '2026-04-01 18:07:15', 1);

-- --------------------------------------------------------

--
-- Table structure for table `tbl_kmlfile`
--

DROP TABLE IF EXISTS `tbl_kmlfile`;
CREATE TABLE IF NOT EXISTS `tbl_kmlfile` (
  `kml_id` int NOT NULL AUTO_INCREMENT,
  `data_id` varchar(250) CHARACTER SET utf8mb3 COLLATE utf8mb3_general_ci DEFAULT NULL,
  `plot_data_id` varchar(250) CHARACTER SET utf8mb3 COLLATE utf8mb3_general_ci DEFAULT NULL,
  `client_id` int DEFAULT NULL,
  `state_id` int DEFAULT NULL,
  `dist_id` int DEFAULT NULL,
  `tehsil_id` int DEFAULT NULL,
  `block_id` int DEFAULT NULL,
  `gp_id` int DEFAULT NULL,
  `village_id` int DEFAULT NULL,
  `file_name` text CHARACTER SET utf8mb3 COLLATE utf8mb3_general_ci,
  `measured_area` text CHARACTER SET utf8mb3 COLLATE utf8mb3_general_ci,
  `name` text CHARACTER SET utf8mb3 COLLATE utf8mb3_general_ci,
  `comment` text CHARACTER SET utf8mb3 COLLATE utf8mb3_general_ci,
  `latlng` text CHARACTER SET utf8mb3 COLLATE utf8mb3_general_ci,
  `kml_image` varbinary(255) DEFAULT NULL,
  `kml_file_data` text CHARACTER SET utf8mb3 COLLATE utf8mb3_general_ci,
  `added_by` int DEFAULT NULL,
  `added_date` datetime DEFAULT NULL,
  `ip_address` varchar(100) CHARACTER SET utf8mb3 COLLATE utf8mb3_general_ci DEFAULT NULL,
  `kml_status` tinyint(1) DEFAULT '1',
  PRIMARY KEY (`kml_id`),
  UNIQUE KEY `data_id` (`data_id`)
) ENGINE=InnoDB AUTO_INCREMENT=6 DEFAULT CHARSET=latin1;

--
-- Dumping data for table `tbl_kmlfile`
--

INSERT INTO `tbl_kmlfile` (`kml_id`, `data_id`, `plot_data_id`, `client_id`, `state_id`, `dist_id`, `tehsil_id`, `block_id`, `gp_id`, `village_id`, `file_name`, `measured_area`, `name`, `comment`, `latlng`, `kml_image`, `kml_file_data`, `added_by`, `added_date`, `ip_address`, `kml_status`) VALUES
(1, '1632892255167-1-OeS8hR', '1632892259-1-UC65DQ', 0, NULL, 1, NULL, 2, NULL, 125, 'sample_1.kml', '0.23 Acres', 'sample', '10778', '16.303897926704163,80.29054619371891', 0x5b424066666232636662, 'PD94bWwgdmVyc2lvbj0nMS4wJyBlbmNvZGluZz0nVVRGLTgnID8+DQo8a21sPg0KICA8UGxhY2Vt\nYXJrPg0KICAgIDxuYW1lPnNhbXBsZTwvbmFtZT4NCiAgICA8UG9seWdvbj4NCiAgICAgIDxleHRy\ndWRlPjE8L2V4dHJ1ZGU+DQogICAgICA8YWx0aXR1ZGVNb2RlPnJlbGF0aXZlVG9Hcm91bmQ8L2Fs\ndGl0dWRlTW9kZT4NCiAgICAgIDxvdXRlckJvdW5kYXJ5SXM+DQogICAgICAgIDxMaW5lYXJSaW5n\nPg0KICAgICAgICAgIDxjb29yZGluYXRlcz44MC4yOTA1NDYxOTM3MTg5MSwxNi4zMDM4OTc5MjY3\nMDQxNjMsMTAwIAo4MC4yOTA5MzIwOTY1NDA5MywxNi4zMDM5NTE5ODc5ODc2MjQsMTAwIAo4MC4y\nOTA3NTUwNzA3NDU5NCwxNi4zMDM1MTIwOTYwMzk2OTcsMTAwIAo8L2Nvb3JkaW5hdGVzPg0KICAg\nICAgICA8L0xpbmVhclJpbmc+DQogICAgICA8L291dGVyQm91bmRhcnlJcz4NCiAgICAgIDxpbm5l\nckJvdW5kYXJ5SXM+DQogICAgICAgIDxMaW5lYXJSaW5nPg0KICAgICAgICAgIDxjb29yZGluYXRl\ncz44MC4yOTA1NDYxOTM3MTg5MSwxNi4zMDM4OTc5MjY3MDQxNjMsMTAwIAo4MC4yOTA5MzIwOTY1\nNDA5MywxNi4zMDM5NTE5ODc5ODc2MjQsMTAwIAo4MC4yOTA3NTUwNzA3NDU5NCwxNi4zMDM1MTIw\nOTYwMzk2OTcsMTAwIAo8L2Nvb3JkaW5hdGVzPg0KICAgICAgICA8L0xpbmVhclJpbmc+DQogICAg\nICA8L2lubmVyQm91bmRhcnlJcz4NCiAgICA8L1BvbHlnb24+DQogIDwvUGxhY2VtYXJrPg0KPC9r\nbWw+\n', 1, '2021-09-29 05:10:59', '192.168.0.5', 1),
(2, '1632898970889-1-K5hqhA', '1632898977-1-I7PY9F', 0, NULL, 1, NULL, 2, NULL, 125, 'aaa_3.kml', '0.39 Acres', 'aaa', '10778', '16.30396131999337,80.29044192284346', 0x5b424036333331623463, 'PD94bWwgdmVyc2lvbj0nMS4wJyBlbmNvZGluZz0nVVRGLTgnID8+DQo8a21sPg0KICA8UGxhY2Vt\nYXJrPg0KICAgIDxuYW1lPmFhYTwvbmFtZT4NCiAgICA8UG9seWdvbj4NCiAgICAgIDxleHRydWRl\nPjE8L2V4dHJ1ZGU+DQogICAgICA8YWx0aXR1ZGVNb2RlPnJlbGF0aXZlVG9Hcm91bmQ8L2FsdGl0\ndWRlTW9kZT4NCiAgICAgIDxvdXRlckJvdW5kYXJ5SXM+DQogICAgICAgIDxMaW5lYXJSaW5nPg0K\nICAgICAgICAgIDxjb29yZGluYXRlcz44MC4yOTA0NDE5MjI4NDM0NiwxNi4zMDM5NjEzMTk5OTMz\nNywxMDAgCjgwLjI5MDk2NDI4MzA0OTA5LDE2LjMwNDA0NjI3MzQwNDU4NywxMDAgCjgwLjI5MDgx\nOTQ0Mzc2MjMsMTYuMzAzNTA4NTU2MzA1MzA3LDEwMCAKPC9jb29yZGluYXRlcz4NCiAgICAgICAg\nPC9MaW5lYXJSaW5nPg0KICAgICAgPC9vdXRlckJvdW5kYXJ5SXM+DQogICAgICA8aW5uZXJCb3Vu\nZGFyeUlzPg0KICAgICAgICA8TGluZWFyUmluZz4NCiAgICAgICAgICA8Y29vcmRpbmF0ZXM+ODAu\nMjkwNDQxOTIyODQzNDYsMTYuMzAzOTYxMzE5OTkzMzcsMTAwIAo4MC4yOTA5NjQyODMwNDkwOSwx\nNi4zMDQwNDYyNzM0MDQ1ODcsMTAwIAo4MC4yOTA4MTk0NDM3NjIzLDE2LjMwMzUwODU1NjMwNTMw\nNywxMDAgCjwvY29vcmRpbmF0ZXM+DQogICAgICAgIDwvTGluZWFyUmluZz4NCiAgICAgIDwvaW5u\nZXJCb3VuZGFyeUlzPg0KICAgIDwvUG9seWdvbj4NCiAgPC9QbGFjZW1hcms+DQo8L2ttbD4=\n', 1, '2021-09-29 07:02:57', '192.168.170.177', 1),
(3, '1632899082057-1-mya1Q4', '1632899094-1-9M6ZWN', 0, NULL, 1, NULL, 1, NULL, 1, 'kuchbhi_1.kml', '0.01 Acres', 'kuchbhi', '10778', '17.415415660532428,78.4922755882144', 0x5b424066663831356664, 'PD94bWwgdmVyc2lvbj0nMS4wJyBlbmNvZGluZz0nVVRGLTgnID8+DQo8a21sPg0KICA8UGxhY2Vt\nYXJrPg0KICAgIDxuYW1lPmt1Y2hiaGk8L25hbWU+DQogICAgPFBvbHlnb24+DQogICAgICA8ZXh0\ncnVkZT4xPC9leHRydWRlPg0KICAgICAgPGFsdGl0dWRlTW9kZT5yZWxhdGl2ZVRvR3JvdW5kPC9h\nbHRpdHVkZU1vZGU+DQogICAgICA8b3V0ZXJCb3VuZGFyeUlzPg0KICAgICAgICA8TGluZWFyUmlu\nZz4NCiAgICAgICAgICA8Y29vcmRpbmF0ZXM+NzguNDkyMjc1NTg4MjE0NCwxNy40MTU0MTU2NjA1\nMzI0MjgsMTAwIAo3OC40OTIxODQzOTMxMDc4OSwxNy40MTU0NTM3Mjk0NjMxNSwxMDAgCjc4LjQ5\nMjIxNjU3OTYxNjA3LDE3LjQxNTM2NDE1NTQ5NTg5NCwxMDAgCjwvY29vcmRpbmF0ZXM+DQogICAg\nICAgIDwvTGluZWFyUmluZz4NCiAgICAgIDwvb3V0ZXJCb3VuZGFyeUlzPg0KICAgICAgPGlubmVy\nQm91bmRhcnlJcz4NCiAgICAgICAgPExpbmVhclJpbmc+DQogICAgICAgICAgPGNvb3JkaW5hdGVz\nPjc4LjQ5MjI3NTU4ODIxNDQsMTcuNDE1NDE1NjYwNTMyNDI4LDEwMCAKNzguNDkyMTg0MzkzMTA3\nODksMTcuNDE1NDUzNzI5NDYzMTUsMTAwIAo3OC40OTIyMTY1Nzk2MTYwNywxNy40MTUzNjQxNTU0\nOTU4OTQsMTAwIAo8L2Nvb3JkaW5hdGVzPg0KICAgICAgICA8L0xpbmVhclJpbmc+DQogICAgICA8\nL2lubmVyQm91bmRhcnlJcz4NCiAgICA8L1BvbHlnb24+DQogIDwvUGxhY2VtYXJrPg0KPC9rbWw+\n', 1, '2021-09-29 07:04:54', '0.0.0.0', 1),
(4, '1632899176280-1-p2jDgq', '1632899180-1-EDFT96', 0, NULL, 1, NULL, 3, NULL, 202, 'hindi_2.kml', '0.05 Acres', 'hindi', '10778', '17.4154249378356,78.49227324128151', 0x5b424032383635653434, 'PD94bWwgdmVyc2lvbj0nMS4wJyBlbmNvZGluZz0nVVRGLTgnID8+DQo8a21sPg0KICA8UGxhY2Vt\nYXJrPg0KICAgIDxuYW1lPmhpbmRpPC9uYW1lPg0KICAgIDxQb2x5Z29uPg0KICAgICAgPGV4dHJ1\nZGU+MTwvZXh0cnVkZT4NCiAgICAgIDxhbHRpdHVkZU1vZGU+cmVsYXRpdmVUb0dyb3VuZDwvYWx0\naXR1ZGVNb2RlPg0KICAgICAgPG91dGVyQm91bmRhcnlJcz4NCiAgICAgICAgPExpbmVhclJpbmc+\nDQogICAgICAgICAgPGNvb3JkaW5hdGVzPjc4LjQ5MjI3MzI0MTI4MTUxLDE3LjQxNTQyNDkzNzgz\nNTYsMTAwIAo3OC40OTIyNTkxNTk2ODQxOCwxNy40MTUzNDg3OTk5NTQyMzQsMTAwIAo3OC40OTIz\nMTc0OTc3MzAyNiwxNy40MTUzNDQ5NjEwNjg2MTIsMTAwIAo3OC40OTIzMDY3Njg4OTQyLDE3LjQx\nNTMwMjQxMzQxNDMxLDEwMCAKNzguNDkyMjU0ODAxMDk0NTUsMTcuNDE1MzA2ODkyMTE1MjMzLDEw\nMCAKNzguNDkyMjM4MzcyNTY0MzIsMTcuNDE1MjMyNjczNjI4NjcsMTAwIAo3OC40OTIzMzE1Nzkz\nMjc1OCwxNy40MTUyMTA5MTk5Mjg2MSwxMDAgCjc4LjQ5MjM3NjUwNjMyODU4LDE3LjQxNTQxMzQy\nMTE4MzMxMywxMDAgCjwvY29vcmRpbmF0ZXM+DQogICAgICAgIDwvTGluZWFyUmluZz4NCiAgICAg\nIDwvb3V0ZXJCb3VuZGFyeUlzPg0KICAgICAgPGlubmVyQm91bmRhcnlJcz4NCiAgICAgICAgPExp\nbmVhclJpbmc+DQogICAgICAgICAgPGNvb3JkaW5hdGVzPjc4LjQ5MjI3MzI0MTI4MTUxLDE3LjQx\nNTQyNDkzNzgzNTYsMTAwIAo3OC40OTIyNTkxNTk2ODQxOCwxNy40MTUzNDg3OTk5NTQyMzQsMTAw\nIAo3OC40OTIzMTc0OTc3MzAyNiwxNy40MTUzNDQ5NjEwNjg2MTIsMTAwIAo3OC40OTIzMDY3Njg4\nOTQyLDE3LjQxNTMwMjQxMzQxNDMxLDEwMCAKNzguNDkyMjU0ODAxMDk0NTUsMTcuNDE1MzA2ODky\nMTE1MjMzLDEwMCAKNzguNDkyMjM4MzcyNTY0MzIsMTcuNDE1MjMyNjczNjI4NjcsMTAwIAo3OC40\nOTIzMzE1NzkzMjc1OCwxNy40MTUyMTA5MTk5Mjg2MSwxMDAgCjc4LjQ5MjM3NjUwNjMyODU4LDE3\nLjQxNTQxMzQyMTE4MzMxMywxMDAgCjwvY29vcmRpbmF0ZXM+DQogICAgICAgIDwvTGluZWFyUmlu\nZz4NCiAgICAgIDwvaW5uZXJCb3VuZGFyeUlzPg0KICAgIDwvUG9seWdvbj4NCiAgPC9QbGFjZW1h\ncms+DQo8L2ttbD4=\n', 1, '2021-09-29 07:06:20', '0.0.0.0', 1),
(5, '1632899278632-1-t4WkUY', '1632899282-1-8OBSF0', 0, NULL, 1, NULL, 4, NULL, 252, 'english_3.kml', '0.01 Acres', 'english', '10778', '17.415405743414716,78.49220886826515', 0x5b424066346463363736, 'PD94bWwgdmVyc2lvbj0nMS4wJyBlbmNvZGluZz0nVVRGLTgnID8+DQo8a21sPg0KICA8UGxhY2Vt\nYXJrPg0KICAgIDxuYW1lPmVuZ2xpc2g8L25hbWU+DQogICAgPFBvbHlnb24+DQogICAgICA8ZXh0\ncnVkZT4xPC9leHRydWRlPg0KICAgICAgPGFsdGl0dWRlTW9kZT5yZWxhdGl2ZVRvR3JvdW5kPC9h\nbHRpdHVkZU1vZGU+DQogICAgICA8b3V0ZXJCb3VuZGFyeUlzPg0KICAgICAgICA8TGluZWFyUmlu\nZz4NCiAgICAgICAgICA8Y29vcmRpbmF0ZXM+NzguNDkyMjA4ODY4MjY1MTUsMTcuNDE1NDA1NzQz\nNDE0NzE2LDEwMCAKNzguNDkyMjk5MDU3NTQzMjgsMTcuNDE1NDY3MTY1NTU0NDUsMTAwIAo3OC40\nOTIyODA5NTI2MzI0MSwxNy40MTU0MDkyNjIzOTIwMzIsMTAwIAo8L2Nvb3JkaW5hdGVzPg0KICAg\nICAgICA8L0xpbmVhclJpbmc+DQogICAgICA8L291dGVyQm91bmRhcnlJcz4NCiAgICAgIDxpbm5l\nckJvdW5kYXJ5SXM+DQogICAgICAgIDxMaW5lYXJSaW5nPg0KICAgICAgICAgIDxjb29yZGluYXRl\ncz43OC40OTIyMDg4NjgyNjUxNSwxNy40MTU0MDU3NDM0MTQ3MTYsMTAwIAo3OC40OTIyOTkwNTc1\nNDMyOCwxNy40MTU0NjcxNjU1NTQ0NSwxMDAgCjc4LjQ5MjI4MDk1MjYzMjQxLDE3LjQxNTQwOTI2\nMjM5MjAzMiwxMDAgCjwvY29vcmRpbmF0ZXM+DQogICAgICAgIDwvTGluZWFyUmluZz4NCiAgICAg\nIDwvaW5uZXJCb3VuZGFyeUlzPg0KICAgIDwvUG9seWdvbj4NCiAgPC9QbGFjZW1hcms+DQo8L2tt\nbD4=\n', 1, '2021-09-29 07:08:02', '0.0.0.0', 1);

-- --------------------------------------------------------

--
-- Table structure for table `tbl_kmlimage`
--

DROP TABLE IF EXISTS `tbl_kmlimage`;
CREATE TABLE IF NOT EXISTS `tbl_kmlimage` (
  `img_id` int NOT NULL AUTO_INCREMENT,
  `data_id` varchar(255) CHARACTER SET utf8mb3 COLLATE utf8mb3_general_ci NOT NULL,
  `plot_data_id` varchar(255) CHARACTER SET utf8mb3 COLLATE utf8mb3_general_ci NOT NULL,
  `file_name` text CHARACTER SET utf8mb3 COLLATE utf8mb3_general_ci NOT NULL,
  `added_by` int NOT NULL,
  `added_date` datetime NOT NULL,
  `ip_address` varchar(100) CHARACTER SET utf8mb3 COLLATE utf8mb3_general_ci NOT NULL,
  `img_status` tinyint(1) DEFAULT '1',
  PRIMARY KEY (`img_id`)
) ENGINE=InnoDB DEFAULT CHARSET=latin1;

-- --------------------------------------------------------

--
-- Table structure for table `tbl_module`
--

DROP TABLE IF EXISTS `tbl_module`;
CREATE TABLE IF NOT EXISTS `tbl_module` (
  `module_id` int UNSIGNED NOT NULL AUTO_INCREMENT,
  `module_key` varchar(100) CHARACTER SET utf8mb3 COLLATE utf8mb3_general_ci DEFAULT NULL,
  `module_name` varchar(100) CHARACTER SET utf8mb3 COLLATE utf8mb3_general_ci DEFAULT NULL,
  `module_description` text CHARACTER SET utf8mb3 COLLATE utf8mb3_general_ci,
  `slno` int DEFAULT NULL,
  `added_by` int UNSIGNED DEFAULT NULL,
  `added_datetime` datetime DEFAULT NULL,
  `ip_address` varchar(100) CHARACTER SET utf8mb3 COLLATE utf8mb3_general_ci DEFAULT NULL,
  `status` tinyint(1) DEFAULT '1',
  PRIMARY KEY (`module_id`),
  KEY `added_by` (`added_by`)
) ENGINE=InnoDB AUTO_INCREMENT=11 DEFAULT CHARSET=latin1;

--
-- Dumping data for table `tbl_module`
--

INSERT INTO `tbl_module` (`module_id`, `module_key`, `module_name`, `module_description`, `slno`, `added_by`, `added_datetime`, `ip_address`, `status`) VALUES
(1, 'dashboard/view_dashboard', 'Dashboard', 'dashboard module', 1, 1, '2020-01-02 00:00:00', '127.0.0.1', 1),
(2, 'news', 'News', 'news module', 2, 1, '2020-01-02 00:00:00', '127.0.0.1', 0),
(3, 'projects', 'Projects', 'project module', 4, 1, '2020-01-02 00:00:00', '127.0.0.1', 0),
(4, 'survey/view', 'Upload data', 'surevy and beneficiary form creation and data collection module', 6, 1, '2020-01-02 00:00:00', '127.0.0.1', 0),
(5, 'partners', 'Partners', 'partner module', 5, 1, '2020-01-02 00:00:00', '127.0.0.1', 0),
(6, 'organization', 'Organization', 'centre module', 3, 1, '2020-01-02 00:00:00', '127.0.0.1', 0),
(7, 'reports/registration', 'Data', 'reports module', 8, 1, '2020-01-02 00:00:00', '127.0.0.1', 1),
(8, 'users', 'Roles & Users', 'user module', 9, 1, '2020-01-02 00:00:00', '127.0.0.1', 1),
(9, 'projects/manage_projects', 'Projects & Sites', 'Projects and sites module', 7, 1, '2020-01-02 00:00:00', '127.0.0.1', 1),
(10, 'lookup_tables/manage_lookup_tables', 'Lookup Tables', 'Lookup Tables', 10, 1, '2020-01-02 00:00:00', '127.0.0.1', 1);

-- --------------------------------------------------------

--
-- Table structure for table `tbl_permissions`
--

DROP TABLE IF EXISTS `tbl_permissions`;
CREATE TABLE IF NOT EXISTS `tbl_permissions` (
  `permission_id` int UNSIGNED NOT NULL AUTO_INCREMENT,
  `module_id` int UNSIGNED DEFAULT NULL,
  `module_key` varchar(100) CHARACTER SET utf8mb3 COLLATE utf8mb3_general_ci DEFAULT NULL,
  `name` varchar(100) CHARACTER SET utf8mb3 COLLATE utf8mb3_general_ci DEFAULT NULL,
  `description` text,
  `slno` int DEFAULT NULL,
  `added_by` int UNSIGNED DEFAULT NULL,
  `added_datetime` datetime DEFAULT NULL,
  `ip_address` varchar(100) CHARACTER SET utf8mb3 COLLATE utf8mb3_general_ci DEFAULT NULL,
  `status` tinyint(1) DEFAULT '1',
  PRIMARY KEY (`permission_id`),
  KEY `module_id` (`module_id`),
  KEY `added_by` (`added_by`),
  KEY `module_id_2` (`module_id`)
) ENGINE=InnoDB AUTO_INCREMENT=49 DEFAULT CHARSET=latin1;

--
-- Dumping data for table `tbl_permissions`
--

INSERT INTO `tbl_permissions` (`permission_id`, `module_id`, `module_key`, `name`, `description`, `slno`, `added_by`, `added_datetime`, `ip_address`, `status`) VALUES
(1, 1, 'view_dashboard', 'View Dashboard', 'View Dashboard', 1, 1, '2020-01-02 00:00:00', '127.0.0.1', 0),
(2, 2, 'view_news', 'View News', 'All News description', 1, 1, '2020-01-02 00:00:00', '127.0.0.1', 1),
(3, 2, 'project_news', 'Project News', 'Project by News', 2, 1, '2020-01-02 00:00:00', '127.0.0.1', 0),
(4, 3, 'create', 'Create Project', 'Create Project', 1, 1, '2020-01-02 00:00:00', '127.0.0.1', 1),
(5, 3, 'view', 'View Project', 'View Project', 2, 1, '2020-01-02 00:00:00', '127.0.0.1', 1),
(6, 3, 'edit', 'Edit Project', 'Edit Project', 3, 1, '2020-01-02 00:00:00', '127.0.0.1', 1),
(7, 3, 'delete', 'Delete Project', 'Delete Project', 4, 1, '2020-01-02 00:00:00', '127.0.0.1', 1),
(12, 4, 'create', 'Create Template', 'Create Survey', 1, 1, '2020-01-02 00:00:00', '127.0.0.1', 0),
(13, 4, 'view', 'Upload Data', 'View Survey', 2, 1, '2020-01-02 00:00:00', '127.0.0.1', 0),
(14, 4, 'edit', 'Edit Survey', 'Edit Survey', 3, 1, '2020-01-02 00:00:00', '127.0.0.1', 0),
(15, 4, 'delete', 'Delete Survey', 'Delete Survey', 4, 1, '2020-01-02 00:00:00', '127.0.0.1', 0),
(16, 5, 'create', 'Create Partner', 'Create Partner', 1, 1, '2020-01-02 00:00:00', '127.0.0.1', 1),
(17, 5, 'view', 'View Partner', 'View Partner', 2, 1, '2020-01-02 00:00:00', '127.0.0.1', 1),
(18, 5, 'edit', 'Edit Partner', 'Edit Partner', 3, 1, '2020-01-02 00:00:00', '127.0.0.1', 1),
(19, 5, 'delete', 'Delete Partner', 'Delete Partner', 4, 1, '2020-01-02 00:00:00', '127.0.0.1', 1),
(20, 6, 'create', 'Create Organization', 'Create Organization', 1, 1, '2020-01-02 00:00:00', '127.0.0.1', 1),
(21, 6, 'view', 'View Organization', 'View Organization', 2, 1, '2020-01-02 00:00:00', '127.0.0.1', 1),
(22, 6, 'edit', 'Edit Organization', 'Edit Organization', 3, 1, '2020-01-02 00:00:00', '127.0.0.1', 1),
(23, 6, 'delete', 'Delete Organization', 'Delete Organization', 4, 1, '2020-01-02 00:00:00', '127.0.0.1', 1),
(24, 6, 'map', 'Assign Project & Partner', 'Assign Projects & Partners to Organization', 6, 1, '2020-01-02 00:00:00', '127.0.0.1', 1),
(25, 7, 'beneficiary', 'Beneficiary data', 'Beneficiary data', 1, 1, '2020-01-02 00:00:00', '127.0.0.1', 0),
(26, 7, 'survey', 'Survey data', 'Survey data', 4, 1, '2020-01-02 00:00:00', '127.0.0.1', 0),
(27, 8, 'create', 'Create User', 'Create User', 1, 1, '2020-01-02 00:00:00', '127.0.0.1', 1),
(28, 8, 'view', 'Manage User', 'Manage User', 2, 1, '2020-01-02 00:00:00', '127.0.0.1', 0),
(29, 8, 'edit', 'Manage User', 'Manage User', 4, 1, '2020-01-02 00:00:00', '127.0.0.1', 1),
(30, 8, 'delete', 'Delete User', 'Delete User', 5, 1, '2020-01-02 00:00:00', '127.0.0.1', 0),
(31, 8, 'role_capabilities', 'Role & Capabilities', 'Role & Capabilities', 6, 1, '2020-01-02 00:00:00', '127.0.0.1', 1),
(32, 8, 'add_role', 'Add Role', 'Add Role', 7, 1, '2020-01-02 00:00:00', '127.0.0.1', 1),
(34, 4, 'upload', 'Upload Survey/Beneficiary', 'Upload Survey/Beneficiary', 6, 1, '2020-01-02 00:00:00', '127.0.0.1', 0),
(36, 8, 'edit_role', 'Edit Role', 'Edit Role', 8, 1, '2020-01-02 00:00:00', '127.0.0.1', 1),
(37, 8, 'delete_role', 'Delete Role', 'Delete Role', 9, 1, '2020-01-02 00:00:00', '127.0.0.1', 1),
(38, 4, 'map', 'Map Survey', 'Map Survey to Project and User', 5, 1, '2020-01-02 00:00:00', '127.0.0.1', 0),
(39, 1, 'powerbi_dashboard', 'Power BI Dashboard', 'Power BI Dashboard', 1, 1, '2020-01-23 00:00:00', '127.0.0.1', 0),
(41, 3, 'location', 'Assign Locations', 'Assign Locations to Project', 5, 1, '2020-01-02 00:00:00', '127.0.0.1', 0),
(42, 8, 'map', 'Map User', 'Map User', 3, 1, '2020-01-02 00:00:00', '127.0.0.1', 1),
(43, 7, 'activity', 'Activity data', 'Activity data', 2, 1, '2020-01-02 00:00:00', '127.0.0.1', 0),
(44, 7, 'visits', 'Visit data', 'Visit data', 3, 1, '2020-01-02 00:00:00', '127.0.0.1', 0),
(45, 7, 'registration', 'Registration data', 'Registration data', 1, 1, '2020-01-02 00:00:00', '127.0.0.1', 0),
(46, 9, 'manage_projects', 'Manage Projects', 'Manage Projects', 1, 1, '2024-11-01 00:00:00', '127.0.0.1', 0),
(47, 9, 'manage_sites', 'Manage Sites', 'Manage Sites', 2, 1, '2024-11-01 00:00:00', '127.0.0.1', 0),
(48, 10, 'manage_lookup_tables', 'Manage Lookup tables', 'Manage Lookup tables', 1, 1, '2024-11-01 00:00:00', '127.0.0.1', 0);

-- --------------------------------------------------------

--
-- Table structure for table `tbl_plot`
--

DROP TABLE IF EXISTS `tbl_plot`;
CREATE TABLE IF NOT EXISTS `tbl_plot` (
  `plot_id` int NOT NULL AUTO_INCREMENT,
  `data_id` text CHARACTER SET utf8mb3 COLLATE utf8mb3_general_ci,
  `farmer_data_id` text CHARACTER SET utf8mb3 COLLATE utf8mb3_general_ci,
  `farmer_number` varchar(40) CHARACTER SET utf8mb3 COLLATE utf8mb3_general_ci DEFAULT NULL,
  `plot_number` text CHARACTER SET utf8mb3 COLLATE utf8mb3_general_ci,
  `sap_plot_number` text CHARACTER SET utf8mb3 COLLATE utf8mb3_general_ci,
  `division_id` varchar(40) CHARACTER SET utf8mb3 COLLATE utf8mb3_general_ci DEFAULT NULL COMMENT 'farmer division id',
  `circle_id` varchar(40) CHARACTER SET utf8mb3 COLLATE utf8mb3_general_ci DEFAULT NULL COMMENT 'farmer circle id',
  `village_id` varchar(40) CHARACTER SET utf8mb3 COLLATE utf8mb3_general_ci DEFAULT NULL COMMENT 'farmer circle id',
  `field_1096` text CHARACTER SET utf8mb3 COLLATE utf8mb3_general_ci,
  `field_1034` text,
  `field_1035` text,
  `field_1036` text CHARACTER SET utf8mb3 COLLATE utf8mb3_general_ci,
  `field_1099` text CHARACTER SET utf8mb3 COLLATE utf8mb3_general_ci,
  `field_1037` text CHARACTER SET utf8mb3 COLLATE utf8mb3_general_ci,
  `field_1038` text CHARACTER SET utf8mb3 COLLATE utf8mb3_general_ci,
  `field_1039` text CHARACTER SET utf8mb3 COLLATE utf8mb3_general_ci,
  `field_1040` text CHARACTER SET utf8mb3 COLLATE utf8mb3_general_ci,
  `field_1041` text CHARACTER SET utf8mb3 COLLATE utf8mb3_general_ci,
  `field_1042` text CHARACTER SET utf8mb3 COLLATE utf8mb3_general_ci,
  `field_1057` text CHARACTER SET utf8mb3 COLLATE utf8mb3_general_ci,
  `field_1043` text CHARACTER SET utf8mb3 COLLATE utf8mb3_general_ci,
  `field_1044` text CHARACTER SET utf8mb3 COLLATE utf8mb3_general_ci,
  `field_1058` text CHARACTER SET utf8mb3 COLLATE utf8mb3_general_ci,
  `field_1100` text CHARACTER SET utf8mb3 COLLATE utf8mb3_general_ci,
  `field_1101` text CHARACTER SET utf8mb3 COLLATE utf8mb3_general_ci,
  `field_1102` text CHARACTER SET utf8mb3 COLLATE utf8mb3_general_ci,
  `field_1031` text CHARACTER SET utf8mb3 COLLATE utf8mb3_general_ci,
  `field_1032` text CHARACTER SET utf8mb3 COLLATE utf8mb3_general_ci,
  `field_1033` text CHARACTER SET utf8mb3 COLLATE utf8mb3_general_ci,
  `field_1045` text CHARACTER SET utf8mb3 COLLATE utf8mb3_general_ci,
  `field_1046` text CHARACTER SET utf8mb3 COLLATE utf8mb3_general_ci,
  `field_1047` text CHARACTER SET utf8mb3 COLLATE utf8mb3_general_ci,
  `field_1048` text CHARACTER SET utf8mb3 COLLATE utf8mb3_general_ci,
  `field_1049` text CHARACTER SET utf8mb3 COLLATE utf8mb3_general_ci,
  `field_1050` text CHARACTER SET utf8mb3 COLLATE utf8mb3_general_ci,
  `field_1051` text CHARACTER SET utf8mb3 COLLATE utf8mb3_general_ci,
  `field_1103` text CHARACTER SET utf8mb3 COLLATE utf8mb3_general_ci,
  `field_1104` text CHARACTER SET utf8mb3 COLLATE utf8mb3_general_ci,
  `field_1105` text CHARACTER SET utf8mb3 COLLATE utf8mb3_general_ci,
  `field_1106` text CHARACTER SET utf8mb3 COLLATE utf8mb3_general_ci,
  `field_1117` text CHARACTER SET utf8mb3 COLLATE utf8mb3_general_ci,
  `field_1118` text CHARACTER SET utf8mb3 COLLATE utf8mb3_general_ci,
  `field_1052` text CHARACTER SET utf8mb3 COLLATE utf8mb3_general_ci,
  `field_1107` text CHARACTER SET utf8mb3 COLLATE utf8mb3_general_ci,
  `field_1053` text CHARACTER SET utf8mb3 COLLATE utf8mb3_general_ci,
  `field_1054` text CHARACTER SET utf8mb3 COLLATE utf8mb3_general_ci,
  `field_1108` text CHARACTER SET utf8mb3 COLLATE utf8mb3_general_ci,
  `field_1109` text CHARACTER SET utf8mb3 COLLATE utf8mb3_general_ci,
  `field_1110` text CHARACTER SET utf8mb3 COLLATE utf8mb3_general_ci,
  `field_1112` text CHARACTER SET utf8mb3 COLLATE utf8mb3_general_ci,
  `field_1111` text CHARACTER SET utf8mb3 COLLATE utf8mb3_general_ci,
  `plant` text CHARACTER SET utf8mb3 COLLATE utf8mb3_general_ci,
  `purchasing_group` text CHARACTER SET utf8mb3 COLLATE utf8mb3_general_ci,
  `added_by` int DEFAULT NULL,
  `added_date` datetime DEFAULT NULL,
  `ip_address` varchar(100) CHARACTER SET utf8mb3 COLLATE utf8mb3_general_ci DEFAULT NULL,
  `plot_status` tinyint(1) DEFAULT NULL,
  PRIMARY KEY (`plot_id`)
) ENGINE=InnoDB DEFAULT CHARSET=latin1;

-- --------------------------------------------------------

--
-- Table structure for table `tbl_role`
--

DROP TABLE IF EXISTS `tbl_role`;
CREATE TABLE IF NOT EXISTS `tbl_role` (
  `role_id` int UNSIGNED NOT NULL AUTO_INCREMENT,
  `role_name` varchar(100) CHARACTER SET utf8mb3 COLLATE utf8mb3_general_ci DEFAULT NULL,
  `role_description` text CHARACTER SET utf8mb3 COLLATE utf8mb3_general_ci,
  `can_add` varchar(100) CHARACTER SET utf8mb3 COLLATE utf8mb3_general_ci DEFAULT NULL,
  `added_by` int UNSIGNED DEFAULT NULL,
  `added_date` datetime DEFAULT NULL,
  `ip_address` varchar(100) CHARACTER SET utf8mb3 COLLATE utf8mb3_general_ci DEFAULT NULL,
  `status` tinyint(1) DEFAULT '1',
  PRIMARY KEY (`role_id`),
  KEY `added_by` (`added_by`),
  KEY `added_by_2` (`added_by`)
) ENGINE=InnoDB AUTO_INCREMENT=10 DEFAULT CHARSET=latin1;

--
-- Dumping data for table `tbl_role`
--

INSERT INTO `tbl_role` (`role_id`, `role_name`, `role_description`, `can_add`, `added_by`, `added_date`, `ip_address`, `status`) VALUES
(1, 'Product Admin', 'This is product admin role', '2,3,4,5,6,7,8', 1, '2020-01-02 00:00:00', '127.0.0.1', 1),
(2, 'Super Admin', 'Super Admin', '2,3,4,5,6,7,8', 1, '2020-01-02 00:00:00', '49.206.201.197', 0),
(3, 'Client Admin', 'Client Admin', '4,5,6,7,8', 1, '2020-01-02 00:00:00', '49.206.201.197', 0),
(4, 'HO Admin', 'Head Office Admin', '5,6,7,8', 1, '2020-01-02 00:00:00', '49.206.201.197', 0),
(5, 'State Admin', 'State Admin', '6,7,8', 1, '2020-01-02 00:00:00', '49.206.201.197', 0),
(6, 'FEAST ADMIN', 'FEAST ADMIN', '8', 1, '2020-01-02 00:00:00', '49.206.201.197', 1),
(7, 'Manager', 'Manager', '8', 1, '2020-01-02 00:00:00', '49.206.201.197', 0),
(8, 'FEAST Facilitator', 'FEAST Facilitator', NULL, 1, '2020-01-02 00:00:00', '49.206.201.197', 1),
(9, 'FEAST ADMIN', 'FEAST ADMIN', '8', 1, '2020-01-02 00:00:00', '49.206.201.197', 0);

-- --------------------------------------------------------

--
-- Table structure for table `tbl_role_permissions`
--

DROP TABLE IF EXISTS `tbl_role_permissions`;
CREATE TABLE IF NOT EXISTS `tbl_role_permissions` (
  `role_permission_id` int UNSIGNED NOT NULL AUTO_INCREMENT,
  `role_id` int UNSIGNED DEFAULT NULL,
  `module_id` int UNSIGNED DEFAULT NULL,
  `permission_id` int UNSIGNED DEFAULT NULL,
  `added_by` int UNSIGNED DEFAULT NULL,
  `added_date` datetime DEFAULT NULL,
  `ip_address` varchar(100) CHARACTER SET utf8mb3 COLLATE utf8mb3_general_ci DEFAULT NULL,
  `status` tinyint(1) DEFAULT '1',
  PRIMARY KEY (`role_permission_id`),
  KEY `role_id` (`role_id`),
  KEY `module_id` (`module_id`),
  KEY `permission_id` (`permission_id`)
) ENGINE=InnoDB AUTO_INCREMENT=170 DEFAULT CHARSET=latin1;

--
-- Dumping data for table `tbl_role_permissions`
--

INSERT INTO `tbl_role_permissions` (`role_permission_id`, `role_id`, `module_id`, `permission_id`, `added_by`, `added_date`, `ip_address`, `status`) VALUES
(1, 1, 2, 2, 1, '2020-01-02 00:00:00', '127.0.0.1', 1),
(2, 1, 3, 4, 1, '2020-01-02 00:00:00', '127.0.0.1', 1),
(3, 1, 3, 5, 1, '2020-01-02 00:00:00', '127.0.0.1', 1),
(4, 1, 3, 6, 1, '2020-01-02 00:00:00', '127.0.0.1', 1),
(5, 1, 4, 12, 1, '2020-01-02 00:00:00', '127.0.0.1', 1),
(6, 1, 4, 13, 1, '2020-01-02 00:00:00', '127.0.0.1', 1),
(7, 1, 4, 14, 1, '2020-01-02 00:00:00', '127.0.0.1', 1),
(8, 1, 4, 15, 1, '2020-01-02 00:00:00', '127.0.0.1', 1),
(9, 1, 5, 16, 1, '2020-01-02 00:00:00', '127.0.0.1', 1),
(10, 1, 5, 17, 1, '2020-01-02 00:00:00', '127.0.0.1', 1),
(11, 1, 5, 18, 1, '2020-01-02 00:00:00', '127.0.0.1', 1),
(12, 1, 5, 19, 1, '2020-01-02 00:00:00', '127.0.0.1', 1),
(13, 1, 6, 20, 1, '2020-01-02 00:00:00', '127.0.0.1', 1),
(14, 1, 6, 21, 1, '2020-01-02 00:00:00', '127.0.0.1', 1),
(15, 1, 6, 22, 1, '2020-01-02 00:00:00', '127.0.0.1', 1),
(16, 1, 6, 23, 1, '2020-01-02 00:00:00', '127.0.0.1', 1),
(17, 1, 6, 24, 1, '2020-01-02 00:00:00', '127.0.0.1', 1),
(18, 1, 7, 25, 1, '2020-01-02 00:00:00', '127.0.0.1', 1),
(19, 1, 7, 26, 1, '2020-01-02 00:00:00', '127.0.0.1', 1),
(20, 1, 8, 27, 1, '2020-01-02 00:00:00', '127.0.0.1', 1),
(21, 1, 8, 28, 1, '2020-01-02 00:00:00', '127.0.0.1', 0),
(22, 1, 8, 29, 1, '2020-01-02 00:00:00', '127.0.0.1', 1),
(23, 1, 8, 30, 1, '2020-01-02 00:00:00', '127.0.0.1', 0),
(24, 1, 8, 31, 1, '2020-01-02 00:00:00', '127.0.0.1', 1),
(25, 1, 8, 32, 1, '2020-01-02 00:00:00', '127.0.0.1', 1),
(26, 1, 4, 34, 1, '2020-01-02 00:00:00', '127.0.0.1', 1),
(27, 1, 1, 1, 1, '2020-01-17 08:01:03', '::1', 0),
(28, 1, 3, 7, 1, '2020-01-17 08:01:33', '::1', 1),
(29, 1, 8, 36, 1, '2020-01-02 00:00:00', '127.0.0.1', 1),
(30, 1, 8, 37, 1, '2020-01-02 00:00:00', '127.0.0.1', 1),
(31, 1, 4, 38, 1, '2020-01-22 10:40:47', '49.37.138.230', 1),
(32, 1, 3, 41, 1, '2020-01-17 08:01:33', '::1', 1),
(33, 1, 8, 42, 1, '2020-01-02 00:00:00', '127.0.0.1', 0),
(34, 1, 7, 45, 1, '2020-07-18 13:34:51', '157.44.68.53', 1),
(35, 1, 7, 43, 1, '2020-07-18 13:34:56', '157.44.68.53', 1),
(36, 1, 7, 44, 1, '2020-07-18 13:35:00', '157.44.68.53', 1),
(37, 2, 1, 1, 1, '2020-07-18 14:17:59', '183.83.78.170', 0),
(38, 2, 4, 13, 1, '2020-07-18 14:18:11', '183.83.78.170', 1),
(39, 2, 4, 38, 1, '2020-07-18 14:24:09', '183.83.78.170', 1),
(40, 2, 7, 45, 1, '2020-07-18 14:24:16', '183.83.78.170', 1),
(41, 2, 1, 1, 1, '2020-07-18 14:24:17', '183.83.78.170', 1),
(42, 2, 7, 43, 1, '2020-07-18 14:24:26', '183.83.78.170', 1),
(43, 2, 7, 44, 1, '2020-07-18 14:24:31', '183.83.78.170', 1),
(44, 2, 7, 26, 1, '2020-07-18 14:24:40', '183.83.78.170', 1),
(45, 3, 1, 1, 1, '2020-07-18 14:25:41', '183.83.78.170', 0),
(46, 3, 4, 13, 1, '2020-07-18 14:25:45', '183.83.78.170', 1),
(47, 3, 4, 38, 1, '2020-07-18 14:25:47', '183.83.78.170', 1),
(48, 3, 7, 45, 1, '2020-07-18 14:25:51', '183.83.78.170', 1),
(49, 3, 7, 43, 1, '2020-07-18 14:25:56', '183.83.78.170', 1),
(50, 3, 7, 44, 1, '2020-07-18 14:25:59', '183.83.78.170', 1),
(51, 3, 7, 26, 1, '2020-07-18 14:26:03', '183.83.78.170', 1),
(52, 4, 1, 1, 1, '2020-07-18 14:26:21', '183.83.78.170', 0),
(53, 4, 4, 13, 1, '2020-07-18 14:26:27', '183.83.78.170', 1),
(54, 4, 7, 45, 1, '2020-07-18 14:26:56', '183.83.78.170', 1),
(55, 4, 7, 43, 1, '2020-07-18 14:27:03', '183.83.78.170', 1),
(56, 4, 7, 44, 1, '2020-07-18 14:27:15', '183.83.78.170', 1),
(57, 4, 7, 26, 1, '2020-07-18 14:27:19', '183.83.78.170', 1),
(58, 5, 4, 13, 1, '2020-09-21 10:29:35', '183.83.140.82', 1),
(59, 5, 4, 38, 1, '2020-09-21 10:29:35', '183.83.140.82', 1),
(60, 5, 7, 45, 1, '2020-09-21 10:29:35', '183.83.140.82', 1),
(61, 5, 1, 1, 1, '2020-09-21 10:29:35', '183.83.140.82', 1),
(62, 5, 7, 43, 1, '2020-09-21 10:29:35', '183.83.140.82', 1),
(63, 5, 7, 44, 1, '2020-09-21 10:29:35', '183.83.140.82', 1),
(64, 5, 7, 26, 1, '2020-09-21 10:29:35', '183.83.140.82', 1),
(65, 6, 1, 1, 1, '2020-09-21 10:32:09', '183.83.140.82', 1),
(66, 6, 4, 13, 1, '2020-09-21 10:32:09', '183.83.140.82', 1),
(67, 6, 4, 38, 1, '2020-09-21 10:32:09', '183.83.140.82', 1),
(68, 6, 7, 45, 1, '2020-09-21 10:32:09', '183.83.140.82', 1),
(69, 6, 7, 43, 1, '2020-09-21 10:32:09', '183.83.140.82', 1),
(70, 6, 7, 44, 1, '2020-09-21 10:32:09', '183.83.140.82', 1),
(71, 6, 7, 26, 1, '2020-09-21 10:32:09', '183.83.140.82', 1),
(72, 2, 8, 27, 1, '2020-10-08 14:47:36', '183.83.140.82', 1),
(73, 2, 8, 28, 1, '2020-10-08 14:47:40', '183.83.140.82', 0),
(74, 2, 8, 42, 1, '2020-10-08 14:47:45', '183.83.140.82', 0),
(75, 2, 8, 29, 1, '2020-10-08 14:47:50', '183.83.140.82', 0),
(76, 2, 8, 30, 1, '2020-10-08 14:47:55', '183.83.140.82', 0),
(78, 2, 2, 2, 1, '2020-11-18 11:36:31', '106.76.254.193', 0),
(81, 1, 1, NULL, 1, '2020-12-13 10:30:04', '103.75.43.112', 1),
(82, 7, 4, 13, 1, '2021-06-10 08:25:03', '27.6.50.95', 1),
(83, 7, 4, 38, 1, '2021-06-10 08:25:03', '27.6.50.95', 1),
(84, 7, 7, 45, 1, '2021-06-10 08:25:03', '27.6.50.95', 1),
(85, 7, 1, 1, 1, '2021-06-10 08:25:03', '27.6.50.95', 1),
(86, 7, 7, 43, 1, '2021-06-10 08:25:03', '27.6.50.95', 1),
(87, 7, 7, 44, 1, '2021-06-10 08:25:03', '27.6.50.95', 1),
(88, 7, 7, 26, 1, '2021-06-10 08:25:03', '27.6.50.95', 1),
(89, 7, 8, 27, 1, '2021-06-10 08:25:03', '27.6.50.95', 1),
(90, 7, 8, 28, 1, '2021-06-10 08:25:03', '27.6.50.95', 0),
(91, 7, 8, 42, 1, '2021-06-10 08:25:03', '27.6.50.95', 0),
(92, 7, 8, 29, 1, '2021-06-10 08:25:03', '27.6.50.95', 0),
(93, 7, 8, 30, 1, '2021-06-10 08:25:03', '27.6.50.95', 0),
(94, 8, 4, 13, 1, '2021-06-10 08:26:04', '27.6.50.95', 1),
(95, 8, 4, 38, 1, '2021-06-10 08:26:04', '27.6.50.95', 1),
(96, 8, 7, 45, 1, '2021-06-10 08:26:04', '27.6.50.95', 1),
(97, 8, 1, 1, 1, '2021-06-10 08:26:04', '27.6.50.95', 1),
(98, 8, 7, 43, 1, '2021-06-10 08:26:04', '27.6.50.95', 1),
(99, 8, 7, 44, 1, '2021-06-10 08:26:04', '27.6.50.95', 1),
(100, 8, 7, 26, 1, '2021-06-10 08:26:04', '27.6.50.95', 1),
(101, 8, 8, 27, 1, '2021-06-10 08:26:04', '27.6.50.95', 0),
(102, 8, 8, 28, 1, '2021-06-10 08:26:04', '27.6.50.95', 0),
(103, 8, 8, 42, 1, '2021-06-10 08:26:04', '27.6.50.95', 0),
(104, 8, 8, 29, 1, '2021-06-10 08:26:04', '27.6.50.95', 0),
(105, 8, 8, 30, 1, '2021-06-10 08:26:04', '27.6.50.95', 0),
(106, 9, 4, 13, 1, '2021-06-10 08:27:16', '27.6.50.95', 1),
(107, 9, 4, 38, 1, '2021-06-10 08:27:16', '27.6.50.95', 1),
(108, 9, 7, 45, 1, '2021-06-10 08:27:16', '27.6.50.95', 1),
(109, 9, 1, 1, 1, '2021-06-10 08:27:16', '27.6.50.95', 1),
(110, 9, 7, 43, 1, '2021-06-10 08:27:16', '27.6.50.95', 1),
(111, 9, 7, 44, 1, '2021-06-10 08:27:16', '27.6.50.95', 1),
(112, 9, 7, 26, 1, '2021-06-10 08:27:16', '27.6.50.95', 1),
(113, 5, 8, 27, 1, '2021-06-10 10:04:17', '27.6.50.95', 1),
(114, 10, 4, 13, 1, '2021-06-15 03:12:20', '27.6.50.95', 1),
(115, 10, 7, 45, 1, '2021-06-15 03:12:20', '27.6.50.95', 1),
(116, 10, 7, 43, 1, '2021-06-15 03:12:20', '27.6.50.95', 1),
(117, 10, 7, 44, 1, '2021-06-15 03:12:20', '27.6.50.95', 1),
(118, 10, 7, 26, 1, '2021-06-15 03:12:20', '27.6.50.95', 1),
(119, 2, 2, 2, 1, '2021-06-21 11:40:33', '27.6.50.193', 1),
(120, 3, 2, 2, 1, '2021-06-21 11:40:35', '27.6.50.193', 1),
(121, 1, 9, 46, 1, '2024-11-01 10:30:04', '103.75.43.112', 1),
(122, 1, 9, 47, 1, '2024-11-01 10:30:04', '103.75.43.112', 0),
(126, 8, 9, 46, 1, '2024-11-01 10:30:04', '103.75.43.112', 1),
(127, 8, 9, 47, 1, '2024-11-01 10:30:04', '103.75.43.112', 0),
(128, 1, 10, NULL, 1, '2024-11-01 10:30:04', '103.75.43.112', 1),
(129, 8, 10, NULL, 1, '2024-11-01 10:30:04', '103.75.43.112', 1),
(130, 7, 9, 47, 1, '2025-02-12 16:12:56', '49.43.235.238', 0),
(131, 8, 9, 47, 1, '2025-02-12 16:13:07', '49.43.235.238', 0),
(132, 7, 9, 46, 1, '2025-02-12 17:08:14', '49.43.235.238', 1),
(133, 7, 9, 47, 1, '2025-02-12 17:08:18', '49.43.235.238', 0),
(134, 7, 10, NULL, 1, '2025-03-10 07:08:04', '117.255.168.71', 1),
(135, 9, 1, 1, 1, '2021-06-10 08:25:03', '27.6.50.95', 1),
(136, 9, 4, 13, 1, '2021-06-10 08:25:03', '27.6.50.95', 1),
(137, 9, 4, 38, 1, '2021-06-10 08:25:03', '27.6.50.95', 1),
(138, 9, 7, 45, 1, '2021-06-10 08:25:03', '27.6.50.95', 1),
(139, 9, 7, 43, 1, '2021-06-10 08:25:03', '27.6.50.95', 1),
(140, 9, 7, 44, 1, '2021-06-10 08:25:03', '27.6.50.95', 1),
(141, 9, 7, 26, 1, '2021-06-10 08:25:03', '27.6.50.95', 1),
(142, 9, 8, 27, 1, '2021-06-10 08:25:03', '27.6.50.95', 1),
(143, 9, 8, 28, 1, '2021-06-10 08:25:03', '27.6.50.95', 0),
(144, 9, 8, 29, 1, '2021-06-10 08:25:03', '27.6.50.95', 0),
(145, 9, 8, 30, 1, '2021-06-10 08:25:03', '27.6.50.95', 0),
(146, 9, 9, 46, 1, '2025-02-12 17:08:14', '49.43.235.238', 1),
(147, 9, 10, NULL, 1, '2025-03-10 07:08:04', '117.255.168.71', 1),
(148, 8, 8, 27, 1, '2025-05-13 06:38:42', '103.87.95.209', 0),
(149, 6, 1, 1, 1, '2021-06-10 08:27:16', '27.6.50.95', 1),
(150, 6, 1, 1, 1, '2021-06-10 08:25:03', '27.6.50.95', 1),
(151, 6, 4, 38, 1, '2021-06-10 08:27:16', '27.6.50.95', 1),
(152, 6, 4, 13, 1, '2021-06-10 08:27:16', '27.6.50.95', 1),
(153, 6, 4, 13, 1, '2021-06-10 08:25:03', '27.6.50.95', 1),
(154, 6, 4, 38, 1, '2021-06-10 08:25:03', '27.6.50.95', 1),
(155, 6, 7, 45, 1, '2021-06-10 08:25:03', '27.6.50.95', 1),
(156, 6, 7, 26, 1, '2021-06-10 08:25:03', '27.6.50.95', 1),
(157, 6, 7, 44, 1, '2021-06-10 08:25:03', '27.6.50.95', 1),
(158, 6, 7, 43, 1, '2021-06-10 08:25:03', '27.6.50.95', 1),
(159, 6, 7, 26, 1, '2021-06-10 08:27:16', '27.6.50.95', 1),
(160, 6, 7, 44, 1, '2021-06-10 08:27:16', '27.6.50.95', 1),
(161, 6, 7, 43, 1, '2021-06-10 08:27:16', '27.6.50.95', 1),
(162, 6, 7, 45, 1, '2021-06-10 08:27:16', '27.6.50.95', 1),
(163, 6, 8, 27, 1, '2021-06-10 08:25:03', '27.6.50.95', 1),
(164, 6, 8, 28, 1, '2021-06-10 08:25:03', '27.6.50.95', 0),
(165, 6, 8, 29, 1, '2021-06-10 08:25:03', '27.6.50.95', 1),
(166, 6, 8, 30, 1, '2021-06-10 08:25:03', '27.6.50.95', 0),
(167, 6, 9, 46, 1, '2025-02-12 17:08:14', '49.43.235.238', 1),
(168, 6, 10, NULL, 1, '2025-03-10 07:08:04', '117.255.168.71', 1),
(169, 8, 8, 29, 1, '2026-03-16 07:24:41', '122.171.111.55', 0);

-- --------------------------------------------------------

--
-- Table structure for table `tbl_users`
--

DROP TABLE IF EXISTS `tbl_users`;
CREATE TABLE IF NOT EXISTS `tbl_users` (
  `user_id` int UNSIGNED NOT NULL AUTO_INCREMENT,
  `username` varchar(100) CHARACTER SET utf8mb3 COLLATE utf8mb3_general_ci DEFAULT NULL,
  `email_id` varchar(255) CHARACTER SET utf8mb3 COLLATE utf8mb3_general_ci DEFAULT NULL,
  `password` text CHARACTER SET utf8mb3 COLLATE utf8mb3_general_ci,
  `salt` text CHARACTER SET utf8mb3 COLLATE utf8mb3_general_ci,
  `first_name` varchar(100) CHARACTER SET utf8mb3 COLLATE utf8mb3_general_ci DEFAULT NULL,
  `last_name` varchar(100) CHARACTER SET utf8mb3 COLLATE utf8mb3_general_ci DEFAULT NULL,
  `mobile_number` varchar(100) CHARACTER SET utf8mb3 COLLATE utf8mb3_general_ci DEFAULT NULL,
  `designation` text CHARACTER SET utf8mb3 COLLATE utf8mb3_general_ci,
  `role_id` int UNSIGNED DEFAULT NULL,
  `forgot_pass` text CHARACTER SET utf8mb3 COLLATE utf8mb3_general_ci,
  `added_by` int UNSIGNED DEFAULT NULL,
  `added_datetime` datetime DEFAULT NULL,
  `ip_address` varchar(100) CHARACTER SET utf8mb3 COLLATE utf8mb3_general_ci DEFAULT NULL,
  `status` tinyint(1) DEFAULT '1',
  PRIMARY KEY (`user_id`),
  KEY `role_id` (`role_id`),
  KEY `added_by` (`added_by`)
) ENGINE=InnoDB AUTO_INCREMENT=373 DEFAULT CHARSET=latin1;

--
-- Dumping data for table `tbl_users`
--

INSERT INTO `tbl_users` (`user_id`, `username`, `email_id`, `password`, `salt`, `first_name`, `last_name`, `mobile_number`, `designation`, `role_id`, `forgot_pass`, `added_by`, `added_datetime`, `ip_address`, `status`) VALUES
(1, 'productadmin', 'production@unmiti.com', '49350f02f162b2bae4abbfc0d0facd2589462ed9a6cdbf309af333619f5f9e6d', '2391da122cce0a8c1cd44c5a7f4e6ca723981b8a370c6f3502f7d37fe5fd2376', 'Product', 'Admin', NULL, NULL, 1, NULL, NULL, '2026-04-22 14:56:11', '127.0.0.1', 1),
(349, 'demouser', 'productdemo@unmiti.com', 'e72d7f760cecd5da9f47aa585f11e0fb49d6c0201239bacbfc1c21609af818b3', 'ae6513773604863d31d1a806efccb5500c6284f499ab8666bd1369cf8fbe3dd0', 'Demo', 'User', NULL, NULL, 1, NULL, NULL, '2026-04-22 14:56:11', '127.0.0.1', 1);

-- --------------------------------------------------------

--
-- Table structure for table `tbl_user_account_group`
--

DROP TABLE IF EXISTS `tbl_user_account_group`;
CREATE TABLE IF NOT EXISTS `tbl_user_account_group` (
  `id` int NOT NULL AUTO_INCREMENT,
  `user_id` int UNSIGNED DEFAULT NULL,
  `account_group_id` int DEFAULT NULL,
  `house_bank_id` int DEFAULT NULL,
  `UNIT_ID` int DEFAULT NULL,
  `added_by` int UNSIGNED DEFAULT NULL,
  `added_datetime` datetime DEFAULT NULL,
  `ip_address` varchar(100) CHARACTER SET utf8mb3 COLLATE utf8mb3_general_ci DEFAULT NULL,
  `status` tinyint(1) DEFAULT '1',
  PRIMARY KEY (`id`)
) ENGINE=InnoDB AUTO_INCREMENT=13 DEFAULT CHARSET=latin1;

-- --------------------------------------------------------

--
-- Table structure for table `tbl_user_projects_sites`
--

DROP TABLE IF EXISTS `tbl_user_projects_sites`;
CREATE TABLE IF NOT EXISTS `tbl_user_projects_sites` (
  `id` int NOT NULL AUTO_INCREMENT,
  `user_id` int DEFAULT NULL,
  `country_id` int DEFAULT NULL,
  `project_id` int DEFAULT NULL,
  `site_id` int DEFAULT NULL,
  `added_by` int DEFAULT NULL,
  `added_datetime` int DEFAULT NULL,
  `ip_address` varchar(100) CHARACTER SET utf8mb3 COLLATE utf8mb3_general_ci DEFAULT NULL,
  `status` tinyint(1) DEFAULT '1',
  PRIMARY KEY (`id`)
) ENGINE=InnoDB DEFAULT CHARSET=utf8mb4 COLLATE=utf8mb4_0900_ai_ci;

-- --------------------------------------------------------

--
-- Table structure for table `tbl_user_unit_location`
--

DROP TABLE IF EXISTS `tbl_user_unit_location`;
CREATE TABLE IF NOT EXISTS `tbl_user_unit_location` (
  `id` int UNSIGNED NOT NULL AUTO_INCREMENT,
  `user_id` int UNSIGNED DEFAULT NULL,
  `world_region_id` int DEFAULT NULL,
  `major_region_id` int DEFAULT NULL,
  `country_id` int DEFAULT NULL,
  `state_id` int DEFAULT NULL,
  `district_id` int DEFAULT NULL,
  `project_id` int DEFAULT NULL,
  `site_id` int DEFAULT NULL,
  `added_by` int DEFAULT NULL,
  `added_datetime` datetime DEFAULT NULL,
  `ip_address` varchar(100) CHARACTER SET utf8mb3 COLLATE utf8mb3_general_ci DEFAULT NULL,
  `status` tinyint(1) DEFAULT '1',
  PRIMARY KEY (`id`)
) ENGINE=InnoDB DEFAULT CHARSET=latin1;

--
-- Constraints for dumped tables
--

--
-- Constraints for table `tbl_users`
--
ALTER TABLE `tbl_users`
  ADD CONSTRAINT `tbl_users_ibfk_1` FOREIGN KEY (`role_id`) REFERENCES `tbl_role` (`role_id`) ON UPDATE CASCADE,
  ADD CONSTRAINT `tbl_users_ibfk_2` FOREIGN KEY (`added_by`) REFERENCES `tbl_users` (`user_id`) ON UPDATE CASCADE;
COMMIT;

/*!40101 SET CHARACTER_SET_CLIENT=@OLD_CHARACTER_SET_CLIENT */;
/*!40101 SET CHARACTER_SET_RESULTS=@OLD_CHARACTER_SET_RESULTS */;
/*!40101 SET COLLATION_CONNECTION=@OLD_COLLATION_CONNECTION */;
